sample_id,ph,nitrogen_ppm,phosphorus_ppm,potassium_ppm,organic_matter_percent,ec,drainage_class,texture_class,area_dekar,slope_percent,irrigation_type,water_source,elevation_meters,variety,previous_crop,first_hemp_season,avg_temp,seasonal_rainfall_mm,avg_humidity,avg_solar_radiation,rotation_n_credit,rec_nitrogen_kg_dekar,rec_phosphorus_kg_dekar,rec_potassium_kg_dekar,rec_irrigation_mm_week,expected_yield_ton_dekar,suitable
0,6.92,16.6,18.2,109.1,5.05,2.74,poor,silty clay loam,264.7,1.1,sprinkler,river,565.8,narli,fallow,1,25.5,422.5,46.0,18.2,1.0,0.0,0.0,0.0,7.293,0.361,1
1,7.87,36.9,11.4,81.3,5.66,2.45,poor,clay loam,331.0,21.4,none,well,616.2,other,fallow,0,17.8,246.1,38.5,19.3,1.0,0.0,0.573,0.0,0.0,0.122,0
2,6.14,44.5,38.9,95.8,2.95,2.71,poor,silty clay loam,388.3,12.0,sprinkler,river,519.2,vezir,other,0,13.9,312.1,73.4,10.8,0.0,0.0,0.0,0.0,14.139,0.318,0
3,7.15,28.8,26.5,254.6,4.54,0.66,moderate,loam,452.1,12.1,none,rain,411.0,narli,fallow,0,28.4,580.6,42.6,12.2,1.0,0.0,0.0,0.0,0.0,0.429,1
4,6.4,31.3,28.5,267.3,4.74,0.55,good,silt loam,84.7,9.8,none,well,1050.1,other,sunflower,0,28.6,403.8,40.3,18.8,0.5,0.0,0.0,0.0,0.0,0.578,1
5,7.77,74.7,30.2,167.5,1.62,1.52,good,loam,53.6,19.4,drip,well,810.5,narli,fallow,0,11.5,387.6,62.5,13.7,1.0,0.0,0.0,0.0,9.112,0.285,0
6,7.19,28.1,19.5,278.9,4.57,1.81,excellent,sandy loam,163.8,1.9,drip,river,655.5,narli,legume,0,9.6,183.7,36.6,14.6,3.0,0.0,0.0,0.0,17.543,0.438,1
7,6.73,30.8,25.5,149.6,1.52,2.67,good,clay loam,258.4,19.1,drip,well,85.5,other,sunflower,0,11.0,245.8,61.8,12.0,0.5,0.0,0.0,0.0,15.17,0.272,0
8,7.42,70.6,11.6,203.5,3.97,0.16,poor,loam,116.5,10.9,sprinkler,rain,994.6,narli,hemp,1,18.5,613.3,74.3,14.0,-1.0,0.0,0.418,0.0,0.0,0.268,0
9,5.65,18.8,35.2,73.4,2.72,0.3,excellent,silty clay loam,553.2,11.9,drip,well,939.4,narli,fallow,1,31.3,351.9,82.1,18.0,1.0,0.0,0.0,0.0,11.654,0.378,1
10,6.7,35.6,17.6,207.3,2.73,1.14,moderate,silt loam,285.2,20.5,drip,well,514.9,other,legume,1,13.8,282.6,81.7,22.3,3.0,0.0,0.0,0.0,15.321,0.262,0
11,7.96,57.5,8.3,239.8,2.65,2.69,moderate,silt loam,86.9,2.8,sprinkler,municipal,324.3,narli,other,1,26.6,576.5,60.3,13.5,0.0,0.0,1.801,0.0,0.989,0.323,1
12,5.13,36.7,12.8,275.6,1.89,1.82,excellent,silty clay loam,25.6,2.1,sprinkler,well,921.4,other,fallow,1,11.4,304.1,79.9,21.1,1.0,0.0,0.007,0.0,15.27,0.413,1
13,7.65,41.4,31.0,94.0,6.11,3.47,moderate,clay loam,34.4,16.3,flood,rain,886.4,other,cereal,1,29.3,204.0,78.6,22.0,0.0,0.0,0.0,0.0,24.767,0.222,0
14,7.39,29.8,8.9,102.5,2.81,3.47,good,silt loam,392.1,9.1,flood,well,144.6,vezir,cereal,0,34.6,169.1,64.8,14.8,0.0,0.0,1.401,0.0,29.236,0.229,0
15,5.13,43.3,27.2,237.4,4.78,3.77,moderate,silt loam,270.2,20.9,flood,municipal,736.5,narli,other,0,21.7,483.4,51.3,19.8,0.0,0.0,0.0,0.0,7.555,0.205,0
16,7.24,26.3,29.1,149.3,5.59,1.29,moderate,clay loam,475.7,13.5,flood,rain,497.1,other,cereal,0,29.4,629.9,71.8,19.2,0.0,0.0,0.0,0.0,0.0,0.313,0
17,5.93,67.4,13.5,70.2,6.41,2.48,poor,clay loam,260.4,14.0,sprinkler,rain,553.9,narli,cereal,0,8.1,525.5,73.5,11.5,0.0,0.0,0.0,0.0,3.999,0.157,0
18,5.15,31.2,39.4,160.4,5.41,2.7,good,clay loam,375.3,16.0,none,rain,989.0,other,hemp,0,28.3,569.9,48.9,20.9,-1.0,0.0,0.0,0.0,0.0,0.267,0
19,7.68,20.2,13.6,144.3,1.84,0.93,excellent,clay loam,211.9,10.5,drip,river,919.5,vezir,fallow,0,8.5,590.3,63.8,16.7,1.0,0.0,0.0,0.0,0.339,0.346,0
20,7.51,50.0,35.2,236.0,5.94,2.0,good,clay loam,301.7,8.9,none,river,927.7,narli,fallow,0,32.5,445.9,68.1,11.2,1.0,0.0,0.0,0.0,0.0,0.293,1
21,6.01,72.2,18.3,269.3,3.32,3.36,excellent,sandy loam,454.4,1.6,flood,river,722.2,other,legume,0,33.6,249.7,36.0,12.1,3.0,0.0,0.0,0.0,22.343,0.296,1
22,7.1,64.8,14.2,193.6,5.11,0.55,moderate,silt loam,82.7,1.1,flood,rain,448.4,other,cereal,1,26.6,463.6,40.1,20.8,0.0,0.0,0.0,0.0,11.142,0.49,1
23,6.29,39.1,26.7,135.1,5.67,3.31,poor,clay loam,577.3,14.2,none,river,490.3,other,fallow,0,15.3,554.1,61.9,16.8,1.0,0.0,0.0,0.0,0.0,0.315,0
24,7.49,20.6,40.6,113.6,3.56,2.48,excellent,silt loam,36.6,18.8,sprinkler,rain,249.1,vezir,sunflower,1,24.1,590.1,62.8,17.2,0.5,0.0,0.0,0.0,0.51,0.352,1
25,7.14,44.1,8.6,124.7,3.22,1.05,good,clay loam,341.0,7.9,flood,municipal,779.1,vezir,sunflower,1,11.3,246.3,41.0,17.5,0.5,0.0,1.652,0.0,24.698,0.55,1
26,7.17,78.5,27.4,122.3,1.55,0.86,moderate,silt loam,124.1,0.8,sprinkler,municipal,69.2,narli,fallow,1,33.5,468.9,72.6,11.4,1.0,0.0,0.0,0.0,6.38,0.271,0
27,7.59,22.4,10.4,168.2,4.17,2.78,moderate,loam,490.5,20.9,drip,river,147.9,vezir,fallow,0,24.7,537.8,54.0,22.7,1.0,0.0,0.914,0.0,2.289,0.274,0
28,5.18,77.4,11.7,227.8,4.44,1.13,poor,loam,159.1,12.4,sprinkler,well,461.2,other,fallow,0,8.9,294.1,49.1,22.0,1.0,0.0,0.448,0.0,17.299,0.103,0
29,5.59,22.5,16.3,92.8,2.46,0.65,poor,loam,479.7,13.3,flood,rain,154.3,other,sunflower,0,33.5,400.2,59.7,11.1,0.5,0.0,0.0,0.0,13.169,0.119,0
30,5.27,77.5,38.9,186.5,6.23,4.0,good,silty clay loam,43.3,16.8,none,rain,1009.4,narli,fallow,0,30.0,634.5,58.5,15.7,1.0,0.0,0.0,0.0,0.0,0.206,0
31,6.2,64.4,9.4,79.4,2.39,0.55,excellent,silty clay loam,498.5,0.5,none,rain,78.5,other,sunflower,0,21.5,371.0,37.6,13.7,0.5,0.0,1.394,0.0,0.0,0.587,1
32,5.09,56.0,37.6,216.2,2.71,0.15,excellent,sandy loam,150.3,18.6,drip,rain,1042.8,other,cereal,0,27.3,404.4,48.7,21.7,0.0,0.0,0.0,0.0,7.896,0.291,0
33,7.64,71.2,18.2,233.8,3.28,3.74,good,sandy loam,184.0,6.9,none,river,502.3,vezir,sunflower,1,28.6,338.6,81.6,22.2,0.5,0.0,0.0,0.0,0.0,0.531,1
34,6.23,35.7,25.5,261.0,3.1,3.95,moderate,clay loam,579.6,3.2,flood,well,964.1,vezir,legume,0,20.3,511.2,55.5,19.2,3.0,0.0,0.0,0.0,5.949,0.488,1
35,7.56,70.4,39.8,143.6,2.74,2.9,excellent,silty clay loam,40.8,2.0,flood,river,826.5,vezir,legume,0,27.0,200.3,43.3,14.2,3.0,0.0,0.0,0.0,29.662,0.59,1
36,6.29,30.9,23.2,210.0,1.99,0.78,excellent,silty clay loam,416.2,11.2,sprinkler,river,518.0,vezir,hemp,1,8.3,552.3,80.1,19.5,-1.0,0.0,0.0,0.0,2.545,0.327,1
37,5.75,69.9,15.4,144.6,3.66,1.03,good,silty clay loam,191.6,15.5,drip,rain,316.4,other,other,0,34.3,605.3,72.3,21.7,0.0,0.0,0.0,0.0,0.0,0.199,0
38,5.66,27.4,17.3,226.2,5.22,2.76,moderate,sandy loam,544.0,14.4,flood,rain,56.0,vezir,other,1,32.6,313.4,55.8,12.8,0.0,0.0,0.0,0.0,21.263,0.186,0
39,7.74,76.4,43.8,124.9,5.79,3.24,excellent,sandy loam,101.6,21.3,none,municipal,117.5,vezir,legume,1,11.3,334.3,72.5,13.7,3.0,0.0,0.0,0.0,0.0,0.28,0
40,6.41,55.3,42.9,132.2,4.36,2.63,excellent,silt loam,396.6,3.0,drip,well,348.7,vezir,legume,1,32.0,217.8,57.7,19.4,3.0,0.0,0.0,0.0,17.201,0.438,1
41,5.3,46.8,23.1,269.3,1.18,1.55,excellent,clay loam,571.3,18.9,drip,municipal,608.0,other,sunflower,1,15.4,634.1,82.5,21.5,0.5,0.0,0.0,0.0,0.0,0.222,0
42,5.15,36.7,44.6,233.1,2.13,3.34,moderate,silty clay loam,145.3,19.2,flood,river,871.7,other,legume,1,34.6,643.8,62.0,21.2,3.0,0.0,0.0,0.0,0.0,0.085,0
43,5.05,32.2,12.7,152.6,1.63,0.35,excellent,silt loam,317.7,2.8,sprinkler,well,805.4,other,fallow,1,25.4,165.6,84.9,21.9,1.0,0.0,0.045,0.0,20.355,0.378,1
44,7.7,35.9,13.5,87.8,4.43,2.38,good,clay loam,596.9,11.9,none,rain,127.1,other,legume,0,25.6,534.5,71.0,13.0,3.0,0.0,0.0,0.0,0.0,0.393,1
45,6.28,58.2,21.8,93.6,6.08,0.36,poor,sandy loam,270.5,16.5,flood,river,620.9,other,fallow,0,26.1,355.4,78.7,23.2,1.0,0.0,0.0,0.0,17.98,0.231,0
46,5.94,21.7,26.8,94.0,3.65,3.4,good,silty clay loam,233.2,16.9,sprinkler,rain,932.8,other,fallow,0,23.0,454.5,67.9,19.7,1.0,0.0,0.0,0.0,5.422,0.372,1
47,5.43,57.7,10.6,223.0,6.34,0.46,moderate,clay loam,263.5,7.8,flood,municipal,799.3,other,fallow,1,9.4,228.7,65.9,19.4,1.0,0.0,0.852,0.0,22.592,0.266,0
48,5.82,64.1,12.2,154.6,2.56,2.75,excellent,silty clay loam,406.9,1.5,none,well,28.3,vezir,cereal,0,28.6,294.7,41.0,17.0,0.0,0.0,0.246,0.0,0.0,0.465,1
49,6.06,40.8,35.5,156.0,3.53,0.4,good,silty clay loam,269.0,9.2,none,municipal,144.4,narli,sunflower,1,33.6,380.0,69.5,15.1,0.5,0.0,0.0,0.0,0.0,0.321,1
50,5.24,71.6,35.6,108.7,5.29,0.4,poor,silty clay loam,315.8,20.0,flood,municipal,805.6,other,cereal,1,12.0,248.6,65.1,20.6,0.0,0.0,0.0,0.0,21.191,0.123,0
51,6.35,75.1,28.9,199.8,4.43,3.47,good,loam,275.1,10.6,flood,municipal,658.7,vezir,fallow,1,20.5,168.8,53.4,14.0,1.0,0.0,0.0,0.0,32.729,0.633,1
52,6.15,52.7,43.3,222.6,1.23,3.65,moderate,silt loam,370.9,11.3,drip,rain,131.8,vezir,other,1,25.4,169.6,70.4,23.9,0.0,0.0,0.0,0.0,20.96,0.38,1
53,7.04,18.4,31.3,133.6,2.81,2.28,excellent,silt loam,166.2,18.8,sprinkler,municipal,108.0,other,cereal,0,16.4,478.0,68.1,11.8,0.0,0.0,0.0,0.0,5.08,0.36,1
54,5.99,23.3,34.0,268.4,6.48,3.66,poor,clay loam,314.9,0.9,flood,river,1047.3,vezir,hemp,1,35.0,227.5,49.8,21.0,-1.0,0.0,0.0,0.0,22.3,0.112,0
55,6.85,53.8,13.7,99.8,4.81,2.54,moderate,clay loam,45.3,8.3,sprinkler,rain,679.4,other,hemp,1,14.5,632.8,74.2,22.7,-1.0,0.0,0.0,0.0,0.0,0.447,1
56,7.31,65.6,26.6,152.1,1.89,0.88,moderate,silt loam,50.3,10.8,flood,well,788.3,other,legume,1,28.6,286.4,80.3,12.1,3.0,0.0,0.0,0.0,23.688,0.341,1
57,5.16,47.6,16.7,278.8,3.06,0.21,poor,silt loam,479.0,3.5,flood,rain,771.8,narli,other,0,24.6,602.9,36.0,13.0,0.0,0.0,0.0,0.0,0.0,0.244,0
58,7.33,30.4,12.5,112.5,4.51,2.53,poor,sandy loam,505.3,11.2,drip,river,796.0,vezir,hemp,1,17.5,435.3,44.4,19.4,-1.0,0.0,0.124,0.0,6.614,0.29,0
59,5.06,71.8,9.6,145.1,3.05,3.01,good,sandy loam,220.0,16.3,drip,municipal,164.1,vezir,fallow,1,25.4,565.2,69.2,23.7,1.0,0.0,1.193,0.0,1.602,0.333,0
60,7.83,17.4,15.5,234.0,5.87,1.33,good,silty clay loam,251.0,18.0,none,municipal,59.6,other,cereal,1,31.3,173.9,67.8,13.8,0.0,0.0,0.0,0.0,0.0,0.202,0
61,5.56,60.0,21.6,235.4,2.47,0.42,excellent,sandy loam,269.8,21.9,sprinkler,municipal,366.9,narli,sunflower,0,16.3,451.3,56.3,19.7,0.5,0.0,0.0,0.0,7.605,0.334,1
62,7.99,32.8,44.3,268.5,1.41,2.59,good,silty clay loam,484.6,15.1,drip,river,936.6,other,hemp,1,9.8,539.3,53.3,15.4,-1.0,0.0,0.0,0.0,1.973,0.184,0
63,6.72,49.4,22.7,202.9,2.37,0.54,moderate,clay loam,320.3,20.1,drip,municipal,857.0,other,hemp,1,24.5,497.0,84.9,12.8,-1.0,0.0,0.0,0.0,4.609,0.346,0
64,7.99,67.7,43.8,277.0,4.67,2.87,good,silt loam,513.8,15.8,sprinkler,municipal,569.5,narli,cereal,0,14.4,397.0,53.0,18.0,0.0,0.0,0.0,0.0,11.235,0.353,1
65,7.15,46.1,23.2,150.1,4.16,0.59,good,sandy loam,281.0,15.1,flood,river,968.2,other,other,0,28.7,214.5,60.1,22.2,0.0,0.0,0.0,0.0,25.763,0.389,1
66,7.8,29.7,43.1,174.2,2.56,0.41,moderate,silty clay loam,179.2,13.9,drip,river,659.2,other,cereal,1,24.9,601.0,51.9,22.9,0.0,0.0,0.0,0.0,0.0,0.29,0
67,5.63,52.2,30.9,66.7,5.89,2.23,good,clay loam,162.0,17.9,none,municipal,509.8,other,legume,1,19.2,382.2,52.0,12.0,3.0,0.0,0.0,0.0,0.0,0.322,1
68,6.2,64.4,27.1,83.4,2.33,0.58,excellent,loam,101.7,1.6,none,rain,288.1,narli,sunflower,0,27.5,244.9,43.0,23.9,0.5,0.0,0.0,0.0,0.0,0.616,1
69,5.72,52.9,9.8,121.9,4.29,3.39,excellent,silt loam,331.3,18.7,none,river,973.1,other,sunflower,0,17.9,350.3,63.5,12.7,0.5,0.0,1.143,0.0,0.0,0.349,1
70,5.84,79.3,33.2,86.1,6.36,1.64,good,silty clay loam,564.6,16.7,sprinkler,rain,560.1,narli,legume,1,17.0,386.9,57.8,18.5,3.0,0.0,0.0,0.0,9.847,0.503,1
71,5.9,36.9,38.6,177.1,4.9,1.27,poor,silt loam,212.1,2.9,none,municipal,880.5,other,other,0,24.1,282.8,67.8,23.6,0.0,0.0,0.0,0.0,0.0,0.342,1
72,6.57,61.9,36.7,143.6,5.52,1.04,poor,loam,31.0,7.2,sprinkler,rain,765.7,vezir,fallow,0,32.9,586.4,71.8,10.9,1.0,0.0,0.0,0.0,0.74,0.169,0
73,5.52,74.3,20.7,137.9,5.25,2.91,good,silty clay loam,300.8,21.1,flood,municipal,262.9,vezir,sunflower,0,26.6,394.5,59.0,17.8,0.5,0.0,0.0,0.0,13.581,0.374,1
74,6.63,73.2,22.6,135.9,5.25,0.67,poor,silt loam,574.1,2.2,none,municipal,827.1,narli,cereal,0,15.3,431.0,48.6,11.5,0.0,0.0,0.0,0.0,0.0,0.38,1
75,5.3,36.5,25.5,209.9,1.76,3.86,moderate,clay loam,398.7,19.4,none,rain,722.6,vezir,sunflower,1,9.6,534.4,67.6,13.3,0.5,0.0,0.0,0.0,0.0,0.169,0
76,6.25,69.4,42.6,68.0,5.6,3.17,moderate,silt loam,528.5,0.7,drip,municipal,327.3,other,fallow,0,32.0,217.1,60.2,13.8,1.0,0.0,0.0,0.0,13.664,0.295,0
77,6.01,34.2,33.0,102.5,4.36,2.59,excellent,clay loam,318.9,2.4,drip,river,1080.2,vezir,sunflower,0,8.2,341.8,57.3,13.7,0.5,0.0,0.0,0.0,10.007,0.387,1
78,6.08,30.4,32.7,162.4,1.88,2.78,good,sandy loam,390.5,20.7,flood,river,256.7,narli,hemp,1,28.2,452.9,55.8,17.7,-1.0,0.0,0.0,0.0,9.426,0.371,1
79,7.62,20.3,24.5,214.8,1.43,2.3,poor,silty clay loam,543.7,4.8,sprinkler,river,374.4,other,hemp,1,13.5,441.6,39.5,17.1,-1.0,2.521,0.0,0.0,6.777,0.249,0
80,5.17,45.1,37.9,219.1,3.18,3.28,moderate,silty clay loam,62.4,9.6,drip,well,1029.3,narli,hemp,1,19.0,534.5,73.3,23.7,-1.0,0.0,0.0,0.0,2.717,0.427,1
81,6.13,59.4,32.5,178.6,4.59,1.46,moderate,silty clay loam,248.0,3.2,sprinkler,well,836.7,vezir,hemp,0,22.7,416.0,76.2,13.5,-1.0,0.0,0.0,0.0,10.159,0.482,1
82,5.34,67.6,23.5,228.5,5.86,0.16,moderate,sandy loam,78.5,1.2,drip,river,819.8,vezir,hemp,1,13.9,581.9,37.8,17.1,-1.0,0.0,0.0,0.0,0.689,0.319,1
83,5.96,34.6,13.3,205.2,2.22,1.27,poor,silty clay loam,570.1,19.4,sprinkler,rain,620.3,narli,sunflower,0,26.1,542.9,50.9,15.8,0.5,0.0,0.0,0.0,2.754,0.192,0
84,7.55,34.5,34.2,237.3,6.03,2.29,excellent,silty clay loam,327.4,8.9,flood,river,376.7,narli,hemp,0,10.5,512.3,44.5,13.8,-1.0,0.0,0.0,0.0,5.704,0.427,1
85,6.68,46.2,40.2,133.3,6.26,0.16,moderate,sandy loam,453.2,16.7,sprinkler,river,448.4,narli,fallow,1,15.6,383.1,67.4,14.3,1.0,0.0,0.0,0.0,8.591,0.372,1
86,7.17,64.5,19.8,104.7,2.72,0.28,moderate,loam,29.4,12.4,none,municipal,184.6,vezir,cereal,1,30.5,399.7,67.7,19.6,0.0,0.0,0.0,0.0,0.0,0.271,0
87,7.38,26.0,34.7,167.4,6.04,2.21,poor,silty clay loam,39.6,18.7,drip,well,465.4,other,cereal,1,12.1,259.4,57.8,10.8,0.0,0.0,0.0,0.0,15.969,0.135,0
88,5.05,49.6,23.2,63.7,4.97,2.19,good,sandy loam,311.3,15.5,none,river,135.6,narli,fallow,1,13.2,413.2,75.8,13.7,1.0,0.0,0.0,0.0,0.0,0.309,0
89,7.05,70.1,32.2,248.8,5.18,0.46,excellent,clay loam,340.6,1.7,drip,river,109.3,vezir,other,0,23.3,579.0,39.8,17.4,0.0,0.0,0.0,0.0,0.999,0.548,1
90,6.43,18.0,10.8,263.6,5.95,2.3,poor,loam,558.7,7.3,sprinkler,river,832.4,other,hemp,0,16.1,432.0,63.3,21.9,-1.0,0.0,0.717,0.0,8.961,0.355,1
91,5.24,63.5,20.8,81.5,2.28,0.4,excellent,silt loam,37.2,6.4,none,rain,266.4,other,hemp,0,26.4,480.3,39.3,18.7,-1.0,0.0,0.0,0.0,0.0,0.492,1
92,7.14,56.2,35.4,129.7,1.59,0.12,good,clay loam,228.8,6.3,sprinkler,well,222.4,vezir,fallow,0,19.0,163.1,52.7,11.3,1.0,0.0,0.0,0.0,22.157,0.599,1
93,7.7,73.8,44.2,185.8,1.93,1.58,moderate,silt loam,194.7,11.1,drip,river,489.5,vezir,sunflower,0,10.1,275.8,47.3,18.8,0.5,0.0,0.0,0.0,14.409,0.27,0
94,7.85,36.6,30.9,236.9,2.81,1.41,moderate,silt loam,206.0,20.9,sprinkler,rain,359.3,vezir,sunflower,1,26.8,395.5,63.8,13.4,0.5,0.0,0.0,0.0,10.133,0.198,0
95,6.64,59.3,28.4,269.7,3.54,2.86,excellent,silt loam,502.1,2.0,none,rain,170.3,vezir,cereal,1,12.2,361.6,53.8,16.3,0.0,0.0,0.0,0.0,0.0,0.535,1
96,7.61,42.2,9.4,273.1,4.86,3.27,poor,sandy loam,466.0,14.6,flood,river,718.8,narli,fallow,0,26.3,349.8,72.6,23.5,1.0,0.0,1.341,0.0,19.096,0.19,0
97,6.73,44.0,22.5,229.9,4.24,2.05,good,sandy loam,300.0,6.9,drip,well,917.8,other,cereal,1,17.3,542.1,61.1,14.9,0.0,0.0,0.0,0.0,2.327,0.626,1
98,5.13,61.2,8.8,135.5,1.6,3.22,moderate,silty clay loam,121.2,3.9,none,rain,270.4,vezir,other,1,25.3,366.1,36.5,18.6,0.0,0.0,1.727,0.0,0.0,0.382,1
99,7.43,19.1,11.8,251.8,2.03,1.37,excellent,sandy loam,172.2,19.0,flood,rain,680.2,other,legume,1,30.8,458.7,75.7,19.9,3.0,0.0,0.385,0.0,10.079,0.244,0
100,5.35,34.8,14.8,212.6,3.81,1.73,moderate,silty clay loam,242.6,4.5,sprinkler,river,548.8,narli,cereal,1,20.2,176.8,53.0,10.1,0.0,0.0,0.0,0.0,19.802,0.345,1
101,6.25,69.6,26.1,78.2,1.17,3.07,good,sandy loam,179.4,12.1,sprinkler,rain,630.9,vezir,fallow,0,23.5,283.9,62.2,23.9,1.0,0.0,0.0,0.0,15.3,0.473,1
102,5.66,42.6,35.2,203.8,2.36,3.51,poor,clay loam,172.4,19.0,drip,rain,954.5,narli,cereal,1,27.9,494.6,78.1,18.5,0.0,0.0,0.0,0.0,3.606,0.194,0
103,6.6,53.8,14.2,275.4,2.61,2.33,poor,loam,578.4,17.4,drip,municipal,956.4,narli,other,0,14.7,505.7,76.4,20.7,0.0,0.0,0.0,0.0,3.654,0.22,0
104,6.24,44.4,31.4,253.6,1.51,2.11,good,silt loam,283.7,11.0,drip,well,809.4,vezir,other,0,17.7,181.7,61.7,13.0,0.0,0.0,0.0,0.0,20.679,0.525,1
105,6.7,46.5,20.7,210.2,1.27,0.49,excellent,sandy loam,92.1,18.9,none,rain,20.7,vezir,cereal,0,32.6,591.1,50.1,22.2,0.0,0.0,0.0,0.0,0.0,0.235,0
106,6.99,57.2,9.9,197.6,4.99,3.05,excellent,sandy loam,428.1,0.5,none,well,163.3,narli,fallow,0,8.3,497.8,75.9,23.8,1.0,0.0,1.162,0.0,0.0,0.426,1
107,5.94,72.3,13.1,230.2,5.14,0.62,moderate,sandy loam,327.7,0.7,sprinkler,rain,399.3,narli,other,0,32.8,458.0,57.1,13.0,0.0,0.0,0.0,0.0,7.617,0.325,0
108,6.05,42.9,37.3,114.5,4.55,1.07,good,sandy loam,511.8,14.7,flood,river,579.2,other,cereal,0,16.0,177.3,79.9,23.4,0.0,0.0,0.0,0.0,28.831,0.305,1
109,7.96,75.7,12.9,249.4,4.13,1.53,moderate,clay loam,573.6,17.1,drip,well,34.9,narli,legume,0,33.6,349.0,49.3,20.0,3.0,0.0,0.0,0.0,9.236,0.128,0
110,6.61,24.9,11.1,77.4,6.07,3.9,moderate,silty clay loam,209.5,13.1,drip,municipal,774.6,other,cereal,1,10.3,367.2,57.7,18.5,0.0,0.0,0.753,0.0,9.212,0.269,0
111,5.49,76.9,27.4,232.3,4.96,0.75,moderate,silt loam,445.1,3.0,drip,municipal,891.7,vezir,fallow,1,27.2,438.3,38.9,16.4,1.0,0.0,0.0,0.0,6.149,0.401,1
112,5.77,21.7,29.2,219.0,2.26,2.08,poor,sandy loam,161.8,10.6,none,river,213.3,narli,fallow,0,27.3,477.9,46.2,13.5,1.0,0.0,0.0,0.0,0.0,0.341,1
113,5.16,29.5,27.1,70.1,3.21,3.52,good,silt loam,209.8,12.4,drip,municipal,236.7,other,sunflower,0,14.5,334.1,83.6,24.0,0.5,0.0,0.0,0.0,9.188,0.327,1
114,5.45,75.6,8.9,179.1,4.5,2.8,poor,silt loam,20.8,14.6,flood,well,241.6,narli,hemp,0,9.6,648.5,70.6,11.3,-1.0,0.0,1.405,0.0,0.0,0.117,0
115,5.25,21.2,12.9,240.4,1.41,2.31,excellent,loam,157.3,6.1,flood,rain,776.8,other,sunflower,1,15.3,187.3,45.1,20.9,0.5,0.476,0.0,0.0,29.754,0.533,1
116,6.22,49.8,43.7,105.7,2.7,1.13,poor,sandy loam,111.4,15.3,drip,river,922.8,vezir,cereal,1,14.7,327.9,60.7,19.5,0.0,0.0,0.0,0.0,11.561,0.201,0
117,5.75,45.0,37.7,90.8,1.07,3.34,moderate,loam,134.9,9.1,drip,municipal,1010.8,narli,legume,0,13.3,473.0,75.5,11.3,3.0,0.0,0.0,0.0,6.199,0.513,1
118,5.15,75.1,24.0,219.4,3.73,1.59,excellent,loam,225.3,20.0,flood,municipal,501.7,narli,legume,0,24.7,473.6,59.9,22.4,3.0,0.0,0.0,0.0,9.221,0.262,1
119,5.75,79.6,28.1,64.3,3.1,2.88,excellent,silty clay loam,473.2,7.9,flood,rain,312.1,narli,sunflower,0,8.8,555.3,49.0,21.3,0.5,0.0,0.0,0.0,2.856,0.393,1
120,5.48,31.1,16.9,177.4,5.35,2.97,moderate,silty clay loam,511.0,17.6,flood,river,210.2,other,sunflower,0,26.8,607.0,36.4,19.8,0.5,0.0,0.0,0.0,0.0,0.31,0
121,6.48,35.1,26.1,79.9,2.28,0.95,excellent,sandy loam,212.4,13.7,sprinkler,municipal,794.3,vezir,legume,1,23.8,608.6,73.7,21.9,3.0,0.0,0.0,0.0,0.0,0.634,1
122,6.19,21.6,19.2,90.0,1.87,3.8,excellent,silt loam,121.0,21.3,flood,river,738.8,narli,hemp,1,26.6,213.7,71.4,23.3,-1.0,0.899,0.0,0.0,26.094,0.499,1
123,7.76,77.9,16.2,184.4,6.15,0.65,poor,loam,221.1,7.4,drip,municipal,502.4,vezir,cereal,1,9.8,278.3,40.4,10.0,0.0,0.0,0.0,0.0,16.137,0.181,0
124,6.48,39.6,28.2,82.3,3.64,3.47,moderate,loam,281.7,17.7,drip,municipal,41.7,vezir,legume,1,12.6,337.7,71.6,17.7,3.0,0.0,0.0,0.0,10.09,0.264,0
125,7.83,25.7,40.9,94.6,1.56,0.9,moderate,clay loam,424.4,16.0,flood,municipal,341.2,narli,legume,1,22.8,395.5,37.7,10.1,3.0,0.0,0.0,0.0,12.816,0.252,0
126,5.29,28.5,31.6,275.0,3.6,0.55,excellent,clay loam,303.7,14.7,drip,rain,219.7,vezir,sunflower,1,9.2,369.9,48.2,21.7,0.5,0.0,0.0,0.0,9.179,0.219,0
127,6.24,64.2,16.4,73.4,3.13,2.14,excellent,silty clay loam,531.4,10.7,drip,rain,995.0,other,legume,0,32.3,550.2,68.9,18.7,3.0,0.0,0.0,0.0,2.354,0.435,1
128,7.92,67.5,12.7,153.1,6.44,1.8,moderate,silty clay loam,169.6,20.1,drip,well,439.1,vezir,fallow,1,15.5,379.1,78.7,21.0,1.0,0.0,0.044,0.0,9.665,0.247,0
129,7.28,76.1,42.2,183.8,1.56,1.22,good,clay loam,173.2,14.6,none,well,206.0,vezir,cereal,0,26.4,350.9,54.8,22.3,0.0,0.0,0.0,0.0,0.0,0.445,1
130,6.12,37.0,37.4,128.4,5.64,3.45,poor,loam,97.9,21.4,none,municipal,311.0,vezir,fallow,0,13.1,255.7,76.2,20.4,1.0,0.0,0.0,0.0,0.0,0.201,0
131,6.52,23.8,39.5,253.5,1.16,0.85,moderate,sandy loam,164.7,10.3,flood,river,315.9,vezir,fallow,1,32.9,490.6,47.1,16.8,1.0,0.0,0.0,0.0,6.527,0.255,0
132,6.03,69.4,17.6,242.8,1.5,0.21,poor,loam,515.2,17.3,sprinkler,river,719.2,other,cereal,1,19.1,160.0,74.0,20.7,0.0,0.0,0.0,0.0,18.862,0.233,0
133,7.42,34.9,43.8,201.4,3.33,1.57,good,clay loam,166.2,10.5,none,well,27.9,other,sunflower,0,24.0,291.3,69.2,16.7,0.5,0.0,0.0,0.0,0.0,0.528,1
134,6.97,76.9,32.1,101.4,3.85,1.04,poor,silty clay loam,254.4,7.4,sprinkler,well,727.8,vezir,sunflower,0,18.9,518.4,64.2,23.9,0.5,0.0,0.0,0.0,3.341,0.326,1
135,7.82,38.3,19.1,97.4,4.62,2.28,good,sandy loam,293.1,16.4,sprinkler,municipal,726.8,narli,sunflower,1,31.5,360.2,79.3,15.2,0.5,0.0,0.0,0.0,11.812,0.225,0
136,6.9,52.7,31.0,163.9,2.07,0.57,excellent,silty clay loam,193.0,1.7,sprinkler,river,1091.7,vezir,hemp,0,32.1,643.3,42.2,22.1,-1.0,0.0,0.0,0.0,0.0,0.398,1
137,6.36,28.6,36.6,186.8,1.87,3.16,poor,loam,376.4,14.1,none,rain,1062.6,vezir,legume,1,13.4,336.6,35.7,14.5,3.0,0.0,0.0,0.0,0.0,0.207,0
138,5.75,60.1,20.7,88.4,3.11,2.4,moderate,sandy loam,497.8,6.9,flood,rain,806.1,other,fallow,1,32.0,647.7,52.1,22.6,1.0,0.0,0.0,0.0,0.0,0.251,0
139,7.18,23.5,35.2,189.7,1.93,1.53,poor,clay loam,528.4,6.0,drip,well,734.9,other,legume,1,11.1,372.2,41.2,13.5,3.0,0.0,0.0,0.0,9.441,0.242,0
140,6.26,21.6,27.3,197.0,4.85,1.73,poor,silty clay loam,436.9,3.0,drip,well,557.6,other,cereal,0,30.5,636.6,52.9,15.7,0.0,0.0,0.0,0.0,0.0,0.223,0
141,5.04,20.8,12.1,186.3,3.72,3.8,poor,sandy loam,544.8,14.4,none,municipal,305.3,narli,legume,0,31.6,576.1,53.0,19.5,3.0,0.0,0.271,0.0,0.0,0.093,0
142,5.03,24.0,31.9,132.3,5.92,3.82,good,sandy loam,236.1,7.9,drip,rain,452.3,vezir,sunflower,0,26.6,389.1,56.1,22.4,0.5,0.0,0.0,0.0,6.331,0.443,1
143,7.73,46.4,29.1,156.4,4.36,3.14,poor,loam,300.2,11.0,none,rain,69.7,vezir,other,1,27.0,489.0,73.4,18.1,0.0,0.0,0.0,0.0,0.0,0.222,0
144,6.57,60.5,11.5,205.6,2.37,1.45,excellent,loam,506.6,12.5,drip,well,714.9,narli,fallow,0,31.0,584.7,38.7,16.9,1.0,0.0,0.624,0.0,0.652,0.369,1
145,5.7,44.8,37.6,158.6,5.71,1.84,poor,clay loam,452.2,0.9,none,rain,58.7,other,legume,0,29.4,631.6,66.9,22.5,3.0,0.0,0.0,0.0,0.0,0.253,0
146,7.48,68.1,39.2,133.0,5.22,2.44,good,clay loam,86.1,16.8,sprinkler,well,388.7,other,sunflower,0,18.1,203.2,79.8,16.9,0.5,0.0,0.0,0.0,19.866,0.349,1
147,7.56,29.0,38.5,101.9,2.86,3.05,poor,silty clay loam,91.5,19.7,none,river,1061.0,narli,fallow,0,22.9,366.4,64.3,22.9,1.0,0.0,0.0,0.0,0.0,0.174,0
148,7.45,21.7,32.3,193.4,2.77,3.54,excellent,silty clay loam,551.2,16.9,flood,rain,1060.7,vezir,hemp,0,11.7,451.3,79.3,17.2,-1.0,0.0,0.0,0.0,11.663,0.281,1
149,5.63,61.4,33.4,262.7,1.73,2.87,moderate,silty clay loam,334.6,14.2,drip,municipal,627.3,other,fallow,0,27.2,487.1,79.7,17.5,1.0,0.0,0.0,0.0,4.927,0.32,1
150,6.14,18.4,10.1,118.7,5.32,3.94,good,loam,506.8,15.3,flood,river,833.9,narli,sunflower,0,10.8,584.0,72.0,22.1,0.5,0.0,0.952,0.0,1.281,0.372,1
151,6.99,75.2,22.3,270.5,6.37,1.32,poor,sandy loam,451.3,4.9,none,river,1004.4,other,other,0,28.4,423.3,65.2,20.9,0.0,0.0,0.0,0.0,0.0,0.351,1
152,5.56,26.3,27.0,143.0,3.36,2.27,moderate,loam,358.7,6.0,flood,rain,786.5,narli,legume,1,16.7,175.4,81.6,18.6,3.0,0.0,0.0,0.0,27.748,0.472,1
153,5.66,27.0,10.5,171.1,3.29,2.19,poor,silt loam,148.3,5.1,flood,municipal,409.7,narli,fallow,0,34.9,561.8,84.1,10.1,1.0,0.0,0.867,0.0,2.901,0.11,0
154,6.86,77.3,33.3,130.6,6.04,3.79,excellent,silt loam,333.3,6.6,flood,rain,545.7,vezir,other,1,21.9,624.1,43.4,23.4,0.0,0.0,0.0,0.0,0.0,0.707,1
155,6.27,21.8,27.9,214.6,6.37,3.12,poor,loam,33.8,15.9,drip,well,99.1,narli,sunflower,0,23.5,263.8,47.9,15.4,0.5,0.0,0.0,0.0,16.092,0.262,0
156,6.6,56.7,30.9,226.3,4.22,2.83,poor,silt loam,558.3,2.8,flood,well,324.0,vezir,hemp,1,25.8,387.0,61.7,11.9,-1.0,0.0,0.0,0.0,13.478,0.397,1
157,7.74,66.7,35.0,142.1,6.22,2.26,moderate,sandy loam,44.2,12.8,none,well,349.1,other,other,0,17.3,356.3,67.3,17.2,0.0,0.0,0.0,0.0,0.0,0.289,1
158,5.54,67.0,39.5,247.3,6.13,3.98,excellent,silty clay loam,62.4,14.9,flood,well,233.2,other,hemp,0,17.6,485.6,46.7,14.0,-1.0,0.0,0.0,0.0,7.862,0.355,1
159,5.46,51.8,37.9,270.9,1.93,1.32,moderate,clay loam,180.5,8.2,flood,rain,519.9,vezir,sunflower,0,10.9,472.8,39.1,13.9,0.5,0.0,0.0,0.0,9.139,0.374,1
160,6.88,62.3,41.0,246.9,4.47,3.27,excellent,silty clay loam,143.4,1.3,flood,rain,726.2,narli,sunflower,1,32.1,444.8,77.9,11.9,0.5,0.0,0.0,0.0,10.698,0.433,1
161,7.95,59.5,36.0,90.9,1.88,2.31,moderate,clay loam,564.7,1.4,none,river,87.9,vezir,cereal,1,13.6,603.9,53.1,16.6,0.0,0.0,0.0,0.0,0.0,0.336,1
162,7.11,48.9,38.7,243.7,2.45,2.22,moderate,clay loam,399.1,8.4,drip,municipal,426.4,narli,fallow,0,30.1,322.5,74.6,22.4,1.0,0.0,0.0,0.0,11.871,0.353,1
163,5.45,25.2,30.3,239.7,4.64,1.72,good,sandy loam,299.3,10.8,sprinkler,river,719.0,vezir,legume,1,11.5,446.2,41.7,17.2,3.0,0.0,0.0,0.0,8.233,0.455,1
164,6.55,41.4,43.9,200.3,5.83,2.94,good,sandy loam,145.6,13.5,none,rain,204.2,vezir,fallow,1,23.7,533.7,66.2,17.2,1.0,0.0,0.0,0.0,0.0,0.561,1
165,5.4,16.1,27.3,260.1,4.76,3.32,poor,loam,296.0,13.7,drip,well,120.6,other,cereal,0,22.6,150.6,81.9,19.5,0.0,0.0,0.0,0.0,20.771,0.18,0
166,6.29,76.0,25.8,229.1,2.93,3.24,poor,clay loam,97.7,10.8,sprinkler,well,325.9,other,hemp,1,8.1,521.8,35.4,17.3,-1.0,0.0,0.0,0.0,4.412,0.168,0
167,6.28,53.0,17.7,177.9,4.11,2.49,excellent,loam,259.7,17.4,none,river,419.8,other,hemp,1,16.3,322.2,70.3,20.3,-1.0,0.0,0.0,0.0,0.0,0.352,1
168,7.1,25.5,15.9,148.1,2.86,2.25,poor,loam,245.7,14.2,drip,river,529.4,other,hemp,1,15.1,335.4,65.5,20.1,-1.0,0.0,0.0,0.0,10.272,0.258,0
169,7.32,26.4,26.3,62.4,5.68,3.73,good,loam,39.5,13.4,sprinkler,river,747.9,vezir,cereal,0,34.3,193.4,48.8,15.6,0.0,0.0,0.0,0.0,19.654,0.195,0
170,7.11,74.7,28.3,219.8,4.08,2.37,good,silt loam,151.3,21.2,none,rain,640.9,vezir,cereal,0,10.9,186.2,49.7,23.3,0.0,0.0,0.0,0.0,0.0,0.238,0
171,7.9,51.6,36.5,226.6,6.29,1.89,excellent,silty clay loam,520.0,10.9,flood,well,433.3,narli,other,0,29.6,356.2,52.7,17.5,0.0,0.0,0.0,0.0,16.233,0.409,1
172,7.25,37.2,28.5,99.3,2.73,0.95,good,loam,569.3,15.2,sprinkler,rain,816.1,narli,other,1,15.2,264.6,76.7,21.7,0.0,0.0,0.0,0.0,16.571,0.51,1
173,5.02,70.7,43.4,246.6,3.04,1.33,good,clay loam,126.1,16.9,flood,rain,259.9,other,cereal,1,29.6,389.2,62.0,17.0,0.0,0.0,0.0,0.0,16.164,0.267,0
174,7.09,44.9,33.5,62.6,2.16,2.37,good,silt loam,375.4,6.1,flood,river,311.0,other,sunflower,1,21.5,255.3,70.0,15.2,0.5,0.0,0.0,0.0,24.629,0.555,1
175,5.3,32.5,16.7,155.1,3.09,0.67,moderate,clay loam,487.3,4.3,none,river,1095.2,other,fallow,0,16.5,393.3,47.5,22.0,1.0,0.0,0.0,0.0,0.0,0.4,1
176,5.76,69.5,11.6,223.8,2.43,1.51,good,silt loam,31.5,3.1,sprinkler,river,1077.7,vezir,sunflower,1,21.8,537.4,57.3,11.1,0.5,0.0,0.448,0.0,2.846,0.491,1
177,6.27,54.8,23.0,259.6,1.44,1.44,good,silt loam,398.7,15.8,none,municipal,978.7,vezir,other,0,34.1,357.0,44.2,10.3,0.0,0.0,0.0,0.0,0.0,0.18,0
178,5.24,25.8,11.8,74.0,5.83,2.24,poor,clay loam,323.9,21.9,drip,municipal,687.6,narli,other,0,18.5,264.7,71.9,16.2,0.0,0.0,0.426,0.0,14.299,0.138,0
179,7.59,45.4,40.2,265.7,4.02,0.63,moderate,silty clay loam,366.6,14.1,none,municipal,1001.6,vezir,fallow,1,10.4,303.9,55.6,12.2,1.0,0.0,0.0,0.0,0.0,0.219,0
180,5.86,49.8,33.4,168.2,5.16,1.27,excellent,silt loam,366.3,17.6,flood,river,464.7,other,hemp,1,12.4,518.6,54.5,15.3,-1.0,0.0,0.0,0.0,6.492,0.38,1
181,7.05,33.5,35.5,237.9,3.27,3.43,moderate,loam,188.0,14.2,none,municipal,776.5,vezir,cereal,1,12.1,634.9,36.1,23.6,0.0,0.0,0.0,0.0,0.0,0.32,1
182,5.27,16.0,16.0,152.5,5.32,2.04,good,clay loam,424.2,1.2,drip,river,80.5,vezir,legume,0,12.9,597.8,47.5,15.3,3.0,0.0,0.0,0.0,0.083,0.461,1
183,7.98,27.9,35.2,80.7,4.66,0.91,excellent,silt loam,563.0,3.9,drip,well,293.6,other,sunflower,1,32.0,581.8,45.9,11.6,0.5,0.0,0.0,0.0,0.789,0.298,0
184,5.36,66.3,8.3,69.2,5.31,1.95,moderate,silt loam,467.1,5.8,none,well,760.8,vezir,other,1,17.6,227.0,61.8,11.5,0.0,0.0,1.772,0.0,0.0,0.345,1
185,7.2,16.4,22.0,219.4,2.38,0.25,excellent,silty clay loam,190.9,15.5,sprinkler,river,607.1,vezir,other,0,31.4,449.3,78.0,12.2,0.0,0.961,0.0,0.0,7.628,0.251,0
186,6.36,65.4,26.7,221.4,5.86,2.52,good,silty clay loam,158.5,16.0,none,river,586.0,vezir,fallow,1,15.6,354.9,51.1,11.3,1.0,0.0,0.0,0.0,0.0,0.467,1
187,5.57,17.1,31.7,145.5,3.69,2.53,good,sandy loam,232.5,13.5,drip,well,1024.6,narli,other,0,32.0,190.0,75.1,10.8,0.0,0.0,0.0,0.0,15.667,0.287,0
188,7.13,68.5,17.8,68.9,1.39,1.29,moderate,silty clay loam,76.3,16.1,none,river,228.6,other,cereal,0,33.6,429.2,62.9,20.4,0.0,0.0,0.0,0.0,0.0,0.144,0
189,7.38,50.7,26.7,204.7,3.94,2.44,good,silt loam,339.0,21.9,flood,rain,845.3,vezir,other,1,14.5,422.8,53.8,17.7,0.0,0.0,0.0,0.0,9.154,0.365,1
190,5.0,17.3,18.5,63.6,1.74,3.57,poor,silt loam,590.9,5.1,flood,well,853.2,other,sunflower,0,21.8,435.3,63.6,11.3,0.5,1.215,0.0,0.0,13.577,0.221,0
191,5.9,52.1,29.1,107.8,1.42,1.37,excellent,loam,303.2,19.8,drip,municipal,60.4,other,hemp,1,9.5,535.5,52.4,21.4,-1.0,0.0,0.0,0.0,2.819,0.236,0
192,6.96,54.1,8.4,231.0,3.1,1.29,poor,silt loam,333.2,3.7,sprinkler,river,74.6,other,hemp,0,28.3,437.6,39.5,16.0,-1.0,0.0,1.648,0.0,8.568,0.303,1
193,5.79,40.9,24.1,213.5,5.19,1.98,moderate,clay loam,249.3,12.8,sprinkler,river,97.4,vezir,sunflower,0,23.6,206.3,55.7,15.1,0.5,0.0,0.0,0.0,17.112,0.323,1
194,5.51,37.7,38.4,236.6,4.43,1.82,moderate,loam,417.5,3.9,drip,well,818.7,narli,fallow,0,31.5,560.1,35.7,19.7,1.0,0.0,0.0,0.0,1.679,0.267,0
195,6.57,31.8,25.9,220.6,1.78,2.83,poor,clay loam,358.1,14.8,drip,municipal,203.9,vezir,cereal,0,24.7,176.5,67.7,10.1,0.0,0.0,0.0,0.0,19.197,0.223,0
196,7.59,16.2,40.1,202.9,2.27,1.58,poor,silt loam,301.1,13.3,drip,river,234.8,vezir,fallow,0,8.6,273.7,61.5,14.7,1.0,0.137,0.0,0.0,14.635,0.134,0
197,7.93,47.6,38.0,197.7,5.83,3.57,poor,silty clay loam,570.5,5.4,flood,rain,729.5,narli,other,1,33.9,456.2,66.3,13.2,0.0,0.0,0.0,0.0,11.918,0.115,0
198,5.99,50.2,15.7,90.5,3.98,3.22,moderate,silt loam,419.3,19.8,sprinkler,rain,1095.3,narli,other,0,32.8,308.7,62.9,23.3,0.0,0.0,0.0,0.0,12.456,0.179,0
199,6.24,41.7,24.4,265.4,5.92,3.74,good,loam,471.9,2.8,sprinkler,well,843.4,other,fallow,1,23.3,265.5,46.6,19.6,1.0,0.0,0.0,0.0,14.202,0.63,1
200,6.81,61.3,21.8,247.5,3.7,0.64,moderate,loam,38.7,16.9,drip,municipal,1046.2,narli,other,0,13.5,252.3,43.9,23.4,0.0,0.0,0.0,0.0,11.798,0.351,1
201,7.33,54.5,38.5,218.4,3.17,3.76,poor,silty clay loam,83.4,10.3,drip,river,580.2,vezir,other,1,18.5,532.6,83.1,12.7,0.0,0.0,0.0,0.0,2.842,0.264,0
202,5.5,34.1,42.0,211.8,5.97,1.91,excellent,sandy loam,439.1,2.9,sprinkler,rain,466.6,vezir,legume,1,23.9,506.3,45.1,16.4,3.0,0.0,0.0,0.0,4.062,0.556,1
203,5.34,44.2,21.4,175.2,3.11,3.19,moderate,clay loam,339.2,1.4,sprinkler,municipal,630.7,other,cereal,1,11.9,534.6,37.6,14.3,0.0,0.0,0.0,0.0,3.096,0.332,1
204,7.7,77.4,8.1,228.4,1.07,2.04,excellent,silty clay loam,488.3,13.6,none,river,254.2,other,hemp,0,19.9,450.6,35.3,22.4,-1.0,0.0,2.045,0.0,0.0,0.404,1
205,6.05,24.4,9.2,187.2,4.32,1.39,poor,sandy loam,83.2,21.9,sprinkler,municipal,680.0,other,other,0,29.3,238.7,57.8,18.1,0.0,0.0,1.457,0.0,16.862,0.185,0
206,6.14,19.4,23.8,181.1,2.61,0.62,good,silt loam,325.7,11.8,sprinkler,well,138.0,other,other,0,10.4,512.0,65.2,21.0,0.0,0.0,0.0,0.0,3.963,0.323,1
207,7.78,54.9,26.4,220.4,3.74,3.25,moderate,silt loam,588.0,0.5,drip,rain,695.5,narli,other,0,29.6,649.5,55.7,14.7,0.0,0.0,0.0,0.0,0.0,0.333,1
208,5.84,66.4,19.4,171.5,2.78,0.12,good,silt loam,249.7,12.7,drip,river,229.5,vezir,other,0,20.8,167.8,41.8,12.2,0.0,0.0,0.0,0.0,16.788,0.552,1
209,5.17,48.9,28.9,209.2,4.05,0.17,good,silt loam,58.4,3.7,drip,municipal,1082.3,other,fallow,0,23.4,344.8,64.8,22.1,1.0,0.0,0.0,0.0,10.527,0.45,1
210,6.24,47.3,16.8,159.4,6.23,0.94,good,loam,85.1,17.4,sprinkler,well,499.3,narli,hemp,0,12.2,320.1,59.2,22.2,-1.0,0.0,0.0,0.0,12.849,0.405,1
211,7.98,28.3,9.4,145.3,5.76,0.55,good,sandy loam,418.5,13.3,drip,municipal,524.2,narli,legume,0,25.8,306.2,63.9,14.4,3.0,0.0,1.407,0.0,12.59,0.414,1
212,5.96,43.7,12.4,92.9,2.51,0.16,poor,loam,334.7,12.3,flood,river,1038.7,vezir,fallow,1,9.9,456.6,51.9,16.2,1.0,0.0,0.175,0.0,9.364,0.227,0
213,5.54,53.7,29.9,244.0,4.85,2.5,good,silt loam,494.1,15.8,drip,rain,633.2,narli,other,0,20.3,492.2,70.5,16.5,0.0,0.0,0.0,0.0,4.892,0.344,1
214,7.74,40.5,33.9,206.3,5.34,3.54,excellent,clay loam,37.6,10.7,flood,rain,518.1,narli,sunflower,0,24.3,213.7,40.1,21.4,0.5,0.0,0.0,0.0,22.57,0.438,1
215,6.24,55.4,28.3,274.3,3.11,1.43,excellent,clay loam,349.0,7.9,sprinkler,river,735.6,narli,other,0,23.5,393.3,64.6,16.5,0.0,0.0,0.0,0.0,11.048,0.909,1
216,5.21,22.1,38.1,229.7,3.08,2.03,poor,sandy loam,146.2,3.5,drip,river,733.8,vezir,fallow,1,24.6,373.6,45.3,22.3,1.0,0.0,0.0,0.0,7.524,0.304,0
217,7.75,79.4,29.6,194.5,3.81,3.41,good,sandy loam,234.1,12.3,drip,well,779.6,vezir,legume,0,31.4,267.6,70.1,15.5,3.0,0.0,0.0,0.0,12.571,0.298,0
218,6.99,45.9,15.0,144.6,6.08,3.38,moderate,silt loam,598.5,14.9,sprinkler,well,97.5,narli,cereal,0,21.1,368.4,84.5,11.2,0.0,0.0,0.0,0.0,11.67,0.356,1
219,5.54,48.1,28.4,159.0,2.95,0.82,poor,silty clay loam,308.9,16.2,flood,rain,1020.7,other,sunflower,1,9.0,391.6,53.4,18.1,0.5,0.0,0.0,0.0,13.993,0.105,0
220,7.58,63.8,18.3,173.7,3.88,2.48,moderate,clay loam,385.8,14.8,drip,municipal,682.1,vezir,fallow,0,20.7,406.3,58.5,20.3,1.0,0.0,0.0,0.0,7.434,0.396,1
221,7.25,62.3,28.9,73.5,3.6,0.76,poor,silt loam,489.2,13.9,flood,rain,109.1,other,legume,0,15.5,216.3,49.0,22.0,3.0,0.0,0.0,0.0,27.759,0.274,0
222,5.45,44.0,37.9,117.5,4.85,1.99,poor,silt loam,590.8,21.3,sprinkler,rain,833.0,vezir,hemp,1,19.9,468.8,45.5,20.3,-1.0,0.0,0.0,0.0,5.995,0.184,0
223,5.9,63.5,35.8,177.2,3.09,2.85,excellent,silt loam,104.2,19.2,drip,municipal,1021.4,vezir,hemp,0,34.0,491.4,37.1,22.8,-1.0,0.0,0.0,0.0,3.604,0.193,0
224,7.58,36.8,17.9,81.6,4.6,1.63,moderate,silty clay loam,466.9,11.7,sprinkler,municipal,611.4,other,legume,0,8.3,198.8,40.2,16.2,3.0,0.0,0.0,0.0,19.684,0.257,0
225,6.97,69.3,43.2,200.4,4.89,0.57,moderate,clay loam,400.7,19.8,sprinkler,well,771.3,vezir,sunflower,0,33.3,469.4,81.1,13.9,0.5,0.0,0.0,0.0,6.348,0.138,0
226,5.49,19.8,36.8,144.2,2.83,0.33,good,loam,275.5,11.1,sprinkler,rain,212.7,vezir,legume,1,28.8,259.2,67.2,22.8,3.0,0.0,0.0,0.0,17.328,0.4,1
227,7.69,24.7,31.7,265.2,4.66,1.14,good,clay loam,353.3,11.6,none,rain,490.9,other,legume,0,8.1,627.1,75.9,16.7,3.0,0.0,0.0,0.0,0.0,0.28,0
228,6.2,56.1,43.5,79.9,3.94,3.85,poor,clay loam,461.1,6.7,sprinkler,river,618.8,vezir,other,1,26.8,598.2,66.5,15.0,0.0,0.0,0.0,0.0,0.082,0.381,1
229,6.78,46.8,10.3,178.9,2.69,2.18,excellent,sandy loam,41.5,1.7,drip,rain,147.6,other,other,0,33.4,585.1,61.8,20.4,0.0,0.0,0.986,0.0,0.614,0.273,1
230,5.06,74.0,30.9,113.4,4.57,0.16,poor,silt loam,496.0,2.6,sprinkler,well,903.2,narli,legume,0,29.6,260.3,75.2,16.0,3.0,0.0,0.0,0.0,15.03,0.23,0
231,5.41,69.4,37.3,228.1,4.26,1.41,poor,silt loam,101.9,9.4,flood,river,493.8,other,legume,1,29.4,466.1,53.8,12.2,3.0,0.0,0.0,0.0,11.211,0.208,0
232,7.12,53.6,18.5,212.6,5.36,1.96,moderate,loam,103.0,6.3,none,rain,278.4,narli,fallow,0,24.1,508.6,65.6,11.2,1.0,0.0,0.0,0.0,0.0,0.593,1
233,7.93,55.2,39.9,277.1,3.79,1.91,moderate,silt loam,50.8,2.9,sprinkler,rain,557.3,narli,other,0,9.5,332.1,45.5,13.5,0.0,0.0,0.0,0.0,12.301,0.268,0
234,5.16,49.9,13.8,66.4,3.83,0.38,moderate,clay loam,363.8,7.5,sprinkler,municipal,268.5,narli,sunflower,1,14.4,356.3,45.0,22.5,0.5,0.0,0.0,0.0,12.136,0.385,1
235,5.53,39.3,24.9,102.7,2.97,1.15,good,loam,38.6,12.7,flood,river,140.0,vezir,hemp,0,28.5,259.9,49.8,12.2,-1.0,0.0,0.0,0.0,25.715,0.354,1
236,6.66,29.9,23.2,174.8,5.74,0.94,excellent,clay loam,181.9,16.2,sprinkler,river,373.5,other,cereal,0,24.0,224.5,63.7,10.1,0.0,0.0,0.0,0.0,18.619,0.499,1
237,6.44,66.9,38.4,159.5,2.32,2.28,poor,clay loam,571.0,3.4,flood,river,719.5,narli,legume,0,16.2,501.7,77.9,20.5,3.0,0.0,0.0,0.0,6.889,0.285,1
238,6.22,66.3,21.7,162.1,4.48,3.46,poor,clay loam,538.2,7.7,drip,municipal,480.0,vezir,other,0,22.6,547.2,74.4,11.1,0.0,0.0,0.0,0.0,2.379,0.317,1
239,5.33,38.8,30.9,140.4,1.96,2.28,poor,silty clay loam,431.4,4.9,flood,river,602.8,other,hemp,0,28.3,585.6,70.1,20.5,-1.0,0.0,0.0,0.0,1.075,0.213,0
240,6.27,18.5,21.8,159.5,3.76,3.34,excellent,silty clay loam,413.4,12.0,flood,rain,690.6,other,other,0,33.4,182.8,79.6,16.4,0.0,0.0,0.0,0.0,35.365,0.286,0
241,7.09,47.3,40.4,174.6,4.45,1.24,moderate,clay loam,221.1,10.0,drip,municipal,224.2,narli,cereal,0,22.0,317.9,63.9,19.2,0.0,0.0,0.0,0.0,11.025,0.427,1
242,6.65,44.8,29.0,257.6,2.69,3.18,moderate,clay loam,235.7,6.7,drip,river,401.4,vezir,cereal,0,12.3,417.7,44.1,12.5,0.0,0.0,0.0,0.0,7.163,0.559,1
243,6.72,43.7,21.7,105.1,4.89,2.7,good,loam,236.3,12.1,sprinkler,municipal,151.2,narli,hemp,0,28.7,623.9,81.4,12.2,-1.0,0.0,0.0,0.0,0.0,0.489,1
244,5.89,73.2,43.9,225.9,6.47,2.7,excellent,silt loam,419.7,16.2,drip,river,752.2,narli,sunflower,1,24.7,260.2,52.9,14.6,0.5,0.0,0.0,0.0,13.75,0.467,1
245,5.25,70.2,33.1,270.7,6.37,1.64,excellent,silt loam,369.8,11.5,drip,municipal,449.4,other,hemp,1,18.1,292.3,52.6,23.7,-1.0,0.0,0.0,0.0,12.628,0.358,1
246,7.98,67.2,18.7,237.2,6.34,1.75,excellent,loam,504.6,13.4,sprinkler,river,347.5,other,sunflower,1,33.9,528.1,39.4,15.7,0.5,0.0,0.0,0.0,3.27,0.161,0
247,5.56,39.8,28.5,69.3,5.54,3.35,good,clay loam,344.4,10.5,drip,well,186.3,vezir,other,0,20.8,476.9,79.6,15.8,0.0,0.0,0.0,0.0,5.138,0.525,1
248,5.83,79.6,10.5,224.0,4.2,2.31,good,clay loam,585.1,18.1,flood,well,932.9,narli,fallow,1,16.6,589.2,41.8,12.3,1.0,0.0,0.98,0.0,0.7,0.371,1
249,7.81,48.4,36.4,100.3,1.52,3.04,good,silt loam,499.6,15.2,flood,municipal,760.3,other,sunflower,1,23.7,561.7,35.6,17.3,0.5,0.0,0.0,0.0,2.303,0.407,1
250,5.31,25.0,16.2,101.5,5.93,2.49,poor,clay loam,287.1,2.1,sprinkler,well,537.9,vezir,other,1,30.1,594.9,64.9,20.7,0.0,0.0,0.0,0.0,0.253,0.212,0
251,5.43,29.7,12.6,88.6,1.43,2.79,poor,sandy loam,30.9,10.9,none,well,232.1,narli,other,0,9.6,209.5,47.7,10.9,0.0,0.0,0.08,0.0,0.0,0.132,0
252,5.62,73.6,14.8,137.3,1.5,3.4,good,silty clay loam,221.7,4.0,sprinkler,well,127.0,other,legume,0,27.3,632.1,43.6,20.6,3.0,0.0,0.0,0.0,0.0,0.565,1
253,7.09,27.0,32.9,83.6,5.59,3.93,excellent,loam,318.3,9.3,flood,well,523.2,other,cereal,0,17.8,294.1,71.1,11.2,0.0,0.0,0.0,0.0,17.576,0.629,1
254,7.06,69.7,16.4,149.6,6.42,1.77,poor,clay loam,564.7,8.4,drip,rain,745.9,vezir,hemp,0,26.3,209.6,54.7,19.7,-1.0,0.0,0.0,0.0,15.648,0.327,1
255,5.6,69.9,23.0,111.2,3.34,2.05,good,clay loam,226.5,14.8,none,rain,572.3,narli,hemp,1,14.8,398.6,66.4,11.9,-1.0,0.0,0.0,0.0,0.0,0.454,1
256,7.92,39.9,33.1,93.6,4.42,0.48,poor,silty clay loam,465.2,17.5,sprinkler,municipal,735.1,vezir,fallow,1,17.3,579.8,62.3,23.3,1.0,0.0,0.0,0.0,0.922,0.153,0
257,6.38,17.1,28.6,249.3,2.67,2.85,excellent,clay loam,98.0,15.9,none,well,634.4,vezir,other,0,22.6,384.9,63.1,12.2,0.0,0.0,0.0,0.0,0.0,0.437,1
258,7.03,64.8,18.5,73.5,4.25,0.6,good,silt loam,489.5,13.1,flood,rain,125.1,vezir,sunflower,0,9.5,272.1,46.7,14.4,0.5,0.0,0.0,0.0,21.548,0.368,1
259,5.11,57.8,23.6,173.2,3.32,0.18,excellent,silty clay loam,32.9,7.3,none,municipal,638.3,vezir,legume,0,13.6,398.4,75.6,19.3,3.0,0.0,0.0,0.0,0.0,0.424,1
260,6.91,78.3,10.8,247.1,2.18,1.13,good,silty clay loam,253.2,5.4,drip,well,659.2,vezir,legume,0,22.3,363.6,52.4,11.1,3.0,0.0,0.721,0.0,11.233,0.619,1
261,5.75,48.5,32.8,180.5,5.84,2.55,moderate,silty clay loam,309.5,14.7,none,municipal,1032.1,other,fallow,0,32.5,617.3,71.3,10.8,1.0,0.0,0.0,0.0,0.0,0.221,0
262,7.3,69.9,23.2,249.2,6.01,2.57,excellent,silt loam,497.8,14.4,flood,river,458.3,narli,cereal,1,14.6,563.6,58.2,17.8,0.0,0.0,0.0,0.0,2.516,0.502,1
263,7.41,57.8,14.5,247.6,6.3,1.99,poor,sandy loam,518.6,2.3,flood,well,992.6,vezir,sunflower,0,31.9,348.4,77.0,21.8,0.5,0.0,0.0,0.0,16.285,0.191,0
264,6.99,52.7,36.7,175.6,3.73,0.45,poor,silt loam,211.0,13.1,none,river,1030.3,narli,cereal,1,13.8,287.3,55.4,22.1,0.0,0.0,0.0,0.0,0.0,0.241,0
265,5.74,33.1,37.0,91.9,3.61,1.53,good,sandy loam,394.3,20.0,drip,well,765.9,other,cereal,1,18.4,469.5,70.0,22.6,0.0,0.0,0.0,0.0,5.488,0.38,1
266,5.02,77.4,42.3,261.9,2.65,3.75,moderate,silt loam,142.0,19.6,none,municipal,969.8,other,hemp,0,15.4,190.0,74.0,16.9,-1.0,0.0,0.0,0.0,0.0,0.204,0
267,5.48,32.0,10.5,152.6,5.01,2.24,good,clay loam,423.2,16.9,sprinkler,rain,874.3,narli,legume,0,25.0,306.9,39.1,12.2,3.0,0.0,0.715,0.0,15.252,0.296,1
268,7.54,59.6,37.3,130.3,3.63,2.97,good,loam,418.7,18.3,flood,river,111.2,vezir,cereal,1,18.2,567.3,63.5,10.3,0.0,0.0,0.0,0.0,2.126,0.364,1
269,5.79,70.4,9.8,196.0,4.3,0.68,good,loam,569.4,3.0,none,rain,913.4,vezir,legume,1,13.5,623.0,75.7,13.7,3.0,0.0,1.176,0.0,0.0,0.567,1
270,5.65,68.6,34.9,101.7,1.99,3.19,poor,silt loam,586.2,5.6,none,river,419.2,other,other,0,8.3,216.6,51.2,19.7,0.0,0.0,0.0,0.0,0.0,0.178,0
271,5.18,36.6,16.7,259.8,6.48,3.76,poor,sandy loam,167.1,13.8,flood,rain,745.0,narli,fallow,1,12.8,234.9,59.6,14.7,1.0,0.0,0.0,0.0,24.238,0.156,0
272,5.78,35.4,44.2,169.8,6.35,1.2,good,clay loam,184.1,19.4,flood,municipal,490.6,narli,sunflower,0,21.3,625.0,62.8,22.9,0.5,0.0,0.0,0.0,0.0,0.399,1
273,5.49,45.4,12.3,256.9,3.72,1.82,excellent,clay loam,305.9,18.7,sprinkler,well,397.6,narli,sunflower,1,12.5,404.4,48.6,22.5,0.5,0.0,0.185,0.0,10.535,0.292,1
274,6.71,42.1,10.8,229.0,4.72,3.56,poor,silt loam,415.2,15.1,none,municipal,657.6,narli,sunflower,1,10.2,565.3,68.0,16.4,0.5,0.0,0.764,0.0,0.0,0.16,0
275,5.97,62.6,35.2,270.6,4.13,0.92,poor,silt loam,207.4,1.7,drip,rain,120.0,vezir,cereal,1,28.8,349.5,36.0,12.9,0.0,0.0,0.0,0.0,8.876,0.231,1
276,5.46,34.4,37.6,221.9,6.07,3.62,moderate,silt loam,406.0,18.4,sprinkler,rain,501.1,vezir,hemp,1,24.2,195.1,56.1,15.2,-1.0,0.0,0.0,0.0,20.754,0.298,0
277,6.94,61.4,42.4,176.0,4.56,0.43,excellent,clay loam,65.9,17.7,flood,river,1082.9,other,sunflower,0,22.1,297.7,37.4,11.1,0.5,0.0,0.0,0.0,19.793,0.406,1
278,6.98,52.0,17.4,116.1,1.45,2.06,poor,clay loam,124.1,4.4,none,well,110.0,other,sunflower,1,27.6,528.7,57.5,21.3,0.5,0.0,0.0,0.0,0.0,0.42,1
279,5.78,58.8,24.1,63.9,3.17,0.15,excellent,clay loam,421.2,19.2,none,municipal,688.0,other,sunflower,0,34.0,487.6,75.2,11.2,0.5,0.0,0.0,0.0,0.0,0.131,0
280,5.56,16.7,25.8,91.9,2.33,3.38,moderate,sandy loam,194.5,10.5,none,rain,43.6,narli,cereal,0,20.0,392.5,36.0,16.3,0.0,0.83,0.0,0.0,0.0,0.404,1
281,7.54,43.1,23.4,169.1,4.18,2.95,good,sandy loam,302.7,11.0,none,river,791.4,other,legume,0,16.5,181.8,79.6,15.8,3.0,0.0,0.0,0.0,0.0,0.437,1
282,7.09,16.4,18.7,102.3,2.89,1.01,moderate,silty clay loam,547.3,7.8,none,river,973.8,other,other,1,19.3,620.6,67.6,15.0,0.0,0.0,0.0,0.0,0.0,0.472,1
283,6.45,26.3,13.8,168.3,5.36,3.78,excellent,silt loam,156.1,12.5,drip,municipal,971.4,vezir,other,1,30.4,597.2,36.6,10.9,0.0,0.0,0.0,0.0,0.123,0.431,1
284,5.77,37.1,21.1,70.3,5.83,1.14,moderate,silty clay loam,370.5,2.7,drip,rain,882.9,narli,legume,0,24.5,579.2,40.1,17.9,3.0,0.0,0.0,0.0,0.906,0.439,1
285,7.12,64.5,26.4,251.5,1.85,1.52,moderate,sandy loam,512.2,9.9,none,well,284.9,vezir,sunflower,1,12.6,283.0,70.8,15.8,0.5,0.0,0.0,0.0,0.0,0.338,1
286,7.36,24.0,23.9,262.0,5.94,3.81,good,sandy loam,276.7,17.1,drip,well,385.4,vezir,cereal,0,18.6,168.5,81.1,12.1,0.0,0.0,0.0,0.0,17.576,0.453,1
287,6.26,72.6,33.9,252.2,4.97,1.32,good,sandy loam,499.7,19.9,sprinkler,rain,501.9,narli,fallow,0,24.7,371.1,52.3,21.4,1.0,0.0,0.0,0.0,11.343,0.395,1
288,6.61,40.3,34.6,253.6,3.86,2.21,moderate,sandy loam,316.8,7.2,flood,river,45.3,other,fallow,1,30.5,302.0,56.1,17.1,1.0,0.0,0.0,0.0,22.732,0.407,1
289,7.82,44.2,29.2,61.1,2.86,1.02,moderate,silt loam,193.5,14.8,sprinkler,rain,581.2,narli,legume,1,23.7,561.4,53.1,11.4,3.0,0.0,0.0,0.0,1.914,0.306,0
290,7.67,46.0,24.5,141.2,3.89,2.39,excellent,silt loam,358.9,14.2,none,rain,810.3,vezir,cereal,1,11.4,505.6,41.5,19.9,0.0,0.0,0.0,0.0,0.0,0.319,1
291,6.11,76.9,30.3,149.9,1.66,2.33,poor,silty clay loam,108.9,8.5,flood,municipal,337.5,narli,cereal,1,23.9,174.3,79.7,22.4,0.0,0.0,0.0,0.0,27.546,0.369,1
292,6.05,71.6,23.5,186.1,4.11,3.61,excellent,clay loam,504.0,18.4,sprinkler,river,565.1,vezir,hemp,0,12.0,513.9,39.5,18.7,-1.0,0.0,0.0,0.0,3.918,0.393,1
293,6.33,33.0,11.3,96.4,1.14,2.56,good,silty clay loam,394.2,14.3,drip,river,1051.6,other,fallow,0,33.8,410.9,72.5,17.0,1.0,0.0,0.662,0.0,5.901,0.198,0
294,5.82,28.4,38.7,244.6,4.19,0.43,good,clay loam,361.6,11.1,drip,municipal,492.0,vezir,legume,0,16.6,278.6,40.7,11.4,3.0,0.0,0.0,0.0,13.972,0.511,1
295,5.51,54.9,20.0,66.0,1.32,1.62,good,loam,259.4,7.5,none,well,76.0,narli,fallow,0,21.3,526.2,54.3,11.6,1.0,0.0,0.0,0.0,0.0,0.608,1
296,6.22,30.2,40.8,119.2,6.3,2.73,moderate,silty clay loam,397.9,3.2,none,rain,110.6,other,fallow,1,34.1,336.7,84.3,20.9,1.0,0.0,0.0,0.0,0.0,0.242,0
297,7.49,33.8,44.0,60.1,6.13,1.98,good,clay loam,599.6,18.6,sprinkler,municipal,69.1,other,fallow,0,16.1,347.7,41.1,12.0,1.0,0.0,0.0,0.0,10.614,0.338,1
298,7.87,35.7,33.2,135.4,2.44,3.04,excellent,silt loam,162.6,21.6,flood,river,516.6,other,sunflower,1,26.7,473.2,35.1,16.7,0.5,0.0,0.0,0.0,9.599,0.271,0
299,6.61,66.2,32.0,77.1,1.17,3.35,excellent,sandy loam,224.7,18.0,flood,rain,211.4,other,legume,1,18.0,246.5,35.5,20.4,3.0,0.0,0.0,0.0,23.704,0.36,1
300,7.45,55.6,37.9,108.7,6.39,3.87,poor,silt loam,305.8,15.6,sprinkler,well,231.8,other,hemp,1,15.5,400.2,43.5,12.7,-1.0,0.0,0.0,0.0,9.246,0.17,0
301,5.38,75.7,39.7,253.8,5.01,1.17,poor,silty clay loam,376.4,15.1,none,well,1032.9,other,other,0,9.4,619.4,56.6,23.9,0.0,0.0,0.0,0.0,0.0,0.129,0
302,7.28,72.4,16.3,121.1,3.31,1.85,poor,clay loam,132.9,2.3,drip,river,1076.3,vezir,legume,0,13.3,314.6,38.1,18.8,3.0,0.0,0.0,0.0,12.211,0.356,0
303,5.74,45.8,43.5,243.2,5.52,2.13,moderate,sandy loam,469.9,13.8,drip,rain,645.2,narli,legume,0,18.2,595.0,69.7,21.0,3.0,0.0,0.0,0.0,0.235,0.402,1
304,6.3,21.6,10.1,71.5,5.67,1.67,excellent,loam,521.5,17.4,drip,rain,434.6,vezir,fallow,0,17.2,618.8,74.1,16.4,1.0,0.0,1.11,0.0,0.0,0.508,1
305,5.58,52.3,31.6,116.4,3.32,2.93,excellent,loam,161.0,17.6,drip,river,356.6,vezir,fallow,0,28.4,305.6,79.3,20.9,1.0,0.0,0.0,0.0,11.618,0.349,1
306,5.02,53.1,33.1,72.6,3.79,3.36,poor,clay loam,219.4,21.5,sprinkler,well,388.9,other,hemp,0,34.5,449.9,51.6,18.1,-1.0,0.0,0.0,0.0,7.426,0.043,0
307,5.13,29.3,8.1,109.1,2.27,2.53,moderate,clay loam,446.1,21.0,flood,rain,241.7,narli,legume,1,10.0,165.0,40.8,14.1,3.0,0.0,1.908,0.0,29.746,0.154,0
308,5.09,27.9,14.4,254.8,4.95,1.43,moderate,loam,133.7,4.3,flood,well,42.7,other,cereal,1,29.3,205.5,81.8,14.3,0.0,0.0,0.0,0.0,21.472,0.388,0
309,7.64,72.1,10.4,91.8,6.08,3.2,moderate,silty clay loam,239.4,8.5,none,river,1014.7,other,fallow,1,22.5,544.8,51.4,10.7,1.0,0.0,0.987,0.0,0.0,0.292,1
310,7.66,28.6,11.0,163.5,4.65,0.35,excellent,silty clay loam,237.1,11.7,sprinkler,municipal,789.5,other,other,0,33.8,386.9,64.1,18.9,0.0,0.0,0.63,0.0,12.342,0.185,0
311,5.66,42.6,22.0,94.6,5.63,1.09,poor,loam,455.9,6.8,flood,river,650.7,vezir,fallow,0,19.5,383.8,55.4,21.3,1.0,0.0,0.0,0.0,15.202,0.34,1
312,6.94,38.3,11.0,245.4,3.82,2.61,good,loam,77.1,2.0,drip,river,380.5,other,sunflower,1,28.1,534.2,77.3,12.7,0.5,0.0,0.691,0.0,2.398,0.513,1
313,7.31,33.3,20.8,279.3,6.2,3.31,poor,clay loam,399.4,21.8,sprinkler,rain,265.8,other,other,1,14.3,443.5,62.6,16.6,0.0,0.0,0.0,0.0,8.772,0.198,0
314,6.29,76.2,23.5,156.5,5.69,0.22,moderate,silty clay loam,526.8,7.1,drip,rain,895.2,vezir,sunflower,1,19.5,526.3,73.1,19.7,0.5,0.0,0.0,0.0,3.038,0.63,1
315,7.98,51.9,37.6,261.0,4.16,1.62,excellent,loam,570.2,1.9,none,river,532.8,vezir,fallow,0,25.3,302.3,43.6,19.4,1.0,0.0,0.0,0.0,0.0,0.474,1
316,5.6,74.2,22.3,105.3,2.6,2.15,excellent,sandy loam,233.8,0.7,flood,rain,442.4,narli,cereal,0,20.9,184.4,82.8,22.1,0.0,0.0,0.0,0.0,30.178,0.517,1
317,7.82,53.2,26.6,210.7,2.51,0.13,moderate,clay loam,57.1,9.1,sprinkler,municipal,1003.1,vezir,hemp,0,9.1,195.6,67.3,22.9,-1.0,0.0,0.0,0.0,19.952,0.214,0
318,7.47,70.2,23.4,99.5,4.4,1.79,excellent,loam,425.1,2.6,drip,river,976.4,narli,sunflower,0,22.5,483.3,38.3,20.2,0.5,0.0,0.0,0.0,5.298,0.667,1
319,7.27,47.8,36.8,150.2,1.91,0.91,poor,clay loam,35.5,14.2,none,rain,391.2,vezir,cereal,1,8.3,207.3,80.9,14.6,0.0,0.0,0.0,0.0,0.0,0.157,0
320,5.73,76.8,13.2,240.5,5.63,0.77,poor,silty clay loam,78.3,6.8,none,river,103.8,narli,other,1,19.9,239.0,70.7,22.5,0.0,0.0,0.0,0.0,0.0,0.28,1
321,6.98,21.7,33.5,157.7,4.29,0.29,excellent,loam,558.7,8.6,sprinkler,river,118.7,vezir,legume,0,17.1,246.1,68.4,13.1,3.0,0.0,0.0,0.0,17.514,0.624,1
322,5.5,42.0,12.0,132.0,4.09,0.84,moderate,silty clay loam,249.1,9.7,sprinkler,river,134.4,vezir,cereal,1,25.7,156.0,45.6,13.1,0.0,0.0,0.303,0.0,20.897,0.437,1
323,7.3,47.5,44.6,216.8,5.35,3.7,moderate,silt loam,576.2,13.4,none,river,378.6,other,other,1,31.0,391.1,51.8,18.5,0.0,0.0,0.0,0.0,0.0,0.223,0
324,6.76,79.2,16.6,195.6,5.93,1.3,excellent,loam,379.5,1.8,flood,rain,340.3,narli,hemp,1,9.0,611.7,64.9,23.2,-1.0,0.0,0.0,0.0,0.0,0.463,1
325,7.93,57.1,18.7,65.2,5.66,1.39,moderate,loam,332.8,20.0,sprinkler,river,676.7,vezir,fallow,1,19.9,153.0,78.5,11.0,1.0,0.0,0.0,0.0,22.405,0.239,0
326,5.28,53.5,38.8,265.0,2.3,0.4,excellent,silt loam,115.2,4.7,none,river,674.3,vezir,sunflower,0,34.1,250.7,78.1,16.7,0.5,0.0,0.0,0.0,0.0,0.188,0
327,6.3,25.1,43.3,166.0,5.19,1.77,poor,silt loam,365.2,3.8,sprinkler,municipal,430.9,vezir,hemp,1,23.2,390.4,51.7,20.0,-1.0,0.0,0.0,0.0,12.081,0.36,1
328,7.19,39.3,23.0,151.5,3.17,2.99,excellent,clay loam,198.5,21.7,drip,rain,975.8,narli,hemp,0,12.4,531.5,82.9,20.8,-1.0,0.0,0.0,0.0,2.462,0.333,1
329,6.16,42.6,17.1,165.1,6.07,1.51,poor,loam,171.6,10.3,sprinkler,municipal,287.2,other,other,0,8.3,535.5,67.2,22.8,0.0,0.0,0.0,0.0,3.406,0.169,0
330,5.57,42.5,38.7,115.6,2.66,3.87,excellent,silty clay loam,198.6,9.3,drip,well,707.1,vezir,cereal,1,13.7,524.1,70.0,10.1,0.0,0.0,0.0,0.0,3.474,0.452,1
331,5.87,43.0,14.5,101.0,1.74,2.0,poor,clay loam,348.9,5.1,sprinkler,well,829.9,narli,sunflower,0,31.5,370.4,80.6,11.5,0.5,0.0,0.0,0.0,11.528,0.237,0
332,5.19,16.9,16.7,166.7,5.18,0.14,good,sandy loam,405.9,17.5,drip,well,248.0,narli,hemp,0,34.6,530.7,81.6,16.6,-1.0,0.0,0.0,0.0,3.328,0.145,0
333,7.82,58.2,22.0,72.6,2.96,1.39,poor,sandy loam,285.0,15.5,sprinkler,well,670.1,other,sunflower,0,28.3,274.3,57.6,19.6,0.5,0.0,0.0,0.0,15.592,0.159,0
334,6.91,76.2,19.9,199.4,5.8,3.88,good,clay loam,155.5,10.9,drip,municipal,482.1,vezir,other,0,32.4,517.1,49.7,12.7,0.0,0.0,0.0,0.0,3.157,0.306,1
335,7.39,34.6,32.9,180.7,5.81,0.76,excellent,sandy loam,299.7,12.1,sprinkler,river,204.1,other,other,1,19.7,507.9,43.0,23.0,0.0,0.0,0.0,0.0,4.491,0.522,1
336,6.43,73.3,12.6,89.9,3.94,2.93,poor,silt loam,525.7,20.5,drip,municipal,427.2,other,other,0,18.3,471.1,63.1,22.0,0.0,0.0,0.081,0.0,5.524,0.238,0
337,7.81,63.4,12.3,140.9,5.69,3.82,poor,silt loam,55.9,12.0,none,rain,365.2,vezir,other,0,11.4,481.9,64.5,11.5,0.0,0.0,0.235,0.0,0.0,0.214,0
338,5.89,29.2,33.2,92.4,2.56,3.01,poor,silty clay loam,205.7,11.3,drip,municipal,1096.6,other,fallow,0,30.4,397.5,70.2,15.3,1.0,0.0,0.0,0.0,7.925,0.201,0
339,7.1,18.4,40.0,99.4,3.68,1.63,moderate,sandy loam,337.8,7.8,none,municipal,838.3,vezir,legume,0,15.6,498.2,44.8,22.0,3.0,0.0,0.0,0.0,0.0,0.425,1
340,7.42,70.2,34.3,160.7,1.9,0.64,excellent,silt loam,540.4,5.0,sprinkler,well,411.2,other,legume,0,34.7,223.8,82.5,16.0,3.0,0.0,0.0,0.0,20.862,0.221,0
341,7.94,57.3,30.0,273.3,4.45,1.68,poor,sandy loam,159.7,11.0,sprinkler,rain,857.9,other,other,1,20.5,559.1,54.1,18.9,0.0,0.0,0.0,0.0,2.041,0.223,0
342,6.92,74.1,16.3,189.1,6.43,1.97,poor,silty clay loam,125.0,10.9,none,municipal,637.1,narli,sunflower,1,32.5,547.6,44.2,21.4,0.5,0.0,0.0,0.0,0.0,0.159,0
343,6.75,61.4,37.2,87.3,5.14,3.87,poor,loam,520.0,15.4,drip,rain,884.6,narli,legume,1,13.6,230.6,63.1,21.9,3.0,0.0,0.0,0.0,13.93,0.241,0
344,6.63,42.5,43.0,60.0,2.65,3.79,good,silty clay loam,278.1,12.9,flood,municipal,674.7,other,cereal,0,25.9,172.4,36.8,12.0,0.0,0.0,0.0,0.0,31.914,0.456,1
345,7.19,42.4,28.3,117.3,4.57,0.74,excellent,sandy loam,567.9,15.0,sprinkler,river,96.2,other,sunflower,0,26.8,246.3,53.6,19.2,0.5,0.0,0.0,0.0,16.145,0.455,1
346,7.98,43.2,9.0,192.8,1.43,0.59,poor,silty clay loam,255.9,7.6,drip,municipal,1002.0,vezir,cereal,0,14.1,154.9,53.9,23.6,0.0,0.0,1.529,0.0,18.026,0.235,0
347,7.46,46.8,27.6,214.1,5.76,2.25,poor,sandy loam,119.0,20.8,none,river,392.8,other,other,0,22.4,447.3,77.5,16.7,0.0,0.0,0.0,0.0,0.0,0.175,0
348,5.38,39.6,35.2,71.6,4.99,3.9,moderate,silty clay loam,262.6,10.3,none,municipal,882.3,other,sunflower,1,19.5,620.8,79.1,21.4,0.5,0.0,0.0,0.0,0.0,0.344,1
349,5.24,62.4,43.0,96.3,1.32,3.0,excellent,sandy loam,578.1,9.6,sprinkler,rain,557.6,other,other,0,26.8,352.7,65.8,22.8,0.0,0.0,0.0,0.0,11.309,0.36,1
350,5.73,63.0,43.2,241.1,5.84,2.16,poor,silty clay loam,280.2,4.1,sprinkler,river,101.1,narli,fallow,1,9.4,397.8,43.5,23.6,1.0,0.0,0.0,0.0,8.07,0.24,0
351,6.45,32.2,8.1,198.9,3.16,3.7,poor,clay loam,537.6,18.7,drip,municipal,26.4,vezir,sunflower,1,10.9,324.9,71.1,15.6,0.5,0.0,1.997,0.0,11.918,0.184,0
352,7.7,41.7,41.8,61.5,5.23,1.08,excellent,clay loam,237.1,8.3,sprinkler,municipal,137.4,vezir,other,0,12.4,326.9,56.7,15.0,0.0,0.0,0.0,0.0,13.479,0.379,1
353,7.7,25.4,15.4,165.4,4.66,1.14,excellent,clay loam,339.1,17.7,sprinkler,municipal,831.2,vezir,fallow,0,28.0,562.8,41.6,23.4,1.0,0.0,0.0,0.0,1.772,0.309,1
354,7.05,18.4,38.7,154.5,4.28,0.13,excellent,silt loam,183.7,2.3,none,river,687.0,other,fallow,1,15.6,207.5,48.2,19.8,1.0,0.0,0.0,0.0,0.0,0.738,1
355,6.83,27.3,39.6,198.4,1.82,0.57,excellent,sandy loam,178.8,4.6,sprinkler,rain,39.1,narli,legume,0,18.3,412.5,70.0,23.7,3.0,0.0,0.0,0.0,9.896,0.751,1
356,5.15,22.2,21.5,267.5,4.91,1.06,poor,loam,43.7,1.6,flood,river,328.1,vezir,fallow,1,13.0,624.2,53.2,14.3,1.0,0.0,0.0,0.0,0.0,0.2,0
357,6.08,65.6,27.6,141.8,4.58,0.92,excellent,sandy loam,534.6,3.3,drip,well,653.5,other,cereal,1,20.0,199.3,82.1,18.7,0.0,0.0,0.0,0.0,16.838,0.553,1
358,5.46,23.3,23.5,216.6,5.9,3.06,good,silt loam,280.1,15.9,none,well,541.4,other,fallow,0,12.5,287.1,83.4,14.1,1.0,0.0,0.0,0.0,0.0,0.307,0
359,6.6,48.4,10.8,156.3,3.8,2.29,excellent,clay loam,372.2,4.9,drip,river,637.6,other,other,1,33.1,406.4,60.2,20.1,0.0,0.0,0.781,0.0,7.883,0.362,1
360,5.36,29.6,27.7,124.2,4.52,3.77,good,loam,176.9,17.5,sprinkler,river,597.4,narli,other,1,24.3,334.6,39.2,19.9,0.0,0.0,0.0,0.0,13.715,0.322,1
361,7.45,68.6,16.1,272.4,1.97,3.89,poor,clay loam,568.5,6.0,sprinkler,rain,258.3,vezir,cereal,0,29.8,526.4,42.8,13.2,0.0,0.0,0.0,0.0,3.667,0.233,0
362,5.54,27.0,39.9,101.5,3.7,2.94,good,sandy loam,199.9,19.5,none,river,95.0,narli,hemp,1,32.5,635.2,40.0,17.4,-1.0,0.0,0.0,0.0,0.0,0.235,0
363,7.29,56.9,9.6,114.6,1.46,0.66,poor,sandy loam,575.4,2.8,flood,well,238.5,vezir,fallow,0,30.0,303.7,58.9,13.4,1.0,0.0,1.18,0.0,19.8,0.246,0
364,5.13,50.4,11.8,255.0,3.28,0.1,moderate,sandy loam,151.5,8.8,flood,municipal,264.0,other,hemp,0,27.3,600.8,59.6,23.9,-1.0,0.0,0.477,0.0,0.0,0.306,1
365,7.77,20.5,9.6,93.2,3.36,1.41,moderate,clay loam,107.1,14.8,flood,municipal,396.3,narli,sunflower,0,25.9,616.4,75.5,20.0,0.5,0.0,1.262,0.0,0.0,0.297,1
366,6.97,35.8,22.5,218.7,5.32,1.97,poor,sandy loam,355.1,21.1,flood,river,117.7,narli,cereal,0,17.5,397.1,59.1,23.6,0.0,0.0,0.0,0.0,16.37,0.249,0
367,6.65,50.0,26.2,178.0,2.27,0.43,excellent,silty clay loam,355.2,15.4,sprinkler,well,274.0,narli,cereal,0,8.5,429.2,82.9,22.9,0.0,0.0,0.0,0.0,9.17,0.247,1
368,7.46,34.2,13.3,247.7,6.35,3.66,moderate,loam,500.1,1.7,sprinkler,well,1059.0,other,cereal,1,8.7,632.5,53.6,19.8,0.0,0.0,0.0,0.0,0.0,0.295,0
369,5.24,20.0,29.1,239.0,1.82,0.81,moderate,silty clay loam,425.2,6.9,none,municipal,499.5,other,other,1,11.0,180.0,67.1,18.5,0.0,0.568,0.0,0.0,0.0,0.297,0
370,7.84,44.5,34.3,116.8,4.15,1.29,moderate,clay loam,560.2,6.3,drip,rain,1076.2,narli,other,1,24.7,259.5,44.2,20.4,0.0,0.0,0.0,0.0,12.73,0.381,1
371,7.48,25.7,37.7,202.3,2.07,0.52,poor,silt loam,369.9,18.7,drip,river,324.8,other,legume,1,24.1,528.3,50.5,17.7,3.0,0.0,0.0,0.0,2.889,0.231,0
372,6.69,51.6,37.2,70.0,2.73,3.78,poor,silt loam,456.0,21.1,sprinkler,municipal,832.0,other,sunflower,0,27.0,198.7,55.4,20.4,0.5,0.0,0.0,0.0,21.371,0.18,0
373,7.56,33.9,13.6,161.9,5.87,0.46,moderate,loam,488.3,14.6,sprinkler,municipal,503.3,narli,sunflower,1,24.8,620.1,37.0,20.0,0.5,0.0,0.0,0.0,0.0,0.333,1
374,7.87,51.8,44.8,81.4,1.08,3.09,good,silty clay loam,523.2,17.6,drip,rain,121.6,vezir,cereal,0,12.4,290.1,53.2,11.2,0.0,0.0,0.0,0.0,14.373,0.247,0
375,6.95,24.1,12.6,185.1,1.22,3.45,excellent,clay loam,517.1,20.2,sprinkler,rain,416.1,other,sunflower,1,26.4,403.0,48.1,22.3,0.5,0.0,0.082,0.0,8.508,0.329,1
376,5.73,68.4,8.3,247.7,2.6,0.72,excellent,sandy loam,149.4,19.3,drip,municipal,523.1,other,fallow,0,20.6,192.9,71.6,22.8,1.0,0.0,1.65,0.0,18.401,0.294,1
377,6.46,60.6,25.6,121.2,1.21,0.71,excellent,loam,391.3,7.4,drip,rain,87.4,vezir,hemp,0,13.8,255.7,36.1,20.6,-1.0,0.0,0.0,0.0,14.701,0.671,1
378,5.82,20.3,40.3,159.3,3.31,0.94,good,loam,501.7,2.5,none,municipal,1060.4,vezir,cereal,1,33.4,390.8,61.8,21.0,0.0,0.0,0.0,0.0,0.0,0.317,0
379,7.68,27.9,34.7,187.3,1.8,2.69,good,sandy loam,107.3,10.4,sprinkler,rain,953.4,narli,other,0,22.1,151.8,57.5,21.7,0.0,0.0,0.0,0.0,22.506,0.486,1
380,5.66,78.6,23.5,180.1,1.91,1.57,good,loam,572.4,21.4,drip,municipal,898.9,narli,sunflower,0,21.6,583.9,70.0,19.1,0.5,0.0,0.0,0.0,0.738,0.288,1
381,5.34,26.4,23.9,98.9,4.27,2.22,excellent,silt loam,510.2,15.3,none,municipal,778.3,narli,legume,0,10.8,474.8,65.8,15.8,3.0,0.0,0.0,0.0,0.0,0.285,0
382,6.33,52.8,9.2,123.8,3.31,0.97,excellent,silty clay loam,241.0,4.7,none,well,398.7,vezir,hemp,0,25.4,542.3,54.8,23.2,-1.0,0.0,1.28,0.0,0.0,0.62,1
383,7.73,58.8,8.2,260.0,1.18,0.2,good,silty clay loam,495.6,13.4,flood,river,1055.9,vezir,cereal,0,18.6,458.1,54.7,10.7,0.0,0.0,1.941,0.0,10.569,0.38,1
384,7.18,41.2,19.8,94.9,2.27,2.87,moderate,silty clay loam,88.7,12.9,none,municipal,924.3,narli,sunflower,1,10.5,368.7,66.4,18.3,0.5,0.0,0.0,0.0,0.0,0.259,1
385,5.39,44.5,31.4,138.8,2.32,3.6,good,loam,330.5,5.8,none,municipal,732.0,vezir,legume,0,24.9,469.2,64.0,11.4,3.0,0.0,0.0,0.0,0.0,0.542,1
386,7.68,21.0,26.3,139.5,5.61,1.62,excellent,sandy loam,260.0,11.0,drip,river,762.3,vezir,sunflower,0,20.2,230.6,49.9,22.7,0.5,0.0,0.0,0.0,14.784,0.449,1
387,7.98,54.0,8.2,174.8,2.4,0.57,poor,silty clay loam,33.4,11.5,sprinkler,river,956.2,narli,cereal,1,11.7,191.7,69.6,11.8,0.0,0.0,1.788,0.0,22.21,0.202,0
388,6.96,45.4,37.9,155.9,6.2,3.7,good,loam,134.8,18.7,flood,rain,131.1,other,sunflower,1,13.6,511.0,56.7,16.2,0.5,0.0,0.0,0.0,6.331,0.319,1
389,6.06,73.4,38.3,158.9,5.89,3.84,good,silty clay loam,257.7,13.5,flood,rain,52.3,narli,sunflower,0,13.0,272.7,45.8,15.2,0.5,0.0,0.0,0.0,25.717,0.474,1
390,7.15,28.9,29.0,130.7,2.28,0.36,good,silty clay loam,143.1,5.2,flood,well,639.9,other,hemp,0,19.8,556.7,44.9,10.7,-1.0,0.0,0.0,0.0,3.099,0.498,1
391,6.77,30.4,8.8,63.9,5.31,2.35,poor,clay loam,184.9,18.6,none,well,987.5,other,legume,1,8.4,384.9,76.5,15.8,3.0,0.0,1.533,0.0,0.0,0.128,0
392,7.32,47.1,9.7,125.7,6.41,2.02,poor,silt loam,563.9,2.7,sprinkler,well,911.5,narli,legume,0,31.3,512.1,46.3,11.2,3.0,0.0,1.041,0.0,3.746,0.263,0
393,5.16,72.4,9.6,70.6,2.67,1.13,excellent,silt loam,425.2,20.4,none,well,156.4,narli,fallow,0,34.1,356.6,57.3,11.7,1.0,0.0,1.126,0.0,0.0,0.095,0
394,5.97,62.5,16.4,118.0,2.63,0.42,moderate,loam,423.1,2.1,none,well,249.5,other,cereal,0,18.4,393.8,52.0,21.4,0.0,0.0,0.0,0.0,0.0,0.467,1
395,7.54,21.9,12.8,261.7,3.12,1.86,moderate,clay loam,129.0,6.5,sprinkler,municipal,1047.6,other,other,1,20.4,203.6,40.5,10.2,0.0,0.0,0.008,0.0,16.739,0.423,1
396,6.06,22.7,28.4,138.0,2.17,1.65,excellent,silty clay loam,213.6,10.0,flood,well,73.1,vezir,other,0,13.2,244.7,43.8,13.9,0.0,0.0,0.0,0.0,24.716,0.56,1
397,5.35,73.2,29.3,112.5,3.93,1.17,excellent,clay loam,247.9,5.2,flood,rain,242.2,narli,sunflower,0,27.1,294.0,35.2,12.6,0.5,0.0,0.0,0.0,20.584,0.421,1
398,7.06,26.1,33.2,96.7,2.83,1.88,poor,clay loam,268.2,0.9,flood,well,204.4,narli,fallow,1,20.8,150.5,78.7,16.6,1.0,0.0,0.0,0.0,28.349,0.376,1
399,7.26,65.4,11.7,236.9,2.85,2.01,good,silty clay loam,169.3,11.0,flood,rain,34.6,vezir,sunflower,0,32.1,537.3,77.8,22.6,0.5,0.0,0.423,0.0,4.004,0.257,1
400,5.06,78.6,39.7,205.1,1.78,2.04,moderate,silty clay loam,449.8,21.4,flood,river,823.9,narli,hemp,0,34.1,588.6,68.9,22.6,-1.0,0.0,0.0,0.0,0.767,0.085,0
401,6.17,42.1,44.8,128.1,1.23,2.13,good,silty clay loam,91.3,17.6,flood,municipal,139.0,narli,hemp,0,12.0,490.5,61.2,14.1,-1.0,0.0,0.0,0.0,7.194,0.346,1
402,5.88,44.5,16.0,241.6,1.68,2.0,poor,clay loam,224.3,18.4,drip,municipal,168.7,vezir,fallow,0,28.8,227.5,39.3,13.8,1.0,0.0,0.0,0.0,15.196,0.181,0
403,6.06,67.8,31.6,153.0,6.32,0.48,good,silt loam,366.3,4.2,none,municipal,888.7,narli,other,0,14.8,358.2,45.0,14.3,0.0,0.0,0.0,0.0,0.0,0.687,1
404,7.35,69.2,11.6,175.8,4.82,2.06,good,clay loam,225.4,10.5,none,rain,49.9,other,legume,0,19.4,527.9,65.8,14.2,3.0,0.0,0.522,0.0,0.0,0.452,1
405,7.27,40.5,22.9,61.3,5.44,3.51,excellent,sandy loam,69.1,6.3,drip,municipal,661.9,vezir,fallow,0,16.9,180.4,72.0,19.4,1.0,0.0,0.0,0.0,17.755,0.668,1
406,7.22,47.2,16.3,208.6,5.69,1.27,good,sandy loam,487.3,13.9,sprinkler,well,92.5,narli,fallow,0,22.0,273.6,40.2,10.3,1.0,0.0,0.0,0.0,15.098,0.45,1
407,5.7,70.1,17.6,194.8,3.42,2.67,poor,clay loam,104.8,1.0,sprinkler,river,204.4,other,other,0,20.9,295.0,68.4,23.4,0.0,0.0,0.0,0.0,12.905,0.34,1
408,5.32,42.1,23.7,66.2,3.51,2.3,poor,silty clay loam,195.6,14.4,none,well,1000.8,vezir,cereal,0,27.5,288.5,84.1,15.0,0.0,0.0,0.0,0.0,0.0,0.188,0
409,6.97,37.9,34.6,134.6,4.93,3.17,good,silt loam,555.6,2.0,none,rain,1059.6,other,other,1,27.1,403.5,67.9,13.6,0.0,0.0,0.0,0.0,0.0,0.565,1
410,7.49,19.4,9.1,221.2,2.27,2.69,excellent,clay loam,207.7,5.5,sprinkler,well,991.8,narli,other,0,28.4,360.0,38.2,18.6,0.0,0.0,1.599,0.0,12.404,0.445,1
411,7.77,35.9,33.9,143.1,6.44,2.34,moderate,loam,166.4,9.9,flood,river,237.3,narli,hemp,0,29.8,246.1,64.1,18.8,-1.0,0.0,0.0,0.0,26.009,0.23,1
412,6.08,41.5,28.2,75.8,2.02,2.95,excellent,loam,502.8,12.8,none,municipal,405.0,other,cereal,0,19.8,462.7,78.7,18.0,0.0,0.0,0.0,0.0,0.0,0.598,1
413,5.07,68.4,18.7,242.2,3.15,1.5,moderate,silt loam,63.4,12.9,flood,rain,688.1,other,other,0,23.7,618.5,84.2,19.1,0.0,0.0,0.0,0.0,0.0,0.332,0
414,5.18,28.3,38.2,132.5,5.17,3.66,poor,loam,306.3,17.8,drip,municipal,1079.5,vezir,fallow,0,33.1,593.8,58.9,11.8,1.0,0.0,0.0,0.0,0.259,0.073,0
415,7.34,72.0,16.4,264.9,1.14,3.15,moderate,silty clay loam,372.7,8.7,drip,rain,76.3,vezir,other,1,26.9,424.8,40.8,11.7,0.0,0.0,0.0,0.0,6.901,0.494,1
416,7.75,30.5,11.4,62.2,3.27,3.04,poor,sandy loam,526.5,5.9,drip,well,81.2,vezir,cereal,1,16.5,451.2,79.5,24.0,0.0,0.0,0.586,0.0,5.442,0.347,0
417,5.62,60.8,38.1,257.5,5.72,1.83,good,silt loam,472.5,6.8,sprinkler,municipal,364.4,other,fallow,1,17.4,355.4,82.5,16.8,1.0,0.0,0.0,0.0,12.535,0.47,1
418,5.91,50.9,12.5,219.5,5.33,0.24,moderate,clay loam,396.9,10.3,drip,well,558.8,narli,sunflower,1,18.4,563.6,39.2,13.9,0.5,0.0,0.118,0.0,1.403,0.518,1
419,5.55,43.0,9.9,127.1,3.98,1.46,poor,silty clay loam,457.6,7.7,flood,river,837.8,vezir,other,0,19.7,363.8,71.5,20.3,0.0,0.0,1.18,0.0,14.141,0.339,1
420,7.03,70.8,42.7,162.0,4.15,2.32,good,loam,577.0,10.5,sprinkler,river,1000.3,vezir,other,0,10.3,275.0,62.1,14.7,0.0,0.0,0.0,0.0,17.376,0.435,1
421,6.82,23.1,29.0,130.6,2.45,0.8,excellent,sandy loam,275.1,10.5,flood,rain,708.8,other,cereal,0,23.6,189.8,79.9,17.7,0.0,0.0,0.0,0.0,27.721,0.706,1
422,5.78,47.2,16.4,98.4,5.79,2.66,moderate,sandy loam,399.7,4.5,none,municipal,65.3,other,cereal,1,27.3,279.5,47.9,19.5,0.0,0.0,0.0,0.0,0.0,0.432,1
423,6.33,48.2,16.8,131.7,3.04,3.31,excellent,sandy loam,392.3,19.3,sprinkler,well,372.7,vezir,sunflower,0,32.2,337.4,82.1,14.1,0.5,0.0,0.0,0.0,12.442,0.255,0
424,6.77,21.9,15.8,128.9,4.94,2.99,good,loam,239.7,13.0,sprinkler,rain,843.6,other,legume,0,33.9,646.2,63.3,24.0,3.0,0.0,0.0,0.0,0.0,0.256,0
425,6.82,57.8,27.3,129.7,2.07,2.34,moderate,silt loam,161.0,17.0,flood,river,512.3,other,legume,0,20.0,628.8,55.5,11.1,3.0,0.0,0.0,0.0,0.0,0.349,1
426,5.69,66.1,16.5,242.1,6.43,3.71,moderate,clay loam,411.0,14.8,flood,municipal,388.9,narli,legume,0,21.6,224.2,59.7,22.3,3.0,0.0,0.0,0.0,26.063,0.291,1
427,7.13,45.5,11.7,251.3,5.59,0.19,moderate,sandy loam,96.8,19.1,none,rain,402.7,vezir,other,0,27.2,209.5,79.9,22.6,0.0,0.0,0.396,0.0,0.0,0.295,0
428,7.22,38.1,24.6,150.0,3.47,3.36,good,clay loam,426.1,16.3,drip,river,987.2,other,fallow,1,25.5,339.7,56.9,17.1,1.0,0.0,0.0,0.0,11.367,0.353,1
429,7.69,52.7,39.2,153.9,2.78,1.34,moderate,loam,44.3,20.8,sprinkler,rain,580.7,other,fallow,1,17.4,232.8,49.4,16.8,1.0,0.0,0.0,0.0,18.923,0.227,0
430,6.82,21.9,16.6,121.3,1.53,2.25,moderate,sandy loam,367.1,1.4,sprinkler,well,547.4,narli,sunflower,1,33.4,435.6,71.6,17.3,0.5,0.0,0.0,0.0,8.69,0.286,0
431,6.3,32.1,40.0,278.5,5.02,0.55,good,sandy loam,451.7,5.3,drip,municipal,189.3,vezir,sunflower,0,27.9,486.0,38.7,19.6,0.5,0.0,0.0,0.0,5.349,0.67,1
432,6.56,27.4,28.7,244.3,4.44,3.8,poor,loam,99.4,8.6,sprinkler,river,306.5,narli,hemp,0,27.8,291.3,44.9,22.3,-1.0,0.0,0.0,0.0,14.723,0.391,1
433,5.63,26.6,23.5,117.9,3.09,2.38,good,clay loam,327.7,21.0,flood,river,965.0,other,hemp,0,25.0,448.9,62.2,14.1,-1.0,0.0,0.0,0.0,11.698,0.283,1
434,6.26,44.1,17.2,153.5,1.97,3.83,poor,silt loam,424.2,15.7,none,rain,669.1,other,cereal,1,15.2,257.6,77.5,15.7,0.0,0.0,0.0,0.0,0.0,0.246,0
435,5.78,18.6,26.0,108.2,4.5,0.28,excellent,clay loam,148.4,19.3,sprinkler,well,1043.7,other,fallow,1,24.3,160.0,71.1,21.2,1.0,0.0,0.0,0.0,24.229,0.321,1
436,6.66,57.6,27.2,139.7,2.09,0.71,excellent,loam,188.3,4.0,flood,municipal,466.5,other,other,1,8.4,572.7,72.8,17.4,0.0,0.0,0.0,0.0,1.901,0.457,1
437,7.06,17.2,35.7,238.9,3.08,1.66,good,sandy loam,64.4,11.3,none,well,35.9,other,fallow,0,10.6,444.1,54.6,21.6,1.0,0.0,0.0,0.0,0.0,0.422,1
438,5.91,44.8,11.7,273.2,4.17,1.57,excellent,sandy loam,148.9,9.2,flood,rain,327.2,other,fallow,0,18.3,646.6,71.4,23.3,1.0,0.0,0.382,0.0,0.0,0.72,1
439,6.34,46.0,12.0,128.3,1.79,2.56,poor,sandy loam,345.3,5.0,none,river,110.6,vezir,fallow,0,22.1,569.8,73.0,10.8,1.0,0.0,0.294,0.0,0.0,0.276,1
440,5.11,59.8,30.2,251.7,2.47,0.92,excellent,silty clay loam,309.9,21.1,sprinkler,municipal,518.3,vezir,fallow,0,28.0,516.5,81.1,16.0,1.0,0.0,0.0,0.0,4.056,0.274,0
441,7.61,22.4,40.8,168.9,4.44,2.15,moderate,silty clay loam,262.5,0.7,drip,rain,1095.4,other,other,1,16.7,594.8,63.2,12.3,0.0,0.0,0.0,0.0,0.234,0.291,1
442,6.11,54.3,25.5,106.3,2.82,3.01,moderate,loam,324.1,18.3,drip,municipal,469.6,narli,hemp,1,34.4,305.9,44.4,19.7,-1.0,0.0,0.0,0.0,12.77,0.142,0
443,6.68,29.7,31.3,264.1,2.51,3.3,excellent,silty clay loam,443.0,8.4,none,municipal,626.0,other,other,1,24.0,201.5,45.8,12.5,0.0,0.0,0.0,0.0,0.0,0.623,1
444,6.15,52.4,39.6,193.1,6.32,2.98,excellent,loam,117.5,17.3,sprinkler,well,1023.9,other,cereal,1,20.8,150.1,38.9,23.6,0.0,0.0,0.0,0.0,22.734,0.38,1
445,5.72,40.6,36.6,215.4,2.95,3.37,good,silty clay loam,65.4,13.5,sprinkler,river,1041.1,vezir,other,1,19.8,370.8,69.8,13.5,0.0,0.0,0.0,0.0,10.621,0.429,1
446,7.6,70.6,36.5,136.1,3.33,2.51,moderate,clay loam,237.0,20.6,drip,river,497.4,other,cereal,1,16.4,197.1,53.4,13.6,0.0,0.0,0.0,0.0,17.069,0.234,0
447,7.09,31.4,31.1,273.7,5.53,3.47,excellent,silty clay loam,386.7,11.0,none,well,61.2,narli,fallow,0,12.1,518.1,78.5,11.8,1.0,0.0,0.0,0.0,0.0,0.537,1
448,5.19,21.3,28.1,276.3,2.07,2.49,poor,silt loam,505.6,18.7,flood,river,998.2,other,other,0,21.9,620.3,55.2,21.7,0.0,0.0,0.0,0.0,0.0,0.145,0
449,6.33,32.9,15.4,171.2,1.95,3.01,poor,silt loam,178.8,8.0,flood,rain,633.6,other,legume,0,20.5,208.1,39.5,20.2,3.0,0.0,0.0,0.0,31.174,0.325,1
450,7.37,29.1,21.9,77.9,4.98,1.06,moderate,loam,200.1,8.7,flood,river,321.3,other,sunflower,0,30.6,286.4,45.0,23.7,0.5,0.0,0.0,0.0,22.481,0.263,1
451,6.57,68.9,33.4,97.5,6.22,2.38,moderate,silty clay loam,349.9,21.9,none,municipal,717.7,other,sunflower,1,26.9,401.9,76.5,21.1,0.5,0.0,0.0,0.0,0.0,0.336,0
452,5.09,22.5,32.4,101.0,1.77,2.39,good,silty clay loam,239.2,13.2,drip,municipal,777.4,other,sunflower,0,8.2,360.7,51.7,19.1,0.5,0.0,0.0,0.0,11.02,0.199,0
453,7.43,44.7,29.3,155.7,3.2,3.35,good,silt loam,368.5,10.9,none,municipal,63.3,narli,fallow,1,19.5,284.7,63.9,18.3,1.0,0.0,0.0,0.0,0.0,0.606,1
454,7.09,49.1,43.2,185.0,1.77,2.69,poor,sandy loam,199.4,17.0,flood,rain,447.7,vezir,legume,0,13.4,236.0,50.4,12.6,3.0,0.0,0.0,0.0,23.401,0.162,0
455,5.01,25.4,11.7,181.0,3.17,0.93,excellent,clay loam,502.2,15.7,drip,rain,158.8,narli,hemp,0,32.2,559.9,71.5,15.9,-1.0,0.0,0.426,0.0,1.397,0.192,0
456,6.76,29.4,30.5,228.9,3.03,1.43,poor,silty clay loam,367.5,9.1,drip,river,169.1,narli,legume,1,19.8,319.8,67.7,16.0,3.0,0.0,0.0,0.0,11.395,0.402,1
457,5.49,59.4,38.9,162.3,1.45,2.78,poor,clay loam,486.1,0.8,flood,river,640.7,vezir,other,0,21.1,630.0,55.1,20.8,0.0,0.0,0.0,0.0,0.0,0.258,0
458,7.41,44.3,21.8,164.2,2.84,2.19,good,sandy loam,475.6,21.6,none,well,182.4,vezir,other,0,13.3,556.4,71.4,16.4,0.0,0.0,0.0,0.0,0.0,0.255,1
459,7.06,31.4,20.5,125.2,5.51,2.22,moderate,silt loam,227.0,0.9,flood,municipal,706.9,other,legume,1,9.0,519.3,47.4,11.2,3.0,0.0,0.0,0.0,5.11,0.281,1
460,5.82,78.2,33.5,113.7,5.54,3.36,excellent,sandy loam,64.4,8.5,sprinkler,well,432.5,other,legume,1,25.2,301.0,55.0,12.6,3.0,0.0,0.0,0.0,13.791,0.753,1
461,7.38,52.1,44.8,195.4,3.97,3.2,poor,silt loam,352.5,5.1,none,municipal,826.6,narli,sunflower,0,9.2,349.3,44.1,14.0,0.5,0.0,0.0,0.0,0.0,0.18,0
462,5.82,45.1,37.2,199.7,1.53,0.98,good,loam,57.0,6.7,none,rain,705.6,vezir,fallow,1,33.1,156.3,52.0,14.8,1.0,0.0,0.0,0.0,0.0,0.294,1
463,5.77,17.1,39.5,272.9,4.47,2.29,good,sandy loam,140.4,21.7,flood,municipal,335.2,vezir,hemp,0,8.8,462.4,43.3,14.9,-1.0,0.0,0.0,0.0,11.881,0.236,0
464,6.67,46.9,16.7,262.7,1.72,2.47,poor,sandy loam,249.5,5.0,drip,municipal,212.9,narli,other,0,22.9,326.0,45.9,22.6,0.0,0.0,0.0,0.0,10.185,0.351,1
465,6.91,47.6,27.7,109.5,3.22,3.05,good,clay loam,111.0,19.3,none,municipal,23.6,vezir,hemp,0,26.5,199.2,64.0,15.9,-1.0,0.0,0.0,0.0,0.0,0.396,1
466,6.83,47.7,11.0,185.5,3.25,0.19,moderate,loam,350.2,10.6,drip,municipal,44.5,other,other,1,21.8,246.5,80.7,16.4,0.0,0.0,0.669,0.0,15.134,0.451,1
467,5.19,17.0,29.4,161.0,4.76,1.83,moderate,loam,584.2,11.3,drip,municipal,961.9,narli,cereal,0,34.0,153.4,36.6,19.5,0.0,0.0,0.0,0.0,19.069,0.144,0
468,6.25,31.9,34.5,86.6,5.27,2.62,poor,clay loam,298.9,16.1,flood,rain,914.6,other,legume,1,27.3,405.8,67.5,16.0,3.0,0.0,0.0,0.0,15.706,0.224,0
469,5.51,41.8,20.6,260.9,5.38,0.92,poor,silt loam,392.4,2.1,none,river,837.5,vezir,sunflower,0,16.9,375.2,47.9,13.9,0.5,0.0,0.0,0.0,0.0,0.295,0
470,7.64,51.6,34.4,127.5,4.94,2.31,good,clay loam,433.6,15.0,sprinkler,river,178.2,vezir,hemp,1,14.2,575.5,64.2,12.1,-1.0,0.0,0.0,0.0,1.165,0.311,1
471,7.7,78.2,31.8,189.2,3.76,2.14,excellent,clay loam,396.1,19.2,none,river,542.7,vezir,legume,0,9.7,262.4,45.3,12.1,3.0,0.0,0.0,0.0,0.0,0.233,0
472,6.5,52.0,31.6,62.7,5.1,3.29,moderate,loam,230.9,1.2,drip,municipal,568.0,vezir,fallow,0,30.9,418.9,39.0,21.2,1.0,0.0,0.0,0.0,8.893,0.399,1
473,7.57,29.8,34.5,99.0,6.39,1.14,good,sandy loam,451.0,16.3,drip,river,584.4,narli,cereal,1,23.8,440.6,58.2,17.5,0.0,0.0,0.0,0.0,6.349,0.356,1
474,5.35,20.4,15.3,179.3,2.18,2.0,poor,silty clay loam,269.3,20.0,none,river,656.1,other,fallow,0,34.8,275.9,55.4,13.8,1.0,0.0,0.0,0.0,0.0,0.056,0
475,6.6,37.2,33.1,170.7,4.44,0.53,moderate,clay loam,23.8,19.7,none,rain,196.2,narli,hemp,0,10.6,581.0,52.1,19.6,-1.0,0.0,0.0,0.0,0.0,0.254,0
476,5.92,34.8,36.4,163.8,4.77,3.72,moderate,silty clay loam,409.7,7.5,sprinkler,rain,868.7,narli,fallow,0,16.8,408.2,58.7,18.3,1.0,0.0,0.0,0.0,9.935,0.641,1
477,6.11,34.9,34.9,242.4,2.73,1.3,excellent,clay loam,23.3,20.7,drip,rain,401.9,narli,hemp,0,8.5,502.2,45.4,20.0,-1.0,0.0,0.0,0.0,3.76,0.312,0
478,5.98,51.4,15.4,107.3,3.77,3.44,poor,sandy loam,161.0,7.5,none,rain,1048.2,narli,other,1,33.9,503.2,47.5,23.8,0.0,0.0,0.0,0.0,0.0,0.146,0
479,5.85,45.7,40.6,76.3,6.37,2.96,moderate,loam,362.1,12.8,drip,rain,284.8,other,fallow,0,15.0,415.5,49.6,10.3,1.0,0.0,0.0,0.0,7.959,0.308,1
480,5.94,70.5,41.5,158.1,5.87,0.82,excellent,loam,287.3,7.7,flood,municipal,671.9,narli,cereal,1,19.1,348.2,59.3,10.7,0.0,0.0,0.0,0.0,17.144,0.682,1
481,6.51,66.9,37.2,168.2,4.16,2.57,poor,silty clay loam,73.4,12.5,drip,river,882.5,narli,fallow,0,24.5,646.5,72.6,20.7,1.0,0.0,0.0,0.0,0.0,0.331,1
482,7.22,57.3,10.7,202.5,2.87,2.16,excellent,sandy loam,252.9,6.8,none,well,29.2,vezir,hemp,1,31.1,442.2,73.4,17.5,-1.0,0.0,0.791,0.0,0.0,0.492,1
483,6.73,27.3,13.5,127.9,1.55,2.18,poor,loam,333.2,21.0,flood,municipal,1022.7,other,cereal,1,12.4,645.5,46.6,22.9,0.0,0.0,0.0,0.0,0.0,0.137,0
484,5.37,76.6,8.9,250.9,5.7,0.91,poor,clay loam,274.4,4.8,none,well,120.3,narli,fallow,0,27.6,210.9,72.8,11.7,1.0,0.0,1.54,0.0,0.0,0.314,0
485,7.4,38.4,17.4,84.6,3.51,0.13,excellent,clay loam,577.7,2.7,flood,municipal,923.5,vezir,other,1,35.0,192.2,67.2,15.5,0.0,0.0,0.0,0.0,27.184,0.253,0
486,5.97,24.1,17.2,184.2,1.7,0.71,excellent,sandy loam,55.5,17.8,flood,municipal,687.0,narli,hemp,1,33.3,632.7,72.1,21.3,-1.0,0.215,0.0,0.0,0.0,0.192,0
487,6.88,74.1,17.8,130.6,5.31,1.39,excellent,sandy loam,446.3,3.6,none,well,602.6,other,other,0,12.3,157.5,79.9,11.3,0.0,0.0,0.0,0.0,0.0,0.572,1
488,7.57,49.9,13.0,192.7,4.5,1.31,excellent,silt loam,94.4,14.6,flood,well,536.0,other,fallow,1,13.9,214.9,82.1,13.2,1.0,0.0,0.0,0.0,29.371,0.395,1
489,5.55,57.9,20.2,274.3,4.68,2.13,good,loam,210.2,8.6,sprinkler,well,827.8,vezir,other,1,13.3,241.1,42.1,10.5,0.0,0.0,0.0,0.0,16.265,0.547,1
490,6.45,37.4,31.3,239.7,4.17,1.86,moderate,clay loam,380.4,12.2,drip,municipal,727.9,other,sunflower,1,32.1,277.6,75.3,16.8,0.5,0.0,0.0,0.0,12.363,0.233,0
491,6.1,56.7,43.7,87.8,2.25,1.88,poor,sandy loam,339.3,6.9,flood,municipal,508.8,other,legume,0,34.2,241.3,76.0,22.4,3.0,0.0,0.0,0.0,22.67,0.117,0
492,5.6,63.4,27.4,231.6,4.1,2.17,poor,silty clay loam,230.3,5.5,sprinkler,municipal,191.4,other,cereal,0,31.2,263.1,81.5,20.0,0.0,0.0,0.0,0.0,16.697,0.252,0
493,6.2,40.3,27.3,152.7,3.62,1.36,good,sandy loam,63.4,15.7,flood,river,1016.9,other,fallow,0,9.6,355.2,42.2,21.5,1.0,0.0,0.0,0.0,17.876,0.281,0
494,7.36,57.0,22.5,102.5,5.59,0.38,good,loam,537.7,3.2,sprinkler,river,498.9,other,sunflower,0,8.3,208.6,50.6,11.4,0.5,0.0,0.0,0.0,17.476,0.375,1
495,6.36,19.6,44.2,260.3,2.88,1.16,poor,clay loam,506.0,6.0,none,rain,651.8,other,other,0,21.2,295.6,61.1,11.2,0.0,0.0,0.0,0.0,0.0,0.317,1
496,7.55,47.1,34.0,155.1,1.31,0.51,good,silt loam,544.7,14.3,flood,rain,740.3,vezir,sunflower,1,10.7,553.0,47.1,16.9,0.5,0.0,0.0,0.0,3.544,0.289,1
497,7.51,39.4,27.2,263.6,3.1,2.45,poor,silty clay loam,75.0,21.3,sprinkler,municipal,646.5,other,fallow,0,18.6,522.2,52.4,21.0,1.0,0.0,0.0,0.0,2.862,0.166,0
498,7.44,55.8,36.8,207.2,1.14,2.31,poor,silt loam,77.3,20.3,drip,rain,937.4,vezir,sunflower,0,17.3,636.8,47.4,16.2,0.5,0.0,0.0,0.0,0.0,0.19,0
499,7.31,50.6,19.9,148.3,2.92,3.28,excellent,sandy loam,213.6,13.8,sprinkler,municipal,915.0,narli,other,1,19.0,460.9,67.0,20.6,0.0,0.0,0.0,0.0,6.084,0.504,1
500,6.31,38.5,13.9,97.1,1.09,0.84,good,silty clay loam,426.1,12.6,sprinkler,rain,687.9,narli,cereal,1,27.2,607.3,68.2,21.9,0.0,0.0,0.0,0.0,0.0,0.453,1
501,7.21,72.0,37.5,195.0,6.34,1.36,moderate,clay loam,499.2,5.8,sprinkler,municipal,48.5,narli,other,0,14.6,262.9,67.4,13.0,0.0,0.0,0.0,0.0,18.419,0.51,1
502,7.51,41.9,28.4,185.0,3.27,3.41,excellent,silty clay loam,535.4,21.6,flood,municipal,887.7,vezir,hemp,1,32.3,618.5,51.0,15.0,-1.0,0.0,0.0,0.0,0.0,0.2,0
503,5.39,78.8,37.0,171.6,3.62,1.32,moderate,silt loam,436.2,14.4,sprinkler,rain,310.7,narli,hemp,0,21.4,368.1,82.7,12.4,-1.0,0.0,0.0,0.0,12.113,0.332,1
504,7.6,24.6,33.2,74.4,4.95,2.32,poor,silty clay loam,304.7,15.6,sprinkler,rain,252.4,vezir,sunflower,0,26.2,315.3,63.5,22.3,0.5,0.0,0.0,0.0,13.178,0.203,0
505,6.83,61.3,21.3,86.3,6.38,2.49,excellent,loam,444.9,5.8,sprinkler,river,51.8,vezir,other,1,10.4,623.1,63.7,23.3,0.0,0.0,0.0,0.0,0.0,0.464,1
506,6.03,21.2,21.1,215.6,5.83,2.05,moderate,silt loam,252.8,5.4,drip,municipal,507.9,narli,fallow,1,31.7,180.5,62.9,19.6,1.0,0.0,0.0,0.0,17.453,0.324,1
507,7.4,51.9,21.9,75.3,1.95,2.58,excellent,loam,330.4,21.5,drip,river,667.7,other,cereal,0,27.1,589.8,43.9,12.1,0.0,0.0,0.0,0.0,0.476,0.352,1
508,7.87,76.1,37.9,128.6,2.6,1.46,moderate,silty clay loam,320.7,19.9,none,river,671.8,other,sunflower,0,33.1,424.0,54.4,16.3,0.5,0.0,0.0,0.0,0.0,0.114,0
509,5.57,41.3,21.3,261.7,6.07,3.26,poor,silty clay loam,72.8,14.6,none,river,325.2,narli,hemp,0,15.9,463.2,55.2,15.3,-1.0,0.0,0.0,0.0,0.0,0.264,0
510,6.17,47.3,37.1,123.2,4.76,0.31,poor,loam,569.1,7.1,sprinkler,municipal,818.4,other,legume,1,16.2,244.1,83.2,10.7,3.0,0.0,0.0,0.0,15.031,0.357,1
511,7.1,74.2,11.7,269.0,5.91,2.88,poor,loam,307.3,12.8,drip,well,1015.9,narli,other,1,15.8,602.2,68.0,22.8,0.0,0.0,0.426,0.0,0.0,0.31,0
512,7.75,41.1,13.8,191.7,4.42,1.11,excellent,silty clay loam,431.9,19.9,flood,river,1035.5,other,other,0,19.0,155.1,76.2,15.3,0.0,0.0,0.0,0.0,28.054,0.357,1
513,5.13,64.9,12.8,211.7,1.39,0.55,moderate,clay loam,58.6,12.0,sprinkler,municipal,1051.7,other,other,1,22.5,292.4,63.5,11.5,0.0,0.0,0.009,0.0,17.491,0.232,0
514,6.66,47.4,12.7,279.0,3.58,0.53,moderate,sandy loam,503.2,4.5,drip,river,490.8,vezir,hemp,0,19.9,534.6,68.1,17.1,-1.0,0.0,0.046,0.0,2.644,0.556,1
515,7.58,31.3,14.5,161.6,5.96,0.32,excellent,loam,569.2,11.4,sprinkler,river,697.4,vezir,other,0,8.7,370.3,77.2,18.4,0.0,0.0,0.0,0.0,10.12,0.294,1
516,5.33,19.2,27.2,63.8,4.96,2.92,good,silt loam,42.3,19.9,sprinkler,well,431.7,other,legume,0,28.8,209.8,46.2,18.8,3.0,0.0,0.0,0.0,15.44,0.281,0
517,5.85,55.0,24.6,224.6,4.76,2.49,good,clay loam,297.9,19.8,none,municipal,261.7,vezir,other,0,34.0,344.2,47.9,12.2,0.0,0.0,0.0,0.0,0.0,0.168,0
518,6.23,72.2,39.5,277.2,1.69,2.54,moderate,clay loam,264.3,9.5,none,rain,1048.6,vezir,sunflower,1,26.0,216.6,61.5,13.4,0.5,0.0,0.0,0.0,0.0,0.501,1
519,6.39,71.1,37.3,142.5,2.69,1.63,excellent,sandy loam,334.8,10.2,none,well,235.4,vezir,fallow,0,25.8,618.6,56.6,23.2,1.0,0.0,0.0,0.0,0.0,0.604,1
520,7.95,59.2,36.5,201.1,4.16,3.22,moderate,clay loam,203.6,5.8,sprinkler,rain,361.5,other,fallow,0,31.6,488.1,74.3,11.2,1.0,0.0,0.0,0.0,5.722,0.201,0
521,5.61,24.8,15.9,244.9,3.0,3.65,excellent,clay loam,216.4,4.3,flood,well,886.5,narli,cereal,1,11.2,605.1,55.5,17.9,0.0,0.0,0.0,0.0,0.0,0.587,1
522,5.75,22.4,43.0,260.0,1.53,0.25,excellent,clay loam,240.0,4.2,drip,municipal,1025.4,other,fallow,1,32.1,635.1,82.3,17.9,1.0,0.0,0.0,0.0,0.0,0.374,1
523,6.18,24.7,44.7,234.0,4.68,3.85,good,silt loam,432.6,20.9,drip,municipal,671.0,vezir,legume,0,23.9,645.9,53.3,13.5,3.0,0.0,0.0,0.0,0.0,0.384,1
524,5.96,25.8,32.0,214.1,2.45,3.99,good,sandy loam,178.2,21.9,none,well,379.6,narli,cereal,0,33.0,155.3,63.7,14.2,0.0,0.0,0.0,0.0,0.0,0.207,0
525,6.1,48.3,44.8,153.4,4.89,0.62,good,silt loam,340.4,11.0,flood,well,1006.4,other,legume,0,32.7,580.7,79.8,10.3,3.0,0.0,0.0,0.0,1.32,0.318,0
526,5.19,52.2,16.8,79.2,1.41,2.92,good,silty clay loam,60.8,13.0,none,municipal,869.0,narli,fallow,1,27.0,249.8,72.3,11.1,1.0,0.0,0.0,0.0,0.0,0.393,1
527,5.24,35.8,27.6,164.7,2.09,3.95,moderate,clay loam,187.1,15.0,drip,rain,219.7,narli,legume,1,13.3,221.9,62.1,23.6,3.0,0.0,0.0,0.0,16.655,0.268,0
528,5.96,79.5,14.0,199.8,4.26,2.45,good,loam,267.4,18.2,sprinkler,well,727.2,other,sunflower,1,12.4,180.8,59.7,22.6,0.5,0.0,0.0,0.0,21.437,0.341,1
529,7.93,58.8,19.8,229.7,6.03,2.82,poor,silty clay loam,172.2,18.6,none,municipal,821.6,vezir,sunflower,0,28.6,306.7,85.0,12.7,0.5,0.0,0.0,0.0,0.0,0.149,0
530,6.38,75.0,39.3,273.9,3.55,3.61,excellent,loam,102.4,16.6,none,well,963.2,vezir,hemp,0,25.1,349.7,35.7,21.1,-1.0,0.0,0.0,0.0,0.0,0.492,1
531,5.45,36.9,8.8,146.3,2.67,3.83,good,loam,130.2,13.5,none,rain,489.9,narli,hemp,0,9.6,630.7,38.3,14.5,-1.0,0.0,1.465,0.0,0.0,0.374,0
532,7.41,42.1,8.5,127.8,1.87,2.56,excellent,silty clay loam,90.7,3.3,flood,municipal,802.7,other,cereal,1,34.2,181.6,57.4,15.8,0.0,0.0,1.801,0.0,34.279,0.216,0
533,7.92,66.1,28.5,187.0,2.82,0.86,moderate,silt loam,473.3,12.8,sprinkler,river,898.4,narli,hemp,0,32.0,306.7,79.0,15.4,-1.0,0.0,0.0,0.0,12.556,0.187,0
534,7.7,76.6,34.9,74.7,3.14,0.85,good,loam,231.0,17.2,none,river,261.2,narli,sunflower,1,24.8,430.9,74.2,23.4,0.5,0.0,0.0,0.0,0.0,0.351,1
535,7.77,54.3,18.9,73.3,5.87,2.14,good,loam,478.6,9.6,drip,municipal,301.9,narli,sunflower,1,25.6,531.2,38.9,16.5,0.5,0.0,0.0,0.0,2.61,0.438,1
536,6.78,64.3,12.0,120.2,2.52,2.85,excellent,silt loam,114.5,3.3,drip,well,76.6,vezir,fallow,0,11.8,565.9,53.8,10.4,1.0,0.0,0.329,0.0,1.597,0.558,1
537,5.97,64.2,9.5,172.6,4.98,2.88,excellent,sandy loam,557.6,3.5,drip,river,1035.3,narli,legume,0,34.3,319.1,55.6,20.5,3.0,0.0,1.165,0.0,10.047,0.287,0
538,6.19,25.1,38.4,239.2,3.47,0.55,good,loam,158.8,14.4,drip,well,714.3,other,cereal,0,9.1,529.3,82.5,23.4,0.0,0.0,0.0,0.0,3.217,0.263,0
539,5.87,16.5,34.4,151.3,1.37,0.88,poor,loam,153.1,11.1,flood,well,648.1,vezir,fallow,0,12.4,256.4,61.8,22.8,1.0,1.931,0.0,0.0,20.799,0.24,0
540,5.48,28.1,30.5,133.6,2.8,1.12,poor,silt loam,282.0,10.1,none,river,219.6,narli,hemp,0,28.1,587.1,45.0,18.0,-1.0,0.0,0.0,0.0,0.0,0.269,0
541,5.16,55.7,29.0,254.6,2.39,2.09,good,sandy loam,145.5,4.4,flood,river,559.6,other,hemp,0,20.4,345.4,72.7,22.9,-1.0,0.0,0.0,0.0,18.077,0.361,1
542,7.81,20.0,12.0,60.1,1.17,0.3,poor,silt loam,559.5,7.0,none,river,125.0,vezir,cereal,0,34.2,520.9,53.6,13.9,0.0,1.789,0.302,0.0,0.0,0.124,0
543,7.8,78.9,41.8,86.5,4.5,3.81,poor,clay loam,121.3,2.9,sprinkler,rain,959.4,other,other,0,15.3,501.4,59.0,20.2,0.0,0.0,0.0,0.0,4.689,0.251,0
544,6.49,69.0,23.3,274.0,4.17,0.27,poor,silt loam,431.7,16.0,sprinkler,municipal,46.4,vezir,cereal,1,20.1,151.0,67.5,22.2,0.0,0.0,0.0,0.0,20.846,0.25,0
545,5.14,38.7,30.1,160.4,3.6,0.74,good,silty clay loam,333.6,7.4,flood,rain,207.9,vezir,sunflower,0,17.4,296.2,75.7,20.5,0.5,0.0,0.0,0.0,19.306,0.499,1
546,6.81,72.5,20.3,138.9,3.57,3.04,moderate,sandy loam,219.2,20.2,sprinkler,municipal,603.4,other,cereal,0,23.5,638.6,74.6,21.5,0.0,0.0,0.0,0.0,0.0,0.255,0
547,6.73,31.6,28.4,267.3,5.07,2.77,good,clay loam,87.8,16.2,flood,rain,585.0,vezir,cereal,0,28.2,493.9,84.4,13.2,0.0,0.0,0.0,0.0,6.817,0.32,1
548,7.15,73.1,43.9,236.0,3.72,3.67,good,loam,458.4,7.0,sprinkler,well,1047.7,narli,legume,1,16.0,253.5,76.4,19.5,3.0,0.0,0.0,0.0,19.385,0.646,1
549,6.79,37.3,21.9,126.8,4.41,3.69,poor,clay loam,586.7,11.2,flood,well,296.2,vezir,hemp,0,28.8,361.4,64.4,22.3,-1.0,0.0,0.0,0.0,17.858,0.266,0
550,7.89,64.3,11.2,115.5,1.51,1.06,poor,clay loam,240.3,7.8,none,well,368.7,other,other,0,13.8,355.3,35.5,11.8,0.0,0.0,0.565,0.0,0.0,0.2,0
551,7.09,40.2,42.2,203.8,1.27,2.38,excellent,loam,543.3,6.8,sprinkler,well,333.5,vezir,hemp,1,12.2,568.7,45.0,16.8,-1.0,0.0,0.0,0.0,1.619,0.418,1
552,7.32,17.9,14.8,134.8,4.76,3.4,moderate,clay loam,488.9,20.9,drip,well,197.6,narli,other,0,24.3,161.8,59.8,21.1,0.0,0.0,0.0,0.0,17.209,0.261,0
553,5.1,43.4,34.0,74.7,1.48,3.52,good,clay loam,252.8,20.3,sprinkler,well,46.0,narli,fallow,1,13.3,479.9,62.3,17.8,1.0,0.0,0.0,0.0,5.35,0.219,0
554,5.35,17.6,15.5,126.1,5.11,1.62,good,sandy loam,315.9,0.8,flood,well,347.6,narli,sunflower,0,31.2,550.6,44.4,16.6,0.5,0.0,0.0,0.0,3.677,0.277,1
555,5.44,23.3,26.9,249.5,1.37,2.1,poor,silty clay loam,115.5,14.0,none,municipal,1032.6,vezir,hemp,1,19.7,585.3,74.0,10.4,-1.0,1.129,0.0,0.0,0.0,0.241,0
556,7.6,63.7,12.7,195.3,5.35,3.57,moderate,loam,367.4,6.7,drip,rain,667.8,vezir,legume,0,27.0,538.5,73.6,10.6,3.0,0.0,0.05,0.0,1.953,0.373,1
557,6.82,74.8,39.6,163.4,3.68,3.05,moderate,clay loam,215.5,15.4,flood,well,291.7,vezir,sunflower,0,24.0,263.9,81.3,14.5,0.5,0.0,0.0,0.0,24.389,0.361,1
558,6.0,58.9,18.3,191.5,4.68,0.83,moderate,silt loam,130.2,15.2,flood,river,881.9,other,fallow,1,27.6,588.1,66.9,12.9,1.0,0.0,0.0,0.0,0.918,0.305,1
559,6.45,32.6,29.0,178.2,1.8,2.46,good,sandy loam,580.6,18.0,none,well,91.9,vezir,hemp,0,34.8,441.8,48.9,17.9,-1.0,0.0,0.0,0.0,0.0,0.168,0
560,6.79,46.0,22.3,86.3,2.0,1.51,poor,sandy loam,511.4,6.5,flood,river,866.6,other,other,0,9.1,480.1,38.0,11.6,0.0,0.0,0.0,0.0,8.768,0.226,0
561,7.26,75.3,21.1,112.0,1.13,2.38,moderate,loam,487.3,18.2,sprinkler,well,1050.8,narli,fallow,0,34.4,284.9,59.3,11.3,1.0,0.0,0.0,0.0,14.267,0.125,0
562,5.52,29.3,12.0,112.5,2.7,2.36,excellent,clay loam,143.8,2.7,drip,rain,789.4,vezir,cereal,0,18.4,457.5,54.0,17.6,0.0,0.0,0.372,0.0,5.993,0.508,1
563,6.5,55.0,39.0,193.4,3.05,2.84,excellent,loam,477.1,5.0,flood,municipal,457.5,narli,other,1,14.2,450.2,58.5,10.3,0.0,0.0,0.0,0.0,9.851,0.597,1
564,7.4,40.3,20.8,143.8,3.7,2.92,excellent,sandy loam,273.7,8.0,flood,municipal,1004.5,vezir,hemp,1,13.9,442.7,60.9,17.4,-1.0,0.0,0.0,0.0,10.953,0.575,1
565,5.48,55.0,28.5,115.1,3.89,1.1,moderate,silt loam,102.1,9.9,sprinkler,river,462.2,narli,fallow,1,31.5,460.5,63.6,21.0,1.0,0.0,0.0,0.0,6.676,0.238,0
566,6.41,42.5,14.2,63.8,6.29,2.45,poor,sandy loam,468.2,6.3,sprinkler,well,861.4,other,sunflower,0,12.1,616.1,47.3,10.1,0.5,0.0,0.0,0.0,0.0,0.269,0
567,5.4,18.1,13.8,89.1,5.74,3.35,good,clay loam,162.6,4.3,drip,river,195.1,other,legume,1,18.2,150.3,58.0,21.2,3.0,0.0,0.0,0.0,16.896,0.472,1
568,6.58,77.5,42.9,137.9,4.33,2.9,excellent,silt loam,323.6,9.3,none,river,889.2,narli,legume,0,17.9,299.2,65.2,15.8,3.0,0.0,0.0,0.0,0.0,0.766,1
569,6.92,24.6,40.0,233.9,5.12,2.63,good,clay loam,161.8,0.9,sprinkler,rain,293.2,vezir,hemp,0,18.0,252.3,41.5,23.4,-1.0,0.0,0.0,0.0,16.224,0.622,1
570,6.12,37.8,41.6,255.2,5.8,0.4,good,silt loam,496.2,12.4,drip,rain,93.2,vezir,cereal,1,21.7,155.5,40.1,20.4,0.0,0.0,0.0,0.0,18.365,0.487,1
571,6.0,54.8,20.8,131.8,3.02,3.22,poor,clay loam,459.9,9.8,drip,well,1098.5,narli,hemp,1,27.3,515.7,66.8,12.0,-1.0,0.0,0.0,0.0,3.303,0.318,1
572,5.66,17.9,8.4,89.2,3.3,0.86,moderate,clay loam,337.3,6.0,sprinkler,well,1090.3,narli,legume,1,21.0,183.0,58.4,23.7,3.0,0.0,1.651,0.0,21.119,0.546,1
573,7.94,70.3,43.4,116.8,4.07,3.57,good,silt loam,325.5,14.9,flood,river,264.3,narli,hemp,0,16.9,404.4,59.9,20.1,-1.0,0.0,0.0,0.0,12.509,0.435,1
574,5.32,24.6,16.3,232.4,5.84,1.07,moderate,sandy loam,424.5,11.4,none,rain,472.8,vezir,sunflower,1,12.4,390.6,81.4,10.9,0.5,0.0,0.0,0.0,0.0,0.311,0
575,5.09,75.9,12.4,111.9,5.84,2.02,excellent,silty clay loam,144.1,9.7,sprinkler,municipal,282.7,narli,sunflower,1,16.8,338.4,39.1,11.1,0.5,0.0,0.164,0.0,11.159,0.439,1
576,5.28,78.1,37.9,202.6,6.46,0.11,moderate,sandy loam,97.4,21.6,flood,municipal,739.3,narli,legume,1,16.4,200.0,84.8,11.2,3.0,0.0,0.0,0.0,25.021,0.289,0
577,6.47,32.4,18.8,244.1,1.39,2.49,moderate,sandy loam,288.2,18.8,sprinkler,well,556.1,narli,other,1,18.6,319.3,43.1,16.6,0.0,0.0,0.0,0.0,12.813,0.381,1
578,7.44,42.2,42.4,234.7,5.66,2.7,moderate,loam,287.5,15.6,drip,well,83.4,narli,cereal,1,20.1,224.7,38.7,20.8,0.0,0.0,0.0,0.0,13.998,0.371,1
579,7.83,50.9,29.7,266.2,2.15,1.95,poor,silt loam,110.8,4.6,drip,well,53.9,vezir,hemp,1,21.4,479.2,54.9,19.9,-1.0,0.0,0.0,0.0,4.423,0.343,0
580,6.27,35.5,41.9,184.6,4.85,0.13,moderate,silt loam,261.2,11.0,flood,river,65.4,narli,cereal,0,21.4,288.9,45.1,12.5,0.0,0.0,0.0,0.0,22.704,0.441,1
581,5.31,65.2,43.9,104.4,1.81,2.75,good,silty clay loam,246.6,11.9,sprinkler,rain,851.3,other,legume,0,27.4,423.6,61.9,20.6,3.0,0.0,0.0,0.0,7.486,0.418,1
582,7.38,45.8,40.5,264.4,6.03,2.47,moderate,silt loam,504.2,5.3,flood,municipal,982.8,narli,cereal,0,23.6,347.4,35.2,13.2,0.0,0.0,0.0,0.0,17.338,0.506,1
583,7.41,49.8,41.3,266.8,1.09,3.49,good,silty clay loam,404.7,11.2,sprinkler,municipal,862.0,narli,hemp,0,16.9,422.5,45.0,19.6,-1.0,0.0,0.0,0.0,8.698,0.518,1
584,5.39,63.7,17.6,204.6,4.69,1.72,excellent,loam,442.9,8.3,flood,municipal,1097.7,other,fallow,0,10.1,227.8,41.1,23.1,1.0,0.0,0.0,0.0,21.134,0.352,1
585,7.29,36.9,26.5,243.7,3.94,2.09,excellent,silty clay loam,181.4,2.3,drip,municipal,210.5,narli,fallow,0,27.6,605.5,66.0,23.6,1.0,0.0,0.0,0.0,0.0,0.681,1
586,6.57,59.8,15.2,278.0,5.17,1.47,good,clay loam,479.7,9.8,none,river,200.9,other,other,0,23.8,498.7,83.8,20.4,0.0,0.0,0.0,0.0,0.0,0.515,1
587,6.11,73.5,9.3,101.4,4.14,0.17,good,silt loam,261.0,18.5,flood,rain,112.0,narli,fallow,0,28.7,446.4,58.7,17.8,1.0,0.0,1.197,0.0,11.868,0.407,1
588,7.36,56.5,17.1,178.2,3.34,0.25,poor,sandy loam,564.6,14.8,sprinkler,municipal,900.9,narli,sunflower,1,19.1,187.2,61.5,11.1,0.5,0.0,0.0,0.0,20.643,0.222,0
589,7.61,75.5,30.3,247.3,2.99,0.47,good,silt loam,204.6,3.2,sprinkler,well,270.0,vezir,sunflower,0,22.9,420.7,78.0,21.4,0.5,0.0,0.0,0.0,8.356,0.481,1
590,6.66,34.3,41.1,225.5,1.22,3.68,excellent,sandy loam,401.6,6.3,drip,river,94.2,other,legume,1,20.9,384.6,53.1,17.6,3.0,0.0,0.0,0.0,8.377,0.689,1
591,6.95,52.0,40.1,198.8,1.09,0.95,moderate,loam,448.0,18.2,sprinkler,rain,25.7,other,sunflower,0,27.7,570.9,59.6,13.3,0.5,0.0,0.0,0.0,1.199,0.32,0
592,5.88,23.9,44.0,150.5,4.18,1.15,poor,clay loam,167.9,13.5,drip,well,458.0,narli,other,1,11.5,242.2,67.0,11.7,0.0,0.0,0.0,0.0,16.23,0.22,0
593,7.05,23.6,16.1,271.1,4.16,2.64,poor,sandy loam,259.7,7.8,none,river,178.7,other,legume,0,16.8,355.6,68.0,19.5,3.0,0.0,0.0,0.0,0.0,0.314,1
594,6.06,71.5,39.8,205.7,3.69,3.8,excellent,sandy loam,166.2,9.8,sprinkler,well,863.9,narli,other,0,15.8,356.7,79.1,12.0,0.0,0.0,0.0,0.0,11.874,0.561,1
595,6.04,56.9,24.6,211.5,2.52,1.96,excellent,silt loam,113.1,5.2,sprinkler,well,863.5,other,hemp,1,34.6,425.9,67.1,12.0,-1.0,0.0,0.0,0.0,8.359,0.268,0
596,7.59,48.6,19.5,148.8,1.35,3.83,poor,loam,541.3,5.9,sprinkler,river,697.7,other,legume,1,8.5,534.2,73.5,15.9,3.0,0.0,0.0,0.0,3.638,0.167,0
597,7.09,32.7,15.4,148.4,5.63,2.45,good,sandy loam,240.4,13.9,sprinkler,municipal,69.5,vezir,sunflower,0,14.5,316.7,46.4,23.4,0.5,0.0,0.0,0.0,12.942,0.457,1
598,6.23,17.9,25.3,177.7,5.06,0.5,excellent,loam,148.0,5.1,flood,well,59.5,narli,fallow,0,34.8,471.5,79.5,22.5,1.0,0.0,0.0,0.0,8.511,0.269,0
599,7.24,76.0,16.9,164.7,2.52,0.75,poor,clay loam,493.9,5.2,none,municipal,128.1,other,fallow,1,23.5,150.0,69.8,23.1,1.0,0.0,0.0,0.0,0.0,0.368,1
600,7.94,52.2,32.7,102.4,5.52,1.01,poor,loam,133.6,5.0,sprinkler,municipal,517.7,other,hemp,1,11.6,208.9,80.6,12.9,-1.0,0.0,0.0,0.0,21.53,0.199,0
601,7.7,45.8,8.3,142.4,3.93,2.77,excellent,sandy loam,69.2,3.9,drip,river,468.3,vezir,cereal,0,12.5,506.8,70.7,22.4,0.0,0.0,1.465,0.0,3.051,0.382,1
602,6.76,36.5,24.8,242.3,4.27,2.68,moderate,clay loam,266.4,13.6,none,municipal,361.0,other,cereal,0,29.6,567.8,44.8,14.1,0.0,0.0,0.0,0.0,0.0,0.309,1
603,5.16,62.9,27.7,248.6,4.08,1.64,moderate,sandy loam,320.4,12.1,sprinkler,river,279.7,narli,fallow,0,22.7,187.1,62.0,11.2,1.0,0.0,0.0,0.0,19.676,0.371,1
604,7.48,17.9,26.1,244.3,1.77,3.18,poor,silty clay loam,105.7,10.0,none,well,816.8,vezir,hemp,1,15.5,573.6,36.5,20.7,-1.0,2.543,0.0,0.0,0.0,0.279,0
605,5.49,63.2,31.6,77.8,4.78,1.98,poor,clay loam,474.5,12.1,flood,well,870.5,other,fallow,1,12.0,326.7,54.0,11.6,1.0,0.0,0.0,0.0,18.657,0.173,0
606,5.26,67.8,30.2,186.8,3.62,2.02,poor,loam,121.9,16.9,drip,municipal,429.8,narli,fallow,0,8.7,449.6,35.1,13.7,1.0,0.0,0.0,0.0,6.765,0.095,0
607,6.22,51.6,16.7,92.8,2.48,0.99,good,silt loam,403.6,8.4,sprinkler,rain,808.0,other,other,1,20.7,353.4,47.0,18.4,0.0,0.0,0.0,0.0,9.199,0.818,1
608,7.32,65.6,43.3,248.4,3.89,0.59,poor,silt loam,485.2,20.5,none,municipal,921.7,narli,fallow,0,27.9,280.8,71.7,23.5,1.0,0.0,0.0,0.0,0.0,0.189,0
609,7.15,27.2,32.0,147.9,2.33,2.72,moderate,clay loam,379.1,6.8,sprinkler,municipal,460.3,narli,legume,1,19.3,508.5,53.4,20.2,3.0,0.0,0.0,0.0,4.12,0.623,1
610,5.25,71.8,38.4,124.2,6.4,1.62,good,silt loam,459.4,19.1,drip,river,455.5,narli,other,0,17.2,491.6,49.7,23.4,0.0,0.0,0.0,0.0,4.74,0.277,1
611,5.87,52.4,38.1,171.1,6.05,3.11,poor,silt loam,160.0,15.5,sprinkler,municipal,378.1,narli,hemp,0,26.8,486.8,52.0,14.1,-1.0,0.0,0.0,0.0,5.348,0.27,0
612,5.65,78.0,38.5,102.8,3.89,2.39,poor,clay loam,442.5,17.8,drip,well,122.1,other,hemp,0,27.5,543.7,62.2,18.5,-1.0,0.0,0.0,0.0,2.232,0.178,0
613,5.97,29.7,40.6,248.1,4.98,3.83,excellent,silt loam,595.0,2.5,none,well,31.5,narli,cereal,0,34.9,164.7,40.3,20.9,0.0,0.0,0.0,0.0,0.0,0.22,0
614,5.73,39.5,25.5,214.6,2.45,1.21,poor,clay loam,551.7,19.5,sprinkler,rain,417.3,vezir,cereal,0,10.1,451.8,75.4,22.2,0.0,0.0,0.0,0.0,7.499,0.139,0
615,6.03,16.7,13.2,279.3,2.07,3.28,moderate,loam,371.8,11.4,drip,river,507.4,vezir,sunflower,0,10.5,616.9,69.8,22.0,0.5,0.93,0.0,0.0,0.0,0.364,1
616,7.49,56.0,36.8,134.2,3.71,1.64,excellent,sandy loam,321.2,2.6,sprinkler,rain,862.7,narli,legume,0,31.6,177.7,79.2,15.1,3.0,0.0,0.0,0.0,17.17,0.333,1
617,5.22,76.1,15.9,269.6,5.22,1.09,good,silt loam,50.2,9.7,sprinkler,rain,637.8,vezir,other,0,19.5,430.7,80.1,18.7,0.0,0.0,0.0,0.0,7.614,0.572,1
618,5.35,34.8,28.5,234.6,6.42,3.14,good,silt loam,157.7,19.1,sprinkler,rain,69.8,narli,other,1,27.5,176.7,68.4,16.3,0.0,0.0,0.0,0.0,20.924,0.251,1
619,7.41,33.6,14.7,63.5,6.47,3.97,moderate,clay loam,458.6,15.7,none,rain,959.1,other,sunflower,0,25.3,529.7,72.3,19.5,0.5,0.0,0.0,0.0,0.0,0.323,0
620,5.44,65.9,29.4,200.1,4.13,0.67,poor,silt loam,32.3,11.3,flood,river,1049.6,narli,legume,1,29.1,559.7,49.7,12.0,3.0,0.0,0.0,0.0,2.51,0.184,0
621,7.97,45.7,22.7,85.9,5.2,3.89,poor,clay loam,120.9,5.1,sprinkler,river,371.8,other,fallow,0,25.6,599.3,61.0,19.2,1.0,0.0,0.0,0.0,0.035,0.219,0
622,5.01,37.4,23.1,206.0,6.4,3.62,excellent,silt loam,37.4,17.8,sprinkler,rain,657.8,vezir,fallow,0,19.7,283.0,74.2,15.4,1.0,0.0,0.0,0.0,16.506,0.308,0
623,6.28,58.7,33.4,92.1,2.05,2.16,good,sandy loam,166.1,4.6,flood,rain,604.8,narli,fallow,0,16.4,404.5,66.3,10.6,1.0,0.0,0.0,0.0,12.39,0.69,1
624,5.02,70.4,24.1,145.9,5.87,0.34,poor,sandy loam,503.6,16.9,sprinkler,well,107.7,narli,fallow,1,34.2,577.2,37.4,10.9,1.0,0.0,0.0,0.0,1.186,0.055,0
625,5.96,44.5,36.6,249.8,3.87,3.5,excellent,clay loam,383.6,1.6,flood,river,708.5,vezir,legume,0,19.9,449.4,54.5,10.8,3.0,0.0,0.0,0.0,10.007,0.537,1
626,6.23,23.5,13.1,64.3,5.39,3.01,excellent,clay loam,555.2,20.3,sprinkler,well,850.6,vezir,legume,1,22.1,416.8,38.4,12.7,3.0,0.0,0.0,0.0,7.967,0.379,1
627,5.51,37.4,43.6,83.9,4.0,0.41,poor,loam,512.7,19.8,sprinkler,well,104.9,narli,legume,1,13.9,360.9,76.3,23.7,3.0,0.0,0.0,0.0,8.479,0.158,0
628,6.13,27.4,24.6,256.1,4.0,1.3,poor,loam,521.4,7.4,sprinkler,rain,337.5,narli,legume,0,15.7,176.5,57.6,19.5,3.0,0.0,0.0,0.0,19.366,0.437,1
629,6.5,48.4,41.9,76.5,5.59,2.59,excellent,silty clay loam,331.0,4.4,sprinkler,municipal,581.0,vezir,cereal,0,17.2,564.9,74.2,19.6,0.0,0.0,0.0,0.0,1.769,0.638,1
630,7.47,30.8,12.3,173.4,3.99,3.98,excellent,sandy loam,216.3,12.8,none,well,552.3,other,fallow,0,25.2,351.4,81.4,11.7,1.0,0.0,0.204,0.0,0.0,0.503,1
631,7.42,70.9,8.6,228.2,3.07,0.66,moderate,loam,149.9,8.0,sprinkler,well,1091.5,other,other,1,29.0,419.5,57.4,11.5,0.0,0.0,1.63,0.0,8.562,0.31,1
632,7.31,26.3,44.3,90.5,4.12,3.88,poor,silty clay loam,362.6,17.1,flood,river,484.4,other,fallow,1,22.8,158.1,42.9,22.5,1.0,0.0,0.0,0.0,30.998,0.191,0
633,6.63,78.4,30.1,212.1,3.79,1.24,moderate,silt loam,531.8,7.8,drip,well,326.3,vezir,other,0,20.4,555.1,80.6,19.7,0.0,0.0,0.0,0.0,2.042,0.64,1
634,6.2,40.4,15.3,229.2,4.61,0.2,excellent,silt loam,240.7,2.2,drip,rain,554.5,other,hemp,1,12.0,461.8,80.8,17.1,-1.0,0.0,0.0,0.0,5.321,0.466,1
635,7.25,66.4,27.7,209.9,1.0,2.61,moderate,silt loam,50.1,6.3,drip,municipal,836.0,vezir,hemp,0,17.0,378.3,36.9,19.4,-1.0,0.0,0.0,0.0,9.924,0.566,1
636,7.56,32.4,14.8,175.2,3.53,1.64,moderate,silt loam,499.4,13.6,sprinkler,river,704.7,narli,other,0,23.6,284.6,54.6,22.1,0.0,0.0,0.0,0.0,14.318,0.388,1
637,5.49,20.2,33.2,132.1,3.93,1.42,excellent,loam,550.1,7.9,sprinkler,river,455.9,other,cereal,0,14.0,414.9,74.1,15.2,0.0,0.0,0.0,0.0,7.759,0.499,1
638,6.17,38.8,43.2,167.7,2.45,1.61,good,sandy loam,373.7,16.8,flood,municipal,262.1,narli,sunflower,0,11.2,487.7,60.6,18.1,0.5,0.0,0.0,0.0,7.761,0.389,1
639,7.11,52.8,18.0,68.3,5.61,0.92,good,sandy loam,208.6,10.3,flood,municipal,238.5,narli,other,1,24.7,257.2,56.0,20.2,0.0,0.0,0.0,0.0,24.141,0.525,1
640,5.95,16.0,31.0,269.6,1.82,3.47,poor,silt loam,571.2,17.5,drip,municipal,211.5,vezir,fallow,0,34.9,498.0,61.2,17.9,1.0,0.986,0.0,0.0,4.201,0.076,0
641,6.54,51.3,36.4,148.5,5.9,3.75,excellent,clay loam,53.9,7.5,none,rain,602.0,vezir,sunflower,0,11.7,503.1,60.5,23.8,0.5,0.0,0.0,0.0,0.0,0.469,1
642,6.27,38.6,40.1,233.3,5.63,1.22,moderate,silt loam,575.6,20.1,drip,rain,1084.2,narli,cereal,0,8.2,169.7,42.8,14.3,0.0,0.0,0.0,0.0,17.447,0.197,0
643,7.48,79.4,12.3,131.7,2.75,0.91,good,silt loam,298.7,11.7,none,river,756.6,vezir,sunflower,1,22.0,458.5,54.3,18.7,0.5,0.0,0.201,0.0,0.0,0.454,1
644,7.81,42.5,41.3,233.5,4.96,1.24,excellent,loam,453.2,3.3,sprinkler,municipal,330.9,narli,fallow,1,30.0,503.8,75.4,11.5,1.0,0.0,0.0,0.0,5.075,0.464,1
645,6.88,55.6,10.2,222.4,5.87,2.13,excellent,silt loam,303.9,4.9,none,municipal,46.2,narli,hemp,0,27.1,482.6,43.8,12.5,-1.0,0.0,0.968,0.0,0.0,0.94,1
646,6.69,32.3,13.0,94.0,4.14,0.23,moderate,silty clay loam,72.3,18.1,none,rain,991.6,other,cereal,0,18.6,424.7,44.1,16.2,0.0,0.0,0.0,0.0,0.0,0.316,0
647,7.18,75.2,32.2,272.7,6.26,3.71,good,loam,120.1,12.9,sprinkler,rain,972.1,narli,other,0,16.8,576.9,38.8,14.2,0.0,0.0,0.0,0.0,1.189,0.486,1
648,6.09,77.7,37.2,248.3,3.97,1.35,good,silt loam,262.4,11.0,none,rain,256.4,vezir,sunflower,1,8.5,316.3,78.3,18.1,0.5,0.0,0.0,0.0,0.0,0.394,1
649,7.54,52.8,8.1,185.6,3.42,0.73,good,loam,406.7,13.3,none,well,251.4,other,sunflower,1,33.7,622.9,60.9,11.8,0.5,0.0,2.058,0.0,0.0,0.187,0
650,6.09,62.4,34.9,71.9,2.04,0.25,poor,silt loam,461.4,11.0,none,rain,397.3,narli,other,0,27.0,336.1,60.7,12.6,0.0,0.0,0.0,0.0,0.0,0.331,1
651,7.31,28.1,18.3,126.5,6.07,2.62,good,sandy loam,286.9,8.0,sprinkler,river,961.8,other,legume,1,12.0,438.6,74.0,20.2,3.0,0.0,0.0,0.0,8.411,0.466,1
652,6.43,57.5,35.2,102.4,4.37,0.87,poor,silty clay loam,261.0,10.6,sprinkler,rain,120.4,narli,cereal,1,25.1,515.9,40.8,12.2,0.0,0.0,0.0,0.0,3.94,0.337,1
653,5.35,65.1,32.9,85.5,3.1,0.51,moderate,sandy loam,90.2,16.0,none,river,800.8,other,other,0,28.5,616.2,44.9,18.7,0.0,0.0,0.0,0.0,0.0,0.216,0
654,6.01,49.8,32.4,160.2,5.82,3.26,poor,loam,463.3,6.6,drip,well,327.2,other,other,1,22.2,611.0,78.0,18.1,0.0,0.0,0.0,0.0,0.0,0.415,1
655,5.58,70.0,44.8,137.0,3.09,3.18,poor,loam,435.1,12.7,flood,river,861.6,other,hemp,0,29.0,264.4,57.7,12.0,-1.0,0.0,0.0,0.0,20.169,0.189,0
656,6.16,64.6,12.8,246.2,2.43,0.39,moderate,sandy loam,101.7,10.9,drip,rain,153.0,other,cereal,0,23.1,289.0,43.3,18.7,0.0,0.0,0.008,0.0,13.656,0.391,1
657,5.39,70.9,27.6,267.9,1.59,1.35,moderate,sandy loam,148.7,15.8,flood,well,289.7,narli,legume,0,32.5,352.8,59.8,22.8,3.0,0.0,0.0,0.0,17.987,0.155,0
658,5.19,43.8,33.1,279.6,3.05,1.76,moderate,loam,165.7,18.6,sprinkler,municipal,518.7,narli,legume,1,9.6,209.3,74.2,11.7,3.0,0.0,0.0,0.0,16.853,0.161,0
659,5.83,76.3,26.1,153.2,1.23,0.15,poor,silt loam,279.7,3.7,drip,well,1072.1,other,legume,0,13.3,171.2,57.6,13.5,3.0,0.0,0.0,0.0,18.357,0.292,0
660,7.61,38.5,27.6,120.6,2.65,3.22,moderate,sandy loam,428.4,1.0,none,river,396.8,other,other,1,19.5,364.7,47.7,10.4,0.0,0.0,0.0,0.0,0.0,0.426,1
661,6.21,68.5,42.0,156.7,2.4,1.81,excellent,clay loam,497.5,2.2,drip,river,917.1,other,hemp,1,9.6,283.0,55.7,11.4,-1.0,0.0,0.0,0.0,13.697,0.441,1
662,5.35,44.1,26.0,162.8,6.03,0.25,good,silty clay loam,156.9,17.0,drip,municipal,640.1,vezir,cereal,0,27.1,308.3,43.6,13.6,0.0,0.0,0.0,0.0,11.218,0.282,1
663,7.74,65.9,27.6,168.4,2.23,0.35,excellent,silty clay loam,274.6,3.1,none,rain,671.2,other,sunflower,1,32.5,627.7,42.4,16.8,0.5,0.0,0.0,0.0,0.0,0.271,0
664,7.49,64.5,24.2,106.4,4.79,2.11,good,silty clay loam,349.7,2.9,none,well,92.4,vezir,cereal,0,30.9,627.9,42.0,13.0,0.0,0.0,0.0,0.0,0.0,0.419,1
665,7.52,57.9,32.4,198.8,4.63,1.11,poor,loam,234.2,15.6,none,river,989.2,narli,hemp,0,27.7,418.8,66.3,23.5,-1.0,0.0,0.0,0.0,0.0,0.163,0
666,7.91,75.3,41.1,126.9,1.76,3.06,excellent,silt loam,322.7,16.4,sprinkler,rain,1070.3,vezir,hemp,0,22.6,180.9,36.3,17.6,-1.0,0.0,0.0,0.0,16.872,0.34,1
667,6.69,34.5,22.9,228.2,4.67,3.74,excellent,silty clay loam,176.8,4.1,none,river,520.4,vezir,fallow,0,26.1,574.0,68.2,10.7,1.0,0.0,0.0,0.0,0.0,0.621,1
668,7.37,66.4,23.7,138.0,1.24,3.61,moderate,loam,302.8,15.0,sprinkler,municipal,800.7,vezir,legume,0,20.4,548.9,75.2,19.4,3.0,0.0,0.0,0.0,2.55,0.283,1
669,7.51,39.5,28.2,218.5,6.15,1.77,good,clay loam,316.8,3.8,none,well,185.2,vezir,legume,1,12.3,616.7,64.0,13.4,3.0,0.0,0.0,0.0,0.0,0.461,1
670,7.9,77.4,36.8,118.5,3.2,2.82,moderate,silty clay loam,43.8,9.9,flood,rain,537.9,other,hemp,0,9.8,161.0,76.7,11.2,-1.0,0.0,0.0,0.0,34.082,0.25,0
671,6.98,79.2,31.7,95.9,5.51,0.9,excellent,sandy loam,154.9,10.7,none,well,389.1,narli,legume,0,16.7,405.5,55.0,20.9,3.0,0.0,0.0,0.0,0.0,0.787,1
672,7.25,47.2,17.7,195.6,3.36,2.64,moderate,silt loam,178.7,17.4,none,rain,932.7,vezir,other,0,32.6,523.8,73.6,11.8,0.0,0.0,0.0,0.0,0.0,0.118,0
673,7.19,71.3,25.1,181.3,1.53,0.41,good,clay loam,319.8,21.9,sprinkler,municipal,692.4,vezir,other,1,15.2,361.1,68.2,18.6,0.0,0.0,0.0,0.0,9.941,0.334,1
674,6.65,35.3,26.7,184.8,4.79,3.48,good,silt loam,361.2,21.5,drip,well,154.0,narli,other,0,12.9,572.4,74.1,23.9,0.0,0.0,0.0,0.0,1.128,0.395,1
675,6.27,62.3,16.4,191.1,5.14,2.27,excellent,loam,264.3,5.8,sprinkler,well,575.8,vezir,sunflower,1,9.5,392.8,37.5,18.3,0.5,0.0,0.0,0.0,10.766,0.508,1
676,6.74,26.6,18.9,142.8,3.06,3.47,excellent,clay loam,308.6,1.6,none,municipal,194.8,vezir,sunflower,0,17.8,528.1,52.0,22.5,0.5,0.0,0.0,0.0,0.0,0.709,1
677,7.42,16.9,12.8,248.5,3.03,3.22,excellent,loam,515.5,4.5,none,municipal,776.6,narli,legume,1,17.0,454.1,46.4,10.8,3.0,0.0,0.008,0.0,0.0,0.667,1
678,5.52,34.1,43.6,235.6,3.36,3.54,excellent,silt loam,252.7,16.9,drip,rain,50.0,narli,cereal,1,34.6,196.2,80.5,21.9,0.0,0.0,0.0,0.0,14.525,0.153,0
679,7.71,49.9,12.0,189.5,6.4,1.98,excellent,silty clay loam,94.2,19.3,sprinkler,municipal,499.6,narli,sunflower,0,34.8,354.3,48.2,12.3,0.5,0.0,0.324,0.0,11.488,0.093,0
680,5.16,49.4,16.5,227.1,3.63,0.99,good,silty clay loam,443.1,19.1,drip,rain,618.4,other,cereal,1,15.1,407.0,50.5,11.7,0.0,0.0,0.0,0.0,8.006,0.228,0
681,7.85,18.1,33.0,154.4,2.68,1.53,excellent,silt loam,449.1,19.2,drip,well,171.1,narli,cereal,0,34.6,292.7,61.9,20.7,0.0,0.0,0.0,0.0,14.74,0.117,0
682,7.95,44.3,41.3,147.6,2.13,2.69,moderate,clay loam,118.4,4.6,none,river,905.2,vezir,sunflower,0,25.7,180.4,77.3,18.5,0.5,0.0,0.0,0.0,0.0,0.364,1
683,6.83,66.5,16.5,218.2,3.77,0.66,moderate,silt loam,511.7,19.4,drip,well,946.5,other,other,0,21.9,507.6,54.8,16.6,0.0,0.0,0.0,0.0,4.045,0.269,0
684,5.52,31.5,41.9,270.2,2.44,1.77,moderate,silty clay loam,529.8,15.3,none,river,506.4,other,legume,1,26.5,527.8,75.0,19.4,3.0,0.0,0.0,0.0,0.0,0.24,0
685,7.62,62.8,37.7,184.9,3.34,2.39,moderate,silty clay loam,55.3,21.9,flood,rain,645.1,narli,hemp,1,30.7,490.5,47.7,13.3,-1.0,0.0,0.0,0.0,8.394,0.185,0
686,7.89,61.2,14.5,89.1,2.12,2.27,moderate,silty clay loam,280.7,11.7,sprinkler,well,183.0,narli,other,0,21.5,345.9,75.8,23.2,0.0,0.0,0.0,0.0,12.059,0.392,1
687,7.77,25.9,12.5,239.6,1.08,1.0,poor,sandy loam,56.6,11.7,none,rain,429.8,narli,legume,0,25.0,485.7,62.9,21.2,3.0,0.0,0.115,0.0,0.0,0.247,0
688,5.89,39.2,37.5,123.5,6.04,1.02,good,silt loam,396.9,14.3,drip,well,869.1,vezir,hemp,0,28.7,425.2,41.9,14.4,-1.0,0.0,0.0,0.0,8.283,0.407,1
689,7.2,79.6,24.9,225.4,6.04,0.11,good,silt loam,572.4,13.1,none,well,377.9,other,legume,0,34.3,484.2,56.1,11.3,3.0,0.0,0.0,0.0,0.0,0.182,0
690,5.26,20.9,39.1,278.5,2.24,1.2,excellent,silty clay loam,207.9,9.1,flood,rain,65.3,other,legume,1,23.2,247.3,56.0,12.8,3.0,0.0,0.0,0.0,20.983,0.414,1
691,6.38,16.0,16.7,155.4,4.05,3.6,poor,clay loam,326.9,15.2,none,well,413.2,vezir,fallow,0,17.8,571.9,63.5,22.6,1.0,0.0,0.0,0.0,0.0,0.307,0
692,5.4,72.3,36.3,138.9,5.67,2.56,moderate,clay loam,28.5,21.5,drip,municipal,1029.3,narli,hemp,1,21.8,635.8,40.9,16.8,-1.0,0.0,0.0,0.0,0.0,0.244,0
693,5.22,50.2,37.5,201.9,1.8,0.46,excellent,loam,272.7,4.3,sprinkler,rain,381.0,other,legume,0,29.9,590.8,80.7,13.7,3.0,0.0,0.0,0.0,0.498,0.422,1
694,6.04,34.1,26.0,243.7,2.75,3.14,moderate,sandy loam,510.1,3.5,flood,rain,916.9,other,fallow,1,27.8,181.7,55.0,23.0,1.0,0.0,0.0,0.0,27.555,0.47,1
695,7.54,45.6,14.6,95.9,4.08,1.38,good,sandy loam,53.9,10.9,sprinkler,river,764.0,other,hemp,1,11.7,359.8,54.5,23.1,-1.0,0.0,0.0,0.0,10.623,0.403,1
696,5.18,37.8,28.8,213.6,6.22,0.46,good,sandy loam,374.0,18.6,drip,well,360.2,vezir,legume,0,9.2,331.4,82.4,22.1,3.0,0.0,0.0,0.0,11.445,0.143,0
697,6.78,59.2,8.2,166.5,5.98,3.34,poor,silty clay loam,352.9,7.2,flood,municipal,265.2,other,cereal,0,22.1,356.6,62.8,13.0,0.0,0.0,1.885,0.0,15.486,0.321,1
698,6.42,22.5,38.9,79.4,4.43,2.91,moderate,clay loam,137.3,7.2,drip,river,993.8,other,legume,1,17.0,226.9,73.7,19.3,3.0,0.0,0.0,0.0,16.92,0.522,1
699,7.37,38.4,17.5,228.1,5.53,1.42,moderate,clay loam,327.4,9.2,flood,rain,62.0,vezir,hemp,1,22.8,644.9,84.8,22.5,-1.0,0.0,0.0,0.0,0.0,0.4,1
700,5.95,29.8,42.1,235.5,4.47,3.41,excellent,loam,333.3,7.6,drip,rain,901.6,vezir,other,1,17.7,459.9,52.6,15.1,0.0,0.0,0.0,0.0,6.831,0.587,1
701,6.0,64.8,12.0,168.5,4.85,2.95,poor,loam,77.8,2.3,drip,rain,861.2,vezir,legume,0,26.5,221.2,75.3,19.9,3.0,0.0,0.296,0.0,15.402,0.333,1
702,6.9,41.4,31.0,262.3,2.73,3.69,good,sandy loam,415.9,22.0,drip,river,216.8,vezir,fallow,1,34.0,155.3,78.0,20.6,1.0,0.0,0.0,0.0,20.052,0.203,0
703,7.72,37.6,37.5,211.0,4.24,1.82,good,sandy loam,274.1,1.4,none,well,846.2,other,cereal,0,20.5,425.4,81.5,19.9,0.0,0.0,0.0,0.0,0.0,0.491,1
704,7.25,19.3,8.4,146.4,6.27,2.53,good,sandy loam,137.9,19.8,drip,well,319.6,narli,legume,0,19.6,403.2,69.9,20.6,3.0,0.0,1.792,0.0,6.913,0.512,1
705,6.01,55.0,41.0,271.2,2.98,3.06,moderate,silt loam,417.9,7.8,drip,municipal,439.0,narli,legume,0,21.1,620.3,35.7,10.3,3.0,0.0,0.0,0.0,0.0,0.501,1
706,5.22,40.1,24.3,117.8,5.28,3.59,excellent,silty clay loam,174.9,15.1,sprinkler,river,635.9,vezir,sunflower,0,34.0,337.5,46.3,10.0,0.5,0.0,0.0,0.0,12.018,0.15,0
707,6.9,68.8,10.7,106.8,3.09,1.09,excellent,loam,185.8,10.4,flood,river,648.7,other,cereal,0,23.5,539.5,45.9,13.1,0.0,0.0,0.813,0.0,4.848,0.598,1
708,6.71,56.8,41.0,244.6,1.26,1.05,excellent,silty clay loam,166.9,0.8,drip,well,434.7,vezir,cereal,0,24.6,153.2,79.8,14.7,0.0,0.0,0.0,0.0,21.905,0.549,1
709,6.63,36.0,28.9,100.9,1.94,2.97,excellent,silt loam,117.1,1.5,sprinkler,rain,744.7,narli,legume,0,11.8,335.0,61.0,11.1,3.0,0.0,0.0,0.0,14.435,0.593,1
710,5.0,43.9,11.4,135.7,1.89,2.88,poor,loam,129.6,15.6,sprinkler,well,718.8,other,other,0,9.8,603.5,61.2,11.7,0.0,0.0,0.531,0.0,0.0,0.111,0
711,5.34,43.4,27.8,133.1,4.03,2.95,good,silty clay loam,454.8,15.3,none,river,780.3,narli,hemp,0,9.2,175.2,84.6,14.8,-1.0,0.0,0.0,0.0,0.0,0.205,0
712,5.65,50.6,21.9,267.4,3.8,2.37,moderate,silty clay loam,180.1,21.2,flood,well,729.9,other,cereal,1,28.4,231.3,37.7,17.7,0.0,0.0,0.0,0.0,21.737,0.236,0
713,5.47,31.4,18.3,167.2,2.53,0.92,moderate,silty clay loam,453.7,1.9,flood,river,777.2,other,cereal,0,27.8,213.8,66.7,23.7,0.0,0.0,0.0,0.0,29.378,0.448,1
714,5.39,43.5,21.3,264.7,4.82,0.5,good,loam,44.0,17.2,sprinkler,well,471.4,narli,hemp,1,13.3,491.1,76.2,14.8,-1.0,0.0,0.0,0.0,4.725,0.256,1
715,5.29,49.9,12.9,75.6,1.13,0.73,poor,clay loam,415.9,18.0,drip,rain,342.4,other,legume,0,12.3,524.5,61.5,11.7,3.0,0.0,0.0,0.0,3.429,0.107,0
716,7.46,19.3,22.3,95.7,4.12,3.23,moderate,sandy loam,263.5,0.8,drip,municipal,458.3,vezir,hemp,0,32.5,380.3,72.7,22.5,-1.0,0.0,0.0,0.0,8.99,0.221,0
717,6.09,34.7,18.6,227.9,2.4,2.66,excellent,clay loam,247.1,4.7,flood,river,794.7,other,hemp,1,16.2,452.3,43.4,12.7,-1.0,0.0,0.0,0.0,8.324,0.708,1
718,5.27,78.0,17.5,232.9,4.66,3.69,good,silty clay loam,423.3,6.2,sprinkler,well,753.5,other,other,0,9.1,517.5,82.5,18.3,0.0,0.0,0.0,0.0,3.683,0.26,0
719,7.72,61.2,32.3,185.6,3.09,0.96,good,loam,534.7,16.0,flood,rain,1072.0,narli,sunflower,0,17.8,267.9,47.3,23.3,0.5,0.0,0.0,0.0,22.306,0.348,1
720,7.12,38.8,32.7,169.9,1.15,3.92,good,silt loam,520.9,17.2,none,municipal,559.3,vezir,hemp,0,32.2,548.7,48.4,20.8,-1.0,0.0,0.0,0.0,0.0,0.233,0
721,6.42,70.7,22.5,264.9,4.27,2.06,poor,clay loam,141.0,6.5,drip,river,390.7,vezir,legume,0,32.5,436.3,81.3,23.1,3.0,0.0,0.0,0.0,7.353,0.212,0
722,7.28,53.7,20.0,266.8,4.17,1.65,excellent,loam,85.4,20.3,drip,rain,959.7,vezir,cereal,1,29.0,444.3,40.9,12.5,0.0,0.0,0.0,0.0,6.8,0.311,1
723,5.59,66.5,13.8,151.4,1.64,3.13,good,loam,436.7,1.7,none,river,730.4,vezir,cereal,1,32.5,601.8,36.5,19.0,0.0,0.0,0.0,0.0,0.0,0.305,1
724,5.5,75.6,10.9,220.6,3.46,3.67,good,silt loam,110.7,8.3,flood,river,487.6,other,hemp,1,30.8,475.2,68.9,10.7,-1.0,0.0,0.751,0.0,9.562,0.354,1
725,6.59,66.8,40.4,240.5,2.22,1.83,excellent,loam,354.8,9.1,flood,rain,223.4,vezir,legume,1,32.6,472.9,37.3,20.7,3.0,0.0,0.0,0.0,9.449,0.268,1
726,5.19,75.3,21.6,202.8,4.62,0.28,poor,loam,300.6,15.2,sprinkler,well,353.9,vezir,hemp,0,33.5,210.0,36.3,14.2,-1.0,0.0,0.0,0.0,21.689,0.089,0
727,6.88,20.6,44.8,259.9,2.09,0.87,good,silt loam,431.3,11.6,none,river,999.0,narli,fallow,0,23.5,465.6,59.2,13.4,1.0,0.0,0.0,0.0,0.0,0.497,1
728,7.58,59.4,41.7,92.6,1.83,2.8,excellent,loam,425.6,4.6,sprinkler,well,330.3,vezir,other,0,32.1,565.8,74.1,13.2,0.0,0.0,0.0,0.0,1.624,0.316,1
729,5.15,78.4,9.7,101.2,4.34,3.17,poor,silty clay loam,488.0,18.3,sprinkler,rain,61.7,narli,hemp,1,18.7,327.1,77.3,21.5,-1.0,0.0,1.023,0.0,11.55,0.15,0
730,7.89,60.9,43.7,168.5,5.37,2.56,good,silty clay loam,518.5,17.3,none,river,370.3,vezir,cereal,1,34.5,632.1,84.1,23.8,0.0,0.0,0.0,0.0,0.0,0.135,0
731,5.76,25.0,28.7,207.5,5.07,0.7,moderate,loam,445.9,8.1,drip,rain,217.7,other,sunflower,1,25.7,600.1,47.1,22.6,0.5,0.0,0.0,0.0,0.0,0.432,1
732,6.94,49.6,18.0,210.4,3.7,0.51,moderate,sandy loam,301.6,7.3,flood,well,725.5,vezir,cereal,1,25.8,259.9,54.3,15.6,0.0,0.0,0.0,0.0,21.754,0.553,1
733,6.1,19.1,35.0,234.0,1.25,1.34,poor,loam,563.3,14.7,flood,well,482.4,other,sunflower,1,23.3,609.2,52.1,16.0,0.5,1.427,0.0,0.0,0.0,0.274,0
734,6.78,28.7,19.9,180.4,2.97,0.82,excellent,sandy loam,490.5,0.9,sprinkler,rain,1074.5,other,legume,1,31.4,398.1,41.8,19.3,3.0,0.0,0.0,0.0,10.399,0.397,1
735,6.86,45.1,29.0,159.9,1.2,3.82,excellent,loam,63.0,9.7,none,river,106.3,other,cereal,1,25.6,487.5,36.4,23.4,0.0,0.0,0.0,0.0,0.0,0.586,1
736,6.63,37.9,39.1,265.9,6.17,2.77,good,loam,86.9,2.5,none,municipal,353.5,narli,fallow,0,29.2,468.5,44.1,11.7,1.0,0.0,0.0,0.0,0.0,0.574,1
737,6.13,79.6,28.8,160.3,6.07,1.97,poor,sandy loam,101.4,21.3,none,rain,350.7,other,other,0,21.4,298.9,57.4,16.3,0.0,0.0,0.0,0.0,0.0,0.212,0
738,7.67,42.7,44.7,116.5,2.82,0.19,moderate,silt loam,202.5,5.2,sprinkler,well,656.0,vezir,sunflower,0,24.6,631.4,57.1,11.5,0.5,0.0,0.0,0.0,0.0,0.421,1
739,7.08,53.6,34.6,99.4,2.92,0.73,moderate,clay loam,259.8,4.9,flood,river,1086.4,vezir,fallow,1,22.2,575.0,77.0,20.7,1.0,0.0,0.0,0.0,1.655,0.595,1
740,5.74,78.2,35.9,252.4,6.18,1.24,moderate,silt loam,431.2,17.4,flood,well,447.2,other,fallow,1,24.4,566.9,82.2,13.6,1.0,0.0,0.0,0.0,2.176,0.275,0
741,7.28,69.4,33.9,97.7,2.23,2.41,excellent,loam,371.2,10.8,sprinkler,municipal,127.7,narli,legume,0,34.9,530.1,57.3,10.9,3.0,0.0,0.0,0.0,3.389,0.185,0
742,5.9,70.4,20.9,123.2,4.9,1.71,good,clay loam,484.2,3.3,sprinkler,well,284.0,narli,sunflower,1,19.7,302.2,81.4,12.1,0.5,0.0,0.0,0.0,13.608,0.653,1
743,5.41,22.5,35.2,161.5,5.72,3.47,excellent,loam,211.8,7.8,none,well,619.8,vezir,legume,0,24.5,622.2,48.1,15.0,3.0,0.0,0.0,0.0,0.0,0.599,1
744,5.25,29.5,28.1,141.6,5.87,1.26,moderate,loam,500.7,3.9,sprinkler,well,946.6,narli,sunflower,0,12.9,353.3,67.8,10.3,0.5,0.0,0.0,0.0,11.188,0.325,1
745,6.19,68.4,38.8,67.2,5.35,3.96,good,loam,350.1,6.5,drip,river,977.0,other,legume,0,34.3,369.1,49.3,16.5,3.0,0.0,0.0,0.0,9.841,0.283,0
746,5.47,49.9,37.3,140.7,1.26,0.73,good,clay loam,246.7,4.4,flood,river,234.9,narli,fallow,0,24.8,266.9,41.8,11.9,1.0,0.0,0.0,0.0,27.259,0.562,1
747,5.76,45.4,10.5,212.3,4.69,1.77,excellent,silt loam,561.0,0.7,none,river,858.0,other,fallow,1,30.0,274.6,72.4,12.4,1.0,0.0,0.874,0.0,0.0,0.507,1
748,7.73,62.8,28.6,116.8,3.68,1.02,moderate,silt loam,435.7,20.9,sprinkler,well,157.2,vezir,hemp,1,34.2,440.8,72.1,24.0,-1.0,0.0,0.0,0.0,5.769,0.1,0
749,5.16,39.3,24.3,253.3,3.27,3.34,excellent,sandy loam,502.4,10.7,none,municipal,910.8,vezir,legume,0,30.5,617.9,44.1,13.7,3.0,0.0,0.0,0.0,0.0,0.384,1
750,6.32,66.3,25.4,92.6,3.78,3.73,moderate,loam,203.7,1.4,flood,rain,445.7,other,sunflower,0,32.7,512.4,42.4,13.5,0.5,0.0,0.0,0.0,5.341,0.273,0
751,5.25,78.7,12.4,160.7,3.82,1.02,good,silty clay loam,261.2,20.2,drip,well,510.8,narli,hemp,1,9.0,464.6,46.3,12.1,-1.0,0.0,0.192,0.0,4.998,0.169,0
752,5.53,35.7,40.8,228.1,3.72,0.77,moderate,clay loam,568.3,16.6,sprinkler,river,622.2,narli,cereal,1,31.1,224.8,40.6,12.5,0.0,0.0,0.0,0.0,21.738,0.156,0
753,7.73,63.1,8.1,178.7,2.08,3.91,good,silt loam,276.8,20.0,drip,municipal,562.4,other,hemp,0,23.7,315.3,48.5,10.3,-1.0,0.0,1.988,0.0,10.991,0.267,0
754,6.52,37.7,30.6,252.5,2.04,2.76,excellent,silt loam,381.9,19.9,none,rain,705.4,narli,cereal,0,24.1,308.3,46.7,12.6,0.0,0.0,0.0,0.0,0.0,0.411,1
755,6.26,72.6,20.9,78.4,5.45,0.62,good,silty clay loam,440.6,3.9,flood,well,97.0,vezir,cereal,1,24.0,307.9,68.2,18.1,0.0,0.0,0.0,0.0,18.128,0.526,1
756,6.94,26.2,31.0,125.3,5.2,0.8,excellent,clay loam,64.1,14.8,drip,municipal,124.9,narli,other,1,25.7,530.1,37.0,13.8,0.0,0.0,0.0,0.0,2.749,0.533,1
757,7.55,21.1,38.7,232.1,3.05,1.25,poor,silt loam,332.2,19.2,none,rain,1090.7,vezir,legume,1,23.7,415.4,48.1,17.5,3.0,0.0,0.0,0.0,0.0,0.138,0
758,7.02,17.8,22.4,185.4,3.76,3.74,excellent,silty clay loam,298.7,18.4,flood,rain,708.8,vezir,hemp,0,28.9,209.4,56.8,11.8,-1.0,0.0,0.0,0.0,23.932,0.324,1
759,5.23,26.9,19.3,74.1,2.56,2.49,moderate,sandy loam,183.2,10.9,drip,well,528.7,other,hemp,1,28.5,444.1,64.7,18.6,-1.0,0.0,0.0,0.0,6.044,0.248,0
760,5.6,62.8,8.7,108.3,3.38,1.7,moderate,sandy loam,56.2,8.0,sprinkler,river,602.4,narli,fallow,1,31.6,151.9,66.6,14.6,1.0,0.0,1.694,0.0,21.253,0.276,0
761,6.66,25.5,23.5,238.3,1.94,3.14,poor,sandy loam,281.6,12.0,none,river,908.4,vezir,cereal,0,12.8,427.9,79.5,22.3,0.0,0.0,0.0,0.0,0.0,0.203,0
762,5.61,67.9,23.1,224.3,3.78,2.58,excellent,loam,250.6,2.8,none,municipal,1062.3,narli,legume,0,13.1,481.9,74.6,12.8,3.0,0.0,0.0,0.0,0.0,0.374,1
763,6.05,27.1,35.3,220.2,1.35,1.96,poor,clay loam,572.5,10.9,none,well,722.7,vezir,other,0,30.3,233.5,66.7,23.1,0.0,0.0,0.0,0.0,0.0,0.213,0
764,5.23,23.3,30.4,270.4,1.64,3.68,poor,silt loam,582.6,9.5,sprinkler,municipal,397.9,vezir,cereal,0,8.4,508.1,71.6,19.8,0.0,0.0,0.0,0.0,3.927,0.15,0
765,6.06,68.9,13.1,158.6,2.69,2.08,moderate,silt loam,209.2,13.5,none,well,845.1,other,sunflower,0,23.6,453.9,57.3,18.8,0.5,0.0,0.0,0.0,0.0,0.45,1
766,5.91,64.7,29.2,147.2,1.12,0.12,excellent,silt loam,417.9,11.2,flood,municipal,458.1,narli,fallow,1,24.4,402.0,50.1,15.8,1.0,0.0,0.0,0.0,13.273,0.637,1
767,6.61,49.7,44.9,124.5,4.21,0.21,good,silt loam,25.7,13.5,none,well,372.8,narli,legume,0,34.6,232.0,42.0,16.4,3.0,0.0,0.0,0.0,0.0,0.203,0
768,7.52,26.6,27.8,115.6,3.86,3.1,poor,silty clay loam,528.8,12.8,sprinkler,well,376.3,vezir,other,0,22.9,459.4,71.8,13.7,0.0,0.0,0.0,0.0,6.529,0.247,0
769,7.78,44.1,21.7,62.8,1.0,0.28,good,clay loam,460.7,9.2,flood,river,38.7,vezir,hemp,1,23.1,533.6,44.6,16.1,-1.0,0.0,0.0,0.0,5.008,0.47,1
770,6.71,47.7,25.8,218.6,1.11,0.56,excellent,loam,260.4,14.3,drip,well,142.0,narli,hemp,1,26.6,173.8,48.6,14.1,-1.0,0.0,0.0,0.0,15.265,0.496,1
771,6.03,42.4,41.4,148.2,6.04,0.74,poor,clay loam,102.2,17.2,drip,municipal,1003.0,other,fallow,0,20.9,307.7,56.3,12.5,1.0,0.0,0.0,0.0,11.332,0.2,0
772,5.65,56.3,32.4,156.7,1.16,2.05,excellent,clay loam,196.1,6.7,flood,municipal,665.1,other,hemp,1,10.6,562.0,46.6,13.2,-1.0,0.0,0.0,0.0,2.55,0.414,1
773,5.5,68.9,41.3,72.4,5.08,1.64,moderate,sandy loam,559.7,2.0,none,river,1017.0,other,cereal,0,20.5,228.5,73.6,17.5,0.0,0.0,0.0,0.0,0.0,0.443,1
774,7.03,51.0,14.3,188.6,2.68,2.76,good,loam,433.4,7.2,none,well,1075.7,vezir,hemp,1,10.3,183.3,51.8,10.7,-1.0,0.0,0.0,0.0,0.0,0.417,1
775,6.41,64.7,31.6,138.5,1.78,1.81,good,sandy loam,503.3,18.6,drip,municipal,647.0,other,fallow,0,15.0,573.7,65.2,10.5,1.0,0.0,0.0,0.0,1.167,0.376,1
776,6.59,42.4,40.3,75.1,2.11,3.32,moderate,clay loam,563.1,11.5,sprinkler,well,400.8,narli,hemp,0,13.3,292.6,62.7,12.6,-1.0,0.0,0.0,0.0,16.353,0.341,1
777,5.64,36.3,16.4,238.7,5.31,0.3,poor,silt loam,266.4,10.8,flood,municipal,958.9,vezir,legume,0,20.0,339.4,43.1,21.3,3.0,0.0,0.0,0.0,17.316,0.299,0
778,6.19,53.2,29.3,255.5,4.46,1.78,good,sandy loam,373.6,12.9,drip,well,141.1,other,fallow,0,21.0,438.7,61.6,13.3,1.0,0.0,0.0,0.0,7.62,0.437,1
779,6.57,73.8,14.3,124.9,2.52,3.76,good,silty clay loam,455.6,19.9,none,municipal,493.1,other,sunflower,0,32.0,314.3,70.5,14.9,0.5,0.0,0.0,0.0,0.0,0.171,0
780,5.15,24.3,24.3,188.4,5.02,2.48,poor,loam,193.6,12.1,none,well,519.1,vezir,fallow,0,32.7,281.3,51.4,11.4,1.0,0.0,0.0,0.0,0.0,0.138,0
781,7.95,21.8,14.7,107.9,1.16,2.16,good,clay loam,512.4,3.0,drip,river,678.5,vezir,fallow,1,33.5,318.3,35.6,21.5,1.0,0.217,0.0,0.0,14.384,0.188,0
782,7.16,56.0,14.2,83.2,3.57,0.28,good,loam,345.0,9.6,none,river,258.7,vezir,legume,0,25.7,522.3,61.9,10.3,3.0,0.0,0.0,0.0,0.0,0.564,1
783,6.18,63.5,12.5,186.6,5.33,0.41,moderate,silty clay loam,92.9,12.8,none,municipal,165.2,vezir,sunflower,1,27.5,171.1,38.0,17.4,0.5,0.0,0.133,0.0,0.0,0.343,1
784,5.13,36.3,40.5,125.9,4.93,0.91,poor,silt loam,560.9,17.6,none,river,429.4,vezir,cereal,0,10.1,495.1,60.5,18.4,0.0,0.0,0.0,0.0,0.0,0.103,0
785,6.63,78.4,44.1,245.1,3.37,1.53,good,clay loam,406.1,2.3,flood,rain,906.0,narli,fallow,0,13.0,323.4,78.9,11.4,1.0,0.0,0.0,0.0,18.619,0.581,1
786,5.4,48.0,16.9,167.0,3.51,3.44,excellent,clay loam,257.7,7.9,sprinkler,municipal,211.3,narli,hemp,0,14.9,558.5,69.1,11.1,-1.0,0.0,0.0,0.0,1.519,0.499,1
787,6.0,71.7,31.5,125.9,5.56,0.27,good,sandy loam,41.7,14.9,drip,river,549.6,narli,legume,1,21.1,254.3,41.7,22.0,3.0,0.0,0.0,0.0,14.338,0.541,1
788,5.35,64.1,16.5,129.7,2.16,0.18,excellent,silty clay loam,482.4,9.5,none,municipal,770.8,other,fallow,0,26.7,151.8,43.7,17.1,1.0,0.0,0.0,0.0,0.0,0.465,1
789,7.88,22.3,34.2,242.9,5.22,2.2,excellent,loam,510.6,3.2,flood,river,43.0,vezir,fallow,0,34.6,544.4,72.9,21.7,1.0,0.0,0.0,0.0,3.801,0.191,0
790,5.92,28.5,26.6,175.0,1.36,2.02,excellent,clay loam,398.1,8.2,sprinkler,river,251.6,vezir,hemp,0,30.4,197.1,70.9,18.5,-1.0,0.0,0.0,0.0,18.99,0.533,1
791,7.91,27.1,12.7,89.3,2.45,0.75,poor,silt loam,59.3,18.7,sprinkler,well,680.1,other,other,1,20.5,153.7,72.9,10.9,0.0,0.0,0.052,0.0,19.935,0.117,0
792,5.82,51.7,13.9,141.7,5.29,3.38,poor,sandy loam,380.4,15.9,flood,well,1051.1,narli,cereal,0,22.7,382.8,64.4,20.3,0.0,0.0,0.0,0.0,14.492,0.223,0
793,5.53,20.1,26.4,125.7,1.79,1.23,good,loam,120.0,2.6,drip,well,227.8,vezir,fallow,0,26.6,257.6,58.7,12.1,1.0,0.0,0.0,0.0,15.873,0.676,1
794,5.45,17.3,30.0,231.5,2.3,3.58,excellent,loam,60.6,8.2,none,well,30.8,vezir,hemp,0,8.8,197.9,47.2,14.7,-1.0,1.755,0.0,0.0,0.0,0.33,1
795,7.26,17.2,24.7,95.3,1.6,2.21,excellent,silty clay loam,43.9,11.5,drip,rain,555.3,narli,legume,1,30.2,308.1,81.1,20.8,3.0,0.0,0.0,0.0,12.752,0.423,1
796,5.5,67.5,43.7,164.3,1.03,1.1,moderate,clay loam,51.2,21.5,sprinkler,municipal,336.6,narli,cereal,1,10.5,348.7,42.2,12.5,0.0,0.0,0.0,0.0,13.565,0.227,0
797,5.05,32.7,35.5,158.1,5.63,3.54,excellent,silty clay loam,33.1,15.0,none,municipal,361.1,narli,cereal,0,10.1,382.8,75.9,20.1,0.0,0.0,0.0,0.0,0.0,0.296,0
798,7.48,38.3,28.0,84.6,1.2,0.51,poor,silt loam,573.9,12.0,drip,river,889.9,other,hemp,0,27.0,516.3,75.1,22.4,-1.0,0.0,0.0,0.0,2.75,0.214,0
799,5.64,39.7,10.2,62.1,3.89,1.32,good,sandy loam,316.5,5.5,drip,well,637.6,vezir,sunflower,0,23.3,192.9,50.0,10.7,0.5,0.0,0.903,0.0,13.854,0.545,1
800,7.68,78.3,22.5,271.6,4.44,3.35,good,loam,181.6,6.3,none,municipal,505.0,narli,fallow,1,14.0,632.7,55.5,13.8,1.0,0.0,0.0,0.0,0.0,0.561,1
801,6.48,76.0,13.5,63.2,5.96,0.11,moderate,loam,21.1,0.9,none,river,876.7,other,other,0,20.2,446.9,65.6,10.0,0.0,0.0,0.0,0.0,0.0,0.483,1
802,5.76,41.4,8.1,187.5,5.71,0.46,moderate,loam,100.5,11.1,none,rain,819.2,other,legume,1,22.6,516.5,50.0,23.8,3.0,0.0,1.734,0.0,0.0,0.36,1
803,5.73,18.3,42.1,239.5,6.35,2.11,moderate,loam,272.0,19.6,sprinkler,rain,109.1,narli,fallow,0,16.6,481.1,62.8,15.2,1.0,0.0,0.0,0.0,5.801,0.205,0
804,5.93,78.2,15.0,117.2,5.66,0.15,good,loam,207.9,5.6,none,rain,52.4,vezir,hemp,0,24.4,275.2,64.1,19.9,-1.0,0.0,0.0,0.0,0.0,0.673,1
805,7.64,61.9,38.0,215.4,3.96,0.46,moderate,loam,398.5,11.5,flood,well,181.2,vezir,cereal,1,17.4,593.6,59.8,19.6,0.0,0.0,0.0,0.0,0.447,0.322,1
806,7.91,41.8,13.9,264.7,2.89,1.87,poor,silt loam,70.6,13.8,sprinkler,municipal,135.8,narli,other,0,9.9,238.3,66.6,14.6,0.0,0.0,0.0,0.0,16.086,0.15,0
807,6.8,29.2,17.8,149.8,1.3,0.6,moderate,silty clay loam,103.1,2.4,drip,river,236.5,narli,fallow,0,33.0,363.6,52.5,11.8,1.0,0.0,0.0,0.0,8.916,0.277,0
808,6.49,42.9,35.8,109.4,5.48,3.58,good,silt loam,241.5,1.5,flood,river,985.3,vezir,hemp,0,31.0,299.9,76.3,10.4,-1.0,0.0,0.0,0.0,20.565,0.439,1
809,5.61,62.6,26.2,92.8,2.29,2.28,excellent,sandy loam,304.9,9.3,sprinkler,river,1035.4,narli,other,0,30.3,484.1,44.2,16.3,0.0,0.0,0.0,0.0,4.689,0.478,1
810,7.8,75.6,37.0,269.6,5.71,1.18,poor,silty clay loam,530.0,19.5,none,rain,571.5,vezir,fallow,1,20.6,190.3,43.0,10.8,1.0,0.0,0.0,0.0,0.0,0.169,0
811,6.7,79.6,44.0,87.6,2.72,1.16,moderate,silt loam,51.1,16.1,none,river,1043.3,narli,legume,1,25.2,571.7,65.2,20.5,3.0,0.0,0.0,0.0,0.0,0.361,1
812,6.2,59.9,37.6,201.4,1.48,0.58,excellent,loam,337.1,2.2,sprinkler,rain,289.0,other,hemp,1,14.1,488.6,74.4,17.0,-1.0,0.0,0.0,0.0,4.708,0.591,1
813,6.61,79.5,23.0,250.6,1.1,3.4,poor,sandy loam,125.4,4.0,flood,municipal,231.8,other,sunflower,1,27.6,273.6,36.5,19.9,0.5,0.0,0.0,0.0,24.482,0.311,1
814,7.47,30.6,13.3,217.0,4.53,2.07,poor,sandy loam,137.5,1.8,sprinkler,well,662.2,other,fallow,0,32.6,174.7,39.5,13.9,1.0,0.0,0.0,0.0,19.316,0.168,0
815,7.07,63.6,29.8,162.7,4.59,1.72,poor,clay loam,532.8,3.8,flood,well,799.5,vezir,legume,0,15.7,639.1,58.3,17.3,3.0,0.0,0.0,0.0,0.0,0.338,1
816,7.87,37.1,20.5,96.4,1.66,1.94,moderate,silty clay loam,326.5,19.1,none,well,529.4,vezir,fallow,0,27.3,384.0,82.3,11.5,1.0,0.0,0.0,0.0,0.0,0.241,0
817,7.68,59.0,40.5,189.4,6.43,1.08,excellent,sandy loam,330.6,10.9,sprinkler,well,503.2,vezir,fallow,0,32.3,153.5,74.9,17.7,1.0,0.0,0.0,0.0,20.132,0.3,0
818,7.6,47.5,8.5,203.3,4.68,1.24,moderate,loam,528.3,21.2,sprinkler,well,442.0,narli,hemp,0,28.6,425.7,77.3,13.6,-1.0,0.0,1.662,0.0,7.175,0.216,0
819,7.07,31.0,39.4,261.2,3.01,3.02,moderate,sandy loam,206.7,16.3,none,municipal,909.3,vezir,legume,1,33.0,258.8,53.2,23.7,3.0,0.0,0.0,0.0,0.0,0.132,0
820,5.47,70.2,34.0,212.9,4.41,3.48,moderate,silt loam,334.3,6.8,drip,river,45.5,vezir,legume,0,24.2,554.7,75.7,14.4,3.0,0.0,0.0,0.0,1.941,0.376,1
821,7.42,50.8,22.4,124.0,4.92,1.06,good,loam,199.7,2.5,drip,municipal,38.4,narli,sunflower,0,19.4,534.4,42.8,17.1,0.5,0.0,0.0,0.0,2.819,0.568,1
822,6.42,50.9,19.9,228.3,5.75,0.63,poor,clay loam,546.4,7.6,drip,river,272.9,vezir,fallow,0,10.7,331.1,42.7,22.0,1.0,0.0,0.0,0.0,10.051,0.27,0
823,5.46,66.1,24.1,222.4,6.45,3.11,excellent,clay loam,291.8,1.3,drip,rain,129.9,vezir,cereal,1,21.5,211.3,54.2,13.7,0.0,0.0,0.0,0.0,15.457,0.516,1
824,6.99,19.0,11.6,130.0,6.38,2.17,moderate,clay loam,192.0,2.1,flood,municipal,782.1,other,cereal,1,12.4,236.4,48.0,20.5,0.0,0.0,0.44,0.0,26.962,0.328,1
825,7.99,44.2,23.9,89.9,3.45,3.58,moderate,loam,297.4,2.0,sprinkler,municipal,244.9,other,hemp,0,26.7,329.1,41.3,22.5,-1.0,0.0,0.0,0.0,12.603,0.349,1
826,7.69,60.1,37.5,173.7,6.15,3.98,moderate,loam,53.4,7.7,flood,river,300.5,vezir,legume,0,33.5,452.0,42.2,12.8,3.0,0.0,0.0,0.0,9.326,0.142,0
827,7.33,35.4,33.2,222.3,3.26,0.33,excellent,silty clay loam,365.3,10.5,flood,municipal,295.1,vezir,legume,0,31.3,270.6,74.1,13.6,3.0,0.0,0.0,0.0,24.847,0.307,1
828,5.39,62.4,14.7,215.4,1.96,2.61,excellent,sandy loam,81.7,2.1,none,municipal,723.3,vezir,hemp,0,34.2,203.3,43.2,20.9,-1.0,0.0,0.0,0.0,0.0,0.242,0
829,6.66,17.1,14.5,82.8,3.34,2.36,moderate,silty clay loam,516.8,4.4,drip,river,826.6,other,fallow,1,34.9,595.2,44.2,15.6,1.0,0.0,0.0,0.0,0.196,0.184,0
830,5.21,45.2,40.8,64.3,2.19,3.99,excellent,loam,278.5,17.2,flood,well,1036.7,vezir,fallow,1,13.0,567.6,44.2,22.8,1.0,0.0,0.0,0.0,2.471,0.289,0
831,6.33,78.6,41.9,61.2,2.22,2.3,excellent,silt loam,170.9,3.9,flood,municipal,137.4,other,cereal,0,14.1,381.0,42.9,20.6,0.0,0.0,0.0,0.0,15.974,0.694,1
832,7.47,29.4,32.1,125.7,5.25,3.29,poor,loam,501.7,15.9,none,rain,717.6,narli,hemp,0,22.9,301.9,83.9,18.2,-1.0,0.0,0.0,0.0,0.0,0.215,0
833,6.64,34.6,8.1,224.6,6.47,3.04,poor,loam,45.9,0.7,drip,river,662.6,narli,cereal,0,32.4,538.3,82.2,22.3,0.0,0.0,1.844,0.0,2.552,0.247,0
834,5.1,29.6,41.3,136.7,2.06,0.9,poor,loam,161.9,1.9,sprinkler,municipal,998.3,vezir,sunflower,0,9.6,459.1,71.5,23.9,0.5,0.0,0.0,0.0,6.613,0.182,0
835,7.44,67.6,18.5,232.3,4.43,3.04,moderate,loam,527.6,6.8,sprinkler,rain,1012.7,other,hemp,1,29.9,163.3,63.2,20.4,-1.0,0.0,0.0,0.0,24.822,0.403,1
836,5.81,32.6,14.0,187.6,3.44,1.4,excellent,silt loam,546.5,13.7,sprinkler,well,147.3,narli,hemp,0,10.0,379.9,64.4,13.9,-1.0,0.0,0.0,0.0,12.246,0.359,1
837,5.61,44.1,31.0,235.3,4.22,0.81,excellent,sandy loam,427.7,2.6,flood,river,800.4,narli,hemp,0,15.4,309.3,68.4,17.1,-1.0,0.0,0.0,0.0,23.259,0.716,1
838,7.1,72.9,23.8,158.7,5.22,0.2,moderate,silty clay loam,543.4,7.3,sprinkler,municipal,86.0,narli,other,1,17.6,265.1,51.6,10.1,0.0,0.0,0.0,0.0,15.367,0.495,1
839,7.0,18.2,39.5,166.7,4.25,2.59,good,clay loam,371.2,3.2,flood,river,185.6,narli,fallow,0,27.1,277.2,74.9,14.5,1.0,0.0,0.0,0.0,18.985,0.606,1
840,7.91,34.7,28.1,168.4,3.37,2.57,moderate,loam,530.8,16.8,none,municipal,122.9,other,legume,1,20.6,421.5,49.5,16.1,3.0,0.0,0.0,0.0,0.0,0.211,0
841,5.58,63.0,14.4,230.5,4.85,2.87,excellent,loam,254.6,4.2,flood,rain,540.8,other,fallow,0,17.8,612.0,78.1,18.9,1.0,0.0,0.0,0.0,0.0,0.489,1
842,6.67,26.2,40.2,61.9,1.58,0.82,excellent,loam,459.0,21.8,none,river,616.7,narli,fallow,0,31.8,473.1,39.5,23.2,1.0,0.0,0.0,0.0,0.0,0.227,0
843,7.36,54.4,32.2,146.8,5.57,1.83,moderate,clay loam,251.1,6.1,flood,well,1059.9,vezir,hemp,1,9.8,568.0,67.4,10.3,-1.0,0.0,0.0,0.0,2.175,0.303,1
844,5.66,39.1,15.4,196.2,1.74,1.26,excellent,sandy loam,70.4,13.2,none,well,770.4,vezir,legume,0,11.9,392.9,36.9,15.6,3.0,0.0,0.0,0.0,0.0,0.507,1
845,7.61,40.4,16.1,175.7,6.17,0.14,good,loam,288.6,4.8,none,well,500.3,vezir,other,1,14.0,205.7,84.2,22.4,0.0,0.0,0.0,0.0,0.0,0.416,1
846,5.78,61.3,43.7,125.9,6.16,2.89,excellent,silt loam,180.1,18.1,drip,river,516.5,vezir,hemp,0,18.5,331.0,82.6,22.5,-1.0,0.0,0.0,0.0,9.356,0.355,1
847,7.92,68.2,40.6,237.9,3.6,3.45,poor,silty clay loam,339.3,0.9,drip,rain,689.3,other,cereal,1,26.8,170.6,43.4,17.8,0.0,0.0,0.0,0.0,17.559,0.296,0
848,5.5,32.5,23.9,133.8,2.08,3.31,good,clay loam,350.8,21.9,sprinkler,municipal,964.1,other,sunflower,0,18.2,530.5,55.9,17.9,0.5,0.0,0.0,0.0,3.679,0.302,1
849,5.04,77.2,30.0,110.0,5.81,2.54,good,clay loam,450.3,6.3,drip,rain,804.2,narli,sunflower,0,24.3,567.6,36.6,20.9,0.5,0.0,0.0,0.0,1.33,0.438,1
850,6.47,57.1,23.2,80.6,2.22,2.07,good,silt loam,143.1,1.6,none,well,605.6,vezir,other,0,17.5,357.8,79.8,21.9,0.0,0.0,0.0,0.0,0.0,0.799,1
851,7.35,38.9,19.0,212.7,3.86,3.28,poor,sandy loam,106.5,10.7,sprinkler,well,32.0,other,sunflower,1,26.8,474.9,76.9,15.4,0.5,0.0,0.0,0.0,4.956,0.307,0
852,5.1,73.5,16.4,114.6,2.47,1.76,moderate,loam,35.7,10.9,none,river,44.0,vezir,hemp,0,32.0,210.1,81.7,12.6,-1.0,0.0,0.0,0.0,0.0,0.164,0
853,6.84,65.1,24.7,202.3,3.37,0.95,good,silty clay loam,488.8,1.5,none,river,638.5,narli,sunflower,0,12.6,407.5,65.9,21.9,0.5,0.0,0.0,0.0,0.0,0.605,1
854,7.4,56.4,39.4,245.6,4.5,2.33,moderate,sandy loam,422.8,1.8,none,well,608.7,vezir,other,0,8.8,345.4,44.3,10.9,0.0,0.0,0.0,0.0,0.0,0.292,0
855,5.57,67.6,29.5,228.7,3.8,2.5,moderate,clay loam,89.6,3.8,flood,river,854.4,narli,hemp,1,27.9,611.0,61.7,21.5,-1.0,0.0,0.0,0.0,0.0,0.455,1
856,5.09,61.7,29.9,211.1,4.66,3.89,poor,loam,575.4,7.0,drip,well,324.9,other,fallow,0,20.1,646.9,64.9,10.9,1.0,0.0,0.0,0.0,0.0,0.266,0
857,7.88,32.7,28.8,172.8,5.27,2.67,moderate,sandy loam,424.5,17.3,drip,rain,802.7,narli,hemp,0,31.2,152.8,66.7,23.4,-1.0,0.0,0.0,0.0,21.546,0.195,0
858,6.58,71.1,36.1,262.7,1.57,2.64,good,silty clay loam,554.2,14.7,drip,municipal,21.6,vezir,legume,1,9.5,449.5,42.8,18.8,3.0,0.0,0.0,0.0,6.991,0.274,1
859,7.69,77.5,10.4,95.1,1.83,0.75,excellent,silty clay loam,120.8,19.2,flood,municipal,929.8,vezir,legume,0,8.5,223.7,60.4,18.1,3.0,0.0,0.892,0.0,23.845,0.177,0
860,5.83,19.9,28.0,153.1,4.26,0.54,excellent,sandy loam,119.5,10.7,none,river,36.8,narli,fallow,1,8.5,462.5,57.8,18.9,1.0,0.0,0.0,0.0,0.0,0.393,1
861,5.66,67.2,22.1,203.2,4.53,1.4,excellent,sandy loam,67.1,0.7,flood,river,342.1,other,sunflower,1,24.1,442.8,81.9,12.2,0.5,0.0,0.0,0.0,12.073,0.576,1
862,5.8,44.3,38.4,263.9,1.32,2.48,excellent,sandy loam,96.5,16.7,sprinkler,rain,363.7,other,sunflower,1,17.6,499.2,56.2,17.0,0.5,0.0,0.0,0.0,5.018,0.46,1
863,7.91,71.8,38.6,119.8,5.82,2.09,moderate,sandy loam,224.3,15.9,none,rain,288.7,vezir,sunflower,0,18.8,226.1,44.9,11.8,0.5,0.0,0.0,0.0,0.0,0.219,0
864,6.87,49.4,18.5,76.2,3.05,1.31,excellent,loam,98.2,1.6,flood,river,673.2,vezir,cereal,1,19.1,459.9,35.6,15.8,0.0,0.0,0.0,0.0,9.024,0.759,1
865,6.13,79.0,41.6,268.6,4.62,0.7,moderate,loam,206.0,12.4,none,rain,620.5,vezir,other,0,24.5,336.1,74.0,10.2,0.0,0.0,0.0,0.0,0.0,0.484,1
866,7.6,31.3,30.5,114.3,2.8,2.45,moderate,silty clay loam,69.1,21.8,none,well,51.7,narli,sunflower,1,25.6,479.1,58.3,15.6,0.5,0.0,0.0,0.0,0.0,0.253,0
867,5.68,17.2,18.5,265.9,1.39,1.27,poor,loam,319.6,12.9,flood,river,993.2,other,hemp,1,24.0,420.1,67.2,21.7,-1.0,3.896,0.0,0.0,12.916,0.175,0
868,5.41,74.1,20.2,273.3,4.57,0.32,moderate,loam,215.4,5.5,none,rain,482.4,narli,fallow,0,23.1,460.2,41.3,23.1,1.0,0.0,0.0,0.0,0.0,0.464,1
869,7.57,41.1,12.9,60.9,3.61,1.52,poor,clay loam,377.1,9.3,none,municipal,1076.4,narli,other,0,25.3,535.6,77.5,10.1,0.0,0.0,0.0,0.0,0.0,0.296,0
870,5.49,29.7,10.7,102.7,4.63,1.33,excellent,sandy loam,27.4,11.2,none,river,713.8,narli,hemp,0,17.4,262.9,39.3,18.1,-1.0,0.0,0.68,0.0,0.0,0.429,1
871,6.79,19.6,15.3,166.5,2.15,0.26,good,loam,490.0,18.8,flood,municipal,934.4,vezir,fallow,0,29.1,396.7,36.3,20.5,1.0,0.0,0.0,0.0,14.046,0.291,1
872,5.2,78.0,8.2,244.1,3.27,0.4,poor,clay loam,385.3,21.5,flood,well,542.0,narli,other,1,22.5,323.6,48.4,15.4,0.0,0.0,1.795,0.0,16.628,0.162,0
873,6.04,63.2,35.0,237.7,2.77,3.36,good,silt loam,436.6,13.8,flood,river,670.5,narli,hemp,1,21.3,386.4,37.5,10.2,-1.0,0.0,0.0,0.0,15.818,0.528,1
874,7.68,22.6,18.2,64.0,5.19,2.46,moderate,loam,67.2,12.1,sprinkler,rain,445.1,narli,other,0,14.4,335.9,76.0,17.8,0.0,0.0,0.0,0.0,12.332,0.322,1
875,5.04,40.5,13.8,213.5,1.5,3.62,good,clay loam,431.4,4.9,sprinkler,river,389.9,vezir,cereal,1,33.2,452.5,58.4,13.7,0.0,0.0,0.0,0.0,8.064,0.192,0
876,7.52,46.7,26.7,272.3,4.07,3.97,poor,silty clay loam,117.5,21.5,drip,well,604.1,other,other,0,34.4,582.8,38.9,12.8,0.0,0.0,0.0,0.0,0.738,0.067,0
877,6.02,18.1,14.0,147.9,2.03,0.57,excellent,sandy loam,191.3,10.3,sprinkler,river,39.5,narli,fallow,0,26.3,388.0,82.6,15.1,1.0,0.0,0.0,0.0,9.617,0.52,1
878,7.59,59.1,33.1,90.3,4.52,0.87,excellent,sandy loam,187.8,16.5,flood,river,642.7,vezir,hemp,0,34.9,216.1,55.4,13.5,-1.0,0.0,0.0,0.0,25.016,0.145,0
879,6.15,63.1,19.1,88.5,3.67,2.27,excellent,sandy loam,145.3,8.8,none,well,377.1,narli,hemp,1,18.7,269.4,76.5,15.2,-1.0,0.0,0.0,0.0,0.0,0.601,1
880,6.29,69.4,31.1,189.3,1.06,0.94,poor,silty clay loam,88.6,4.0,sprinkler,well,174.6,narli,legume,0,17.2,494.3,73.4,16.4,3.0,0.0,0.0,0.0,4.87,0.425,1
881,5.56,40.5,9.8,217.7,3.37,0.62,excellent,silt loam,552.0,20.9,flood,municipal,298.4,vezir,other,0,11.7,309.5,72.4,23.5,0.0,0.0,1.163,0.0,18.669,0.313,0
882,5.37,16.1,28.8,218.0,4.27,1.46,good,silty clay loam,142.6,19.6,flood,municipal,450.0,vezir,cereal,0,24.1,492.9,42.5,16.9,0.0,0.0,0.0,0.0,7.365,0.341,1
883,7.43,69.6,19.5,153.1,3.46,1.26,moderate,clay loam,543.0,9.2,sprinkler,river,401.6,narli,sunflower,0,8.7,337.2,45.0,10.1,0.5,0.0,0.0,0.0,12.271,0.271,0
884,6.49,21.1,23.7,136.3,3.42,0.34,moderate,loam,168.3,2.1,sprinkler,municipal,352.2,other,sunflower,1,18.1,282.1,72.3,13.0,0.5,0.0,0.0,0.0,14.005,0.449,1
885,6.38,52.2,35.2,226.9,6.13,2.59,excellent,clay loam,579.4,20.6,none,river,484.1,vezir,legume,0,13.3,311.1,65.4,13.7,3.0,0.0,0.0,0.0,0.0,0.366,1
886,7.06,18.2,14.9,113.4,5.1,1.97,excellent,sandy loam,334.4,5.8,drip,well,628.8,narli,legume,0,19.7,270.9,44.5,21.4,3.0,0.0,0.0,0.0,14.028,0.777,1
887,7.58,33.8,9.5,251.1,6.07,1.36,moderate,clay loam,562.2,19.8,none,rain,686.7,other,other,1,12.5,386.7,46.8,23.1,0.0,0.0,1.384,0.0,0.0,0.181,0
888,5.14,30.5,14.7,186.6,2.38,3.97,poor,clay loam,377.8,5.4,sprinkler,municipal,336.8,narli,sunflower,0,9.9,445.5,42.5,18.5,0.5,0.0,0.0,0.0,6.09,0.174,0
889,6.03,73.3,10.1,263.7,2.78,2.32,poor,loam,339.6,5.3,drip,well,794.0,vezir,sunflower,0,13.8,227.4,73.7,16.1,0.5,0.0,0.957,0.0,17.074,0.308,1
890,6.4,29.2,42.8,151.1,4.99,2.83,poor,clay loam,253.0,6.9,none,well,1019.6,vezir,legume,1,17.8,269.0,74.9,14.7,3.0,0.0,0.0,0.0,0.0,0.341,1
891,5.11,45.7,34.2,220.1,1.73,2.03,poor,clay loam,294.5,16.8,sprinkler,rain,509.7,narli,sunflower,0,8.1,613.0,76.5,10.2,0.5,0.0,0.0,0.0,0.0,0.111,0
892,7.95,56.2,37.4,267.6,5.86,3.2,excellent,sandy loam,184.0,10.1,flood,rain,717.3,narli,legume,0,13.9,443.5,73.5,19.5,3.0,0.0,0.0,0.0,8.691,0.421,1
893,6.8,60.9,23.8,189.6,4.41,1.33,good,sandy loam,522.7,13.3,sprinkler,river,909.4,vezir,sunflower,1,11.6,261.2,64.5,22.5,0.5,0.0,0.0,0.0,15.865,0.344,1
894,7.8,49.7,32.1,205.3,6.01,1.39,good,silty clay loam,561.0,5.4,drip,well,775.8,narli,other,0,28.0,643.9,78.8,11.9,0.0,0.0,0.0,0.0,0.0,0.522,1
895,7.48,75.4,14.0,147.5,3.54,2.07,excellent,sandy loam,511.4,17.1,sprinkler,river,241.4,other,other,0,21.0,314.9,62.3,21.9,0.0,0.0,0.0,0.0,13.296,0.364,1
896,7.19,60.4,17.5,201.3,3.2,1.92,good,clay loam,34.2,15.1,none,rain,693.4,other,hemp,1,26.3,270.7,35.2,18.7,-1.0,0.0,0.0,0.0,0.0,0.426,1
897,7.64,42.1,22.2,89.1,1.54,1.36,good,clay loam,416.9,9.2,flood,municipal,559.2,other,hemp,1,28.3,329.2,59.7,11.4,-1.0,0.0,0.0,0.0,18.284,0.428,1
898,5.16,49.0,20.5,233.1,3.28,2.17,moderate,silt loam,416.3,8.2,none,rain,401.1,vezir,legume,1,32.1,580.8,48.0,20.8,3.0,0.0,0.0,0.0,0.0,0.226,0
899,6.59,74.3,44.9,63.7,5.27,3.36,excellent,sandy loam,443.5,10.2,sprinkler,rain,229.5,other,sunflower,0,15.2,608.2,60.6,15.8,0.5,0.0,0.0,0.0,0.0,0.611,1
900,6.83,49.8,9.1,193.9,5.8,3.01,moderate,silt loam,407.4,0.8,none,well,909.6,vezir,fallow,0,30.8,560.6,63.8,16.8,1.0,0.0,1.362,0.0,0.0,0.373,1
901,5.81,15.9,19.8,69.3,2.13,3.04,excellent,clay loam,193.5,11.5,drip,municipal,558.1,other,cereal,0,26.3,594.1,64.2,18.8,0.0,1.657,0.0,0.0,0.247,0.52,1
902,7.15,31.3,13.4,251.8,5.71,3.23,poor,silt loam,548.6,13.4,sprinkler,municipal,582.2,other,legume,0,30.8,226.8,46.4,17.9,3.0,0.0,0.0,0.0,19.817,0.164,0
903,7.85,57.7,10.5,257.9,5.06,3.97,moderate,loam,22.1,11.7,sprinkler,municipal,869.6,other,hemp,0,29.8,288.2,63.5,12.2,-1.0,0.0,0.874,0.0,16.552,0.238,0
904,7.21,38.4,28.3,217.6,5.16,0.75,excellent,clay loam,189.7,11.6,drip,rain,227.9,narli,hemp,0,30.8,256.8,83.3,22.8,-1.0,0.0,0.0,0.0,11.302,0.406,1
905,6.62,24.7,36.8,255.0,5.53,3.3,good,clay loam,381.3,13.3,drip,rain,1022.1,narli,cereal,0,11.9,476.9,41.0,18.7,0.0,0.0,0.0,0.0,5.312,0.464,1
906,6.41,68.8,10.1,215.9,5.38,3.92,good,silt loam,526.3,15.9,none,well,744.8,other,sunflower,0,34.6,440.5,70.2,11.0,0.5,0.0,0.975,0.0,0.0,0.107,0
907,7.64,50.4,31.1,68.8,3.49,0.92,poor,silt loam,358.2,7.4,drip,municipal,419.2,other,other,0,12.5,563.4,45.5,13.7,0.0,0.0,0.0,0.0,1.226,0.225,0
908,7.88,59.5,22.7,93.2,4.27,2.76,moderate,sandy loam,562.7,17.4,drip,municipal,817.3,other,fallow,1,33.1,473.5,62.0,19.0,1.0,0.0,0.0,0.0,5.792,0.117,0
909,7.48,15.5,22.9,217.4,5.67,2.42,poor,sandy loam,283.7,3.3,none,river,656.6,narli,hemp,0,32.1,262.0,80.3,17.2,-1.0,0.0,0.0,0.0,0.0,0.237,0
910,7.76,30.8,19.7,152.6,2.8,2.09,excellent,silty clay loam,474.1,19.1,sprinkler,municipal,402.7,vezir,legume,0,19.9,519.9,73.3,21.8,3.0,0.0,0.0,0.0,4.054,0.277,1
911,7.3,43.6,41.5,138.6,4.54,2.15,moderate,silty clay loam,178.8,18.2,flood,well,356.1,other,fallow,1,34.2,305.7,50.4,16.8,1.0,0.0,0.0,0.0,20.989,0.119,0
912,5.68,57.1,19.9,70.8,3.2,3.96,poor,silt loam,384.1,9.0,drip,well,649.4,vezir,hemp,0,22.5,586.9,42.1,18.9,-1.0,0.0,0.0,0.0,0.603,0.295,1
913,6.42,67.7,8.9,227.5,2.28,3.11,excellent,silt loam,492.4,1.9,sprinkler,river,682.2,vezir,cereal,0,21.7,254.2,41.0,18.2,0.0,0.0,1.395,0.0,18.58,0.627,1
914,7.11,24.6,24.2,83.0,3.16,2.28,moderate,sandy loam,99.3,18.3,flood,municipal,1015.5,other,sunflower,0,34.9,263.4,43.8,11.3,0.5,0.0,0.0,0.0,23.84,0.104,0
915,6.75,66.8,8.9,162.6,2.14,1.24,excellent,clay loam,431.2,8.9,drip,municipal,822.5,other,sunflower,0,25.6,610.8,59.4,20.4,0.5,0.0,1.678,0.0,0.0,0.662,1
916,6.01,76.6,41.2,76.9,4.65,1.68,poor,silt loam,536.9,2.6,flood,municipal,741.1,vezir,other,0,27.0,277.6,63.1,19.7,0.0,0.0,0.0,0.0,20.834,0.389,1
917,6.61,33.8,31.6,113.1,2.11,3.74,moderate,clay loam,577.8,14.1,drip,rain,783.6,narli,legume,0,13.1,338.6,58.0,18.4,3.0,0.0,0.0,0.0,10.488,0.373,1
918,5.42,35.4,22.6,112.9,1.96,3.81,poor,loam,480.2,18.5,sprinkler,river,310.2,other,fallow,1,32.3,254.4,56.9,15.9,1.0,0.0,0.0,0.0,18.739,0.112,0
919,6.84,36.3,31.5,120.7,3.22,1.17,poor,silty clay loam,115.2,5.8,flood,well,514.6,vezir,sunflower,0,16.3,584.3,53.8,10.7,0.5,0.0,0.0,0.0,1.072,0.316,1
920,5.2,53.0,35.8,221.7,4.54,3.59,good,silt loam,357.9,3.9,sprinkler,rain,760.1,vezir,sunflower,0,16.1,172.5,45.8,22.0,0.5,0.0,0.0,0.0,25.495,0.466,1
921,5.19,61.9,15.7,266.1,6.33,3.14,good,silty clay loam,251.6,3.5,sprinkler,well,344.7,narli,cereal,1,33.0,288.0,71.6,19.7,0.0,0.0,0.0,0.0,14.128,0.244,0
922,6.07,22.4,33.8,189.4,3.89,1.92,good,loam,56.8,19.3,drip,municipal,35.1,vezir,sunflower,1,21.4,367.7,39.7,12.7,0.5,0.0,0.0,0.0,9.675,0.38,1
923,7.9,20.6,15.6,78.5,1.51,0.35,moderate,clay loam,299.2,9.4,drip,well,544.8,other,legume,0,10.6,457.6,55.3,17.3,3.0,0.0,0.0,0.0,6.012,0.193,0
924,6.22,50.6,39.0,91.4,3.35,2.35,moderate,loam,556.2,16.0,flood,municipal,213.5,other,cereal,1,8.9,242.3,37.7,23.4,0.0,0.0,0.0,0.0,19.739,0.217,0
925,5.98,69.0,14.2,223.0,1.53,3.17,poor,clay loam,257.1,1.3,flood,well,296.6,other,fallow,0,8.5,641.6,55.1,22.5,1.0,0.0,0.0,0.0,0.0,0.216,0
926,5.41,17.4,44.7,111.1,6.38,0.61,moderate,sandy loam,236.0,3.5,drip,well,1057.8,other,fallow,0,31.0,206.9,45.4,17.5,1.0,0.0,0.0,0.0,18.574,0.241,0
927,7.87,22.6,15.9,113.5,4.29,1.41,excellent,silt loam,213.3,5.2,sprinkler,rain,342.3,vezir,fallow,0,29.4,236.6,64.2,16.0,1.0,0.0,0.0,0.0,20.471,0.437,1
928,7.85,31.1,35.8,200.1,3.6,3.63,moderate,silt loam,403.9,12.3,flood,river,691.6,narli,sunflower,0,28.9,317.3,43.9,15.4,0.5,0.0,0.0,0.0,22.519,0.279,0
929,6.17,25.3,37.1,251.9,3.81,2.52,excellent,clay loam,194.1,6.2,flood,river,289.2,other,other,1,15.8,370.8,84.6,13.8,0.0,0.0,0.0,0.0,15.157,0.7,1
930,5.63,52.7,33.5,263.7,1.7,2.57,good,loam,109.4,4.9,none,rain,1017.7,narli,sunflower,1,20.8,228.3,57.9,19.0,0.5,0.0,0.0,0.0,0.0,0.603,1
931,7.82,33.6,28.3,170.0,3.36,2.71,poor,clay loam,475.2,9.0,sprinkler,municipal,630.7,other,other,1,24.4,594.7,62.3,19.2,0.0,0.0,0.0,0.0,0.265,0.316,0
932,5.25,40.6,36.9,204.3,4.82,0.44,moderate,sandy loam,308.3,5.0,sprinkler,rain,83.6,other,cereal,0,28.9,621.5,48.7,18.6,0.0,0.0,0.0,0.0,0.0,0.338,1
933,5.83,28.5,12.9,86.9,2.57,3.16,good,clay loam,250.2,7.5,flood,river,828.6,other,cereal,1,27.0,322.2,55.3,22.8,0.0,0.0,0.0,0.0,21.758,0.704,1
934,7.58,53.3,41.3,62.5,3.17,2.33,poor,sandy loam,125.3,9.4,none,municipal,632.5,narli,fallow,0,34.7,162.8,69.1,17.7,1.0,0.0,0.0,0.0,0.0,0.106,0
935,7.36,52.1,12.2,230.7,2.36,2.45,poor,sandy loam,132.9,5.5,flood,river,534.3,other,hemp,0,25.7,252.6,69.3,17.5,-1.0,0.0,0.247,0.0,19.786,0.278,1
936,5.8,62.3,43.3,250.3,3.71,0.94,poor,silt loam,547.1,2.5,none,well,1073.3,other,other,0,25.9,191.5,36.2,21.9,0.0,0.0,0.0,0.0,0.0,0.246,1
937,6.25,42.1,12.4,261.5,6.5,3.02,poor,silty clay loam,369.3,5.8,sprinkler,well,1051.2,narli,sunflower,0,28.1,314.6,62.7,22.4,0.5,0.0,0.173,0.0,14.189,0.383,1
938,7.09,51.8,32.8,166.8,6.17,2.41,moderate,silty clay loam,241.7,2.2,none,well,943.6,narli,hemp,1,31.7,541.3,39.9,19.5,-1.0,0.0,0.0,0.0,0.0,0.254,1
939,5.48,75.6,28.6,204.1,2.59,0.57,excellent,silt loam,203.9,20.0,drip,river,1067.3,vezir,fallow,1,18.3,580.1,44.4,11.0,1.0,0.0,0.0,0.0,0.944,0.348,1
940,5.9,78.1,32.3,143.4,5.3,4.0,moderate,loam,392.0,3.1,flood,well,102.2,narli,legume,0,13.9,175.7,64.8,16.1,3.0,0.0,0.0,0.0,30.155,0.472,1
941,5.97,64.2,26.4,128.6,1.41,0.64,good,silt loam,302.2,17.9,none,municipal,582.2,vezir,hemp,1,15.6,435.1,82.5,13.1,-1.0,0.0,0.0,0.0,0.0,0.353,1
942,7.19,43.1,20.9,205.9,3.21,1.53,good,loam,514.0,4.5,drip,rain,188.5,vezir,cereal,0,17.8,333.5,47.9,22.2,0.0,0.0,0.0,0.0,12.199,0.579,1
943,7.52,15.3,38.3,172.0,6.26,1.74,moderate,silt loam,43.5,15.6,none,well,967.1,narli,other,0,19.1,420.7,37.9,13.8,0.0,0.0,0.0,0.0,0.0,0.325,1
944,5.02,41.5,15.1,218.4,1.67,3.49,moderate,loam,153.0,12.4,sprinkler,river,620.6,vezir,legume,0,20.7,583.2,61.3,15.0,3.0,0.0,0.0,0.0,0.821,0.336,0
945,5.8,54.3,12.3,142.1,5.3,2.85,moderate,silt loam,406.9,18.3,flood,river,364.2,vezir,cereal,1,25.4,446.0,81.2,10.1,0.0,0.0,0.215,0.0,8.925,0.227,0
946,6.08,46.8,44.3,191.7,3.55,1.04,moderate,silty clay loam,30.0,2.1,flood,well,691.8,other,sunflower,1,10.1,316.5,73.0,21.0,0.5,0.0,0.0,0.0,18.686,0.307,1
947,6.36,62.6,31.3,181.1,1.96,2.6,moderate,sandy loam,243.6,16.8,none,well,747.6,narli,hemp,0,28.9,483.8,39.9,21.5,-1.0,0.0,0.0,0.0,0.0,0.328,1
948,7.71,68.4,22.9,186.7,2.75,1.39,good,silt loam,550.7,17.4,flood,well,608.3,vezir,cereal,0,27.9,567.1,65.1,16.0,0.0,0.0,0.0,0.0,2.343,0.262,0
949,5.04,19.3,9.8,132.9,3.53,1.01,good,silt loam,277.6,1.4,none,municipal,175.4,vezir,legume,0,19.3,430.1,49.9,22.6,3.0,0.0,1.261,0.0,0.0,0.385,1
950,5.58,62.0,30.8,95.4,4.37,1.65,good,silt loam,286.7,18.5,sprinkler,municipal,886.9,narli,fallow,1,13.0,522.0,80.0,12.4,1.0,0.0,0.0,0.0,3.781,0.299,1
951,7.16,37.2,42.9,147.6,1.59,2.18,good,clay loam,183.4,21.1,drip,rain,208.0,vezir,fallow,0,8.4,288.8,53.4,10.9,1.0,0.0,0.0,0.0,11.972,0.193,0
952,6.01,54.0,21.3,264.8,5.67,1.36,moderate,silty clay loam,244.4,1.5,drip,river,673.5,vezir,cereal,0,26.6,450.0,57.1,11.4,0.0,0.0,0.0,0.0,6.504,0.5,1
953,6.62,65.0,41.5,139.0,2.32,0.79,excellent,clay loam,370.4,10.7,drip,rain,259.0,narli,sunflower,0,34.2,210.6,46.5,12.2,0.5,0.0,0.0,0.0,17.637,0.259,0
954,5.55,17.9,11.5,188.7,1.58,1.03,moderate,loam,236.7,5.4,none,well,672.0,narli,legume,0,13.0,440.9,52.1,11.4,3.0,0.0,0.578,0.0,0.0,0.394,1
955,6.54,39.0,43.9,128.0,5.0,2.36,moderate,loam,20.3,17.6,flood,river,167.7,narli,legume,0,25.6,384.4,80.8,17.5,3.0,0.0,0.0,0.0,14.111,0.4,1
956,7.51,43.9,36.9,86.0,2.63,3.05,moderate,silty clay loam,425.6,2.7,drip,rain,1072.0,vezir,hemp,0,17.2,322.3,67.9,19.1,-1.0,0.0,0.0,0.0,11.822,0.348,1
957,6.94,46.0,10.0,205.7,5.38,2.54,moderate,loam,162.6,15.0,none,rain,696.1,other,hemp,1,25.0,388.9,56.4,14.7,-1.0,0.0,1.139,0.0,0.0,0.36,1
958,6.76,19.7,13.1,240.1,3.84,1.21,good,clay loam,148.0,11.2,drip,municipal,933.5,other,sunflower,1,9.1,619.5,47.2,21.6,0.5,0.0,0.0,0.0,0.0,0.32,1
959,7.11,19.8,13.3,156.2,4.3,2.54,excellent,clay loam,375.3,3.2,none,municipal,131.5,other,fallow,1,26.4,356.4,63.5,22.4,1.0,0.0,0.0,0.0,0.0,0.624,1
960,5.3,32.9,40.2,239.2,5.42,0.74,excellent,clay loam,189.8,9.8,sprinkler,municipal,88.7,narli,hemp,1,15.6,621.5,46.0,21.3,-1.0,0.0,0.0,0.0,0.0,0.556,1
961,6.41,41.7,27.6,172.5,4.24,0.72,good,silty clay loam,187.0,8.4,drip,well,351.4,other,cereal,1,33.9,439.3,83.5,15.9,0.0,0.0,0.0,0.0,6.931,0.258,0
962,7.02,71.3,36.3,225.2,5.82,2.87,moderate,silty clay loam,567.9,16.4,drip,rain,651.1,narli,sunflower,0,15.3,219.2,41.5,11.5,0.5,0.0,0.0,0.0,15.974,0.378,1
963,7.68,45.0,44.4,211.7,5.7,2.71,poor,silt loam,548.2,21.4,none,river,423.5,other,sunflower,0,9.4,162.1,46.5,18.6,0.5,0.0,0.0,0.0,0.0,0.099,0
964,7.83,76.6,36.6,102.5,4.55,3.54,poor,silty clay loam,425.3,6.3,drip,rain,547.3,other,hemp,1,13.3,465.1,68.5,21.9,-1.0,0.0,0.0,0.0,5.644,0.243,0
965,7.38,24.9,38.4,245.0,5.9,2.91,good,silty clay loam,552.5,3.2,flood,river,241.0,narli,hemp,0,26.2,340.5,82.3,17.1,-1.0,0.0,0.0,0.0,16.052,0.552,1
966,7.22,20.6,15.7,61.9,2.85,2.74,good,clay loam,528.5,13.4,drip,municipal,1010.6,vezir,fallow,0,9.4,583.5,42.3,18.7,1.0,0.0,0.0,0.0,0.669,0.369,1
967,7.67,15.1,12.0,133.0,3.15,1.95,poor,silty clay loam,529.1,5.2,drip,municipal,295.7,narli,legume,1,15.3,181.9,55.3,22.5,3.0,0.0,0.299,0.0,17.99,0.28,0
968,6.9,21.7,27.1,107.8,2.71,1.35,poor,loam,44.4,14.2,drip,rain,577.6,vezir,hemp,1,11.0,570.4,57.5,13.7,-1.0,0.0,0.0,0.0,1.293,0.213,0
969,6.21,54.4,33.7,202.1,2.12,2.84,excellent,sandy loam,81.9,11.6,none,rain,1079.4,other,hemp,1,23.4,385.0,76.6,16.1,-1.0,0.0,0.0,0.0,0.0,0.597,1
970,6.24,46.0,9.5,130.6,1.15,3.88,moderate,silt loam,130.0,8.2,drip,municipal,475.7,vezir,other,1,18.0,332.4,47.0,13.5,0.0,0.0,1.147,0.0,11.098,0.447,1
971,5.28,73.9,33.9,133.7,1.24,2.76,good,clay loam,268.1,10.9,sprinkler,well,900.0,narli,legume,1,21.9,252.3,80.0,16.5,3.0,0.0,0.0,0.0,14.166,0.397,1
972,5.67,35.6,31.6,238.4,4.91,0.74,moderate,silty clay loam,235.0,6.9,drip,river,24.8,other,hemp,0,33.4,153.8,80.8,22.9,-1.0,0.0,0.0,0.0,18.694,0.229,0
973,7.15,25.8,25.9,164.5,3.51,3.01,poor,sandy loam,529.7,11.3,sprinkler,municipal,158.5,other,hemp,0,32.9,249.2,74.0,10.9,-1.0,0.0,0.0,0.0,19.698,0.163,0
974,7.15,33.1,15.2,208.5,3.69,3.56,poor,silt loam,448.5,10.9,none,rain,121.5,other,other,0,33.2,488.9,64.1,16.6,0.0,0.0,0.0,0.0,0.0,0.129,0
975,5.89,54.5,34.8,143.1,5.7,0.86,good,sandy loam,30.1,15.8,sprinkler,river,1031.1,vezir,cereal,0,18.3,506.3,44.8,16.4,0.0,0.0,0.0,0.0,4.64,0.446,1
976,5.23,31.8,44.4,214.8,3.52,1.51,good,clay loam,409.6,9.6,drip,municipal,552.3,other,fallow,1,32.5,314.4,72.3,11.3,1.0,0.0,0.0,0.0,11.232,0.244,0
977,6.2,51.4,34.6,207.3,5.65,3.65,excellent,silty clay loam,552.7,4.9,flood,municipal,568.2,other,cereal,1,32.1,450.1,40.4,18.0,0.0,0.0,0.0,0.0,10.21,0.418,1
978,7.69,47.8,23.3,199.4,5.69,2.75,moderate,loam,33.3,5.0,none,river,902.7,vezir,hemp,1,29.0,221.0,54.6,14.7,-1.0,0.0,0.0,0.0,0.0,0.33,1
979,5.12,17.2,40.6,208.6,1.78,2.23,poor,sandy loam,196.4,16.5,drip,municipal,112.9,narli,fallow,0,15.6,562.0,59.8,11.6,1.0,0.69,0.0,0.0,1.797,0.182,0
980,7.18,79.2,19.8,152.6,4.61,0.95,moderate,sandy loam,71.9,1.8,drip,well,588.4,other,fallow,1,22.9,410.5,71.4,21.3,1.0,0.0,0.0,0.0,7.796,0.383,1
981,6.01,76.9,10.4,179.6,6.19,3.05,poor,silty clay loam,449.0,1.6,flood,river,704.0,vezir,hemp,1,28.8,347.0,61.7,19.0,-1.0,0.0,0.807,0.0,17.846,0.321,1
982,6.91,48.8,20.9,276.5,5.19,1.28,excellent,silt loam,466.1,18.7,flood,river,99.5,narli,legume,0,26.4,623.4,68.7,20.4,3.0,0.0,0.0,0.0,0.0,0.372,1
983,7.94,21.2,29.6,87.5,2.7,2.7,moderate,clay loam,599.2,16.3,flood,well,838.1,narli,hemp,0,19.5,495.0,39.9,16.9,-1.0,0.0,0.0,0.0,6.671,0.229,0
984,7.87,41.6,16.7,179.8,5.98,2.7,poor,sandy loam,442.7,9.0,sprinkler,rain,1018.3,narli,fallow,1,19.5,367.5,60.7,19.7,1.0,0.0,0.0,0.0,12.688,0.294,0
985,7.45,26.0,28.4,201.0,4.72,2.89,poor,clay loam,189.0,13.1,flood,well,166.4,vezir,fallow,0,20.6,366.9,83.7,21.7,1.0,0.0,0.0,0.0,17.745,0.191,0
986,6.11,63.2,8.9,66.5,1.4,2.87,good,sandy loam,468.5,2.9,none,municipal,541.5,other,cereal,0,33.7,219.5,82.9,22.1,0.0,0.0,1.445,0.0,0.0,0.301,0
987,7.93,49.2,9.5,252.1,2.99,0.27,moderate,silt loam,176.5,15.6,sprinkler,rain,626.1,vezir,sunflower,0,34.8,463.2,67.1,20.8,0.5,0.0,1.278,0.0,7.658,0.112,0
988,6.02,15.9,31.8,146.1,4.44,2.02,moderate,silty clay loam,457.5,1.0,flood,river,1095.1,narli,cereal,0,19.0,255.4,41.0,17.9,0.0,0.0,0.0,0.0,23.991,0.538,1
989,5.41,32.0,14.4,144.7,4.91,0.64,excellent,silt loam,158.7,20.8,flood,well,773.1,vezir,hemp,0,26.6,553.4,73.1,14.3,-1.0,0.0,0.0,0.0,2.958,0.354,1
990,7.33,47.2,9.8,143.7,5.97,3.18,good,silt loam,166.8,8.5,flood,municipal,802.5,vezir,hemp,0,32.2,637.6,68.1,15.9,-1.0,0.0,1.128,0.0,0.0,0.265,1
991,6.68,70.6,32.5,263.9,4.6,3.78,moderate,clay loam,502.6,5.1,none,municipal,579.0,narli,cereal,1,25.9,380.4,53.2,16.6,0.0,0.0,0.0,0.0,0.0,0.583,1
992,7.65,41.6,37.8,183.4,4.61,2.63,good,loam,525.3,16.2,flood,well,404.5,other,sunflower,1,9.6,647.3,36.6,12.4,0.5,0.0,0.0,0.0,0.0,0.205,0
993,7.75,64.3,36.1,184.8,4.83,1.84,excellent,loam,509.8,13.2,flood,municipal,740.3,other,legume,1,33.0,181.7,41.9,17.8,3.0,0.0,0.0,0.0,26.58,0.173,0
994,6.91,34.5,20.7,204.7,6.28,0.47,moderate,silt loam,151.6,1.9,none,municipal,853.5,other,other,0,30.3,525.3,66.0,21.7,0.0,0.0,0.0,0.0,0.0,0.388,1
995,6.06,16.9,44.8,96.7,2.97,3.55,good,loam,339.8,18.6,none,river,890.6,vezir,legume,0,22.1,398.0,61.4,17.8,3.0,0.0,0.0,0.0,0.0,0.406,1
996,6.9,43.0,9.5,192.8,6.0,0.42,moderate,silt loam,74.4,10.7,flood,municipal,915.1,vezir,other,1,20.3,165.6,73.2,11.9,0.0,0.0,1.479,0.0,30.617,0.413,1
997,7.99,24.1,11.2,129.8,3.62,3.86,moderate,clay loam,169.3,2.7,none,well,574.8,other,legume,0,29.2,371.0,43.0,18.2,3.0,0.0,0.68,0.0,0.0,0.333,0
998,6.29,16.3,39.2,263.0,4.29,3.8,excellent,clay loam,565.8,7.2,drip,municipal,798.8,other,fallow,1,30.2,607.2,70.2,15.9,1.0,0.0,0.0,0.0,0.0,0.504,1
999,7.48,49.5,28.6,270.6,2.7,1.44,poor,silt loam,397.1,1.7,flood,river,452.8,vezir,legume,0,11.9,237.9,71.1,11.5,3.0,0.0,0.0,0.0,24.975,0.217,0
1000,6.4,54.4,10.4,218.0,2.61,0.19,good,silt loam,132.6,2.3,sprinkler,municipal,288.6,other,sunflower,1,29.5,593.3,69.3,22.0,0.5,0.0,0.858,0.0,0.327,0.502,1
1001,5.44,53.0,43.1,265.9,4.33,1.62,good,sandy loam,547.6,5.1,sprinkler,well,929.2,narli,other,0,28.1,515.6,59.5,21.5,0.0,0.0,0.0,0.0,3.669,0.482,1
1002,7.7,66.1,24.4,209.5,3.39,1.99,poor,silt loam,99.4,11.5,none,rain,21.1,other,sunflower,1,24.1,459.4,71.4,15.2,0.5,0.0,0.0,0.0,0.0,0.234,0
1003,7.33,39.5,37.9,113.7,3.72,2.49,moderate,silt loam,390.0,19.4,sprinkler,municipal,563.2,vezir,hemp,1,25.5,173.8,35.4,20.9,-1.0,0.0,0.0,0.0,19.586,0.247,0
1004,6.04,55.7,27.8,219.2,2.32,1.75,poor,sandy loam,63.8,5.7,sprinkler,rain,206.3,narli,sunflower,1,14.6,337.6,40.0,14.3,0.5,0.0,0.0,0.0,12.265,0.346,1
1005,5.09,50.8,15.3,220.9,5.85,2.72,poor,clay loam,148.9,18.6,sprinkler,well,720.4,other,hemp,0,27.9,450.1,58.3,17.1,-1.0,0.0,0.0,0.0,6.793,0.133,0
1006,5.13,38.0,11.0,213.7,1.55,0.3,excellent,sandy loam,284.9,9.8,flood,municipal,961.1,narli,other,0,30.6,310.3,44.0,16.4,0.0,0.0,0.706,0.0,21.949,0.331,1
1007,7.4,34.8,17.6,139.9,4.33,0.65,excellent,silt loam,216.3,18.2,sprinkler,rain,482.0,narli,cereal,0,27.8,555.4,69.4,19.5,0.0,0.0,0.0,0.0,2.235,0.328,1
1008,6.06,21.9,35.5,228.3,3.1,3.13,moderate,sandy loam,235.9,11.1,none,well,231.2,other,hemp,0,30.2,173.3,71.5,13.0,-1.0,0.0,0.0,0.0,0.0,0.354,1
1009,7.36,72.6,14.5,153.3,5.0,0.1,poor,sandy loam,487.2,9.4,drip,municipal,208.0,other,legume,1,16.0,263.4,65.0,23.9,3.0,0.0,0.0,0.0,14.993,0.274,0
1010,5.08,31.3,19.6,178.5,4.11,2.41,excellent,sandy loam,145.5,12.4,sprinkler,well,50.6,other,cereal,0,24.3,470.3,55.1,13.2,0.0,0.0,0.0,0.0,6.053,0.434,1
1011,7.12,76.6,12.2,201.6,3.65,0.32,good,silty clay loam,149.4,1.9,flood,well,427.3,other,cereal,0,10.2,375.8,41.4,12.2,0.0,0.0,0.219,0.0,17.166,0.432,1
1012,6.34,52.9,44.6,148.1,1.29,3.33,good,clay loam,325.0,16.2,flood,rain,985.9,other,fallow,0,24.2,307.9,81.5,11.9,1.0,0.0,0.0,0.0,19.33,0.388,1
1013,6.55,21.2,30.9,205.8,6.47,3.58,poor,clay loam,64.6,5.0,flood,rain,950.5,narli,hemp,1,10.5,448.2,84.1,15.1,-1.0,0.0,0.0,0.0,10.294,0.219,0
1014,5.31,53.8,30.5,107.9,6.03,2.08,poor,silty clay loam,506.7,5.0,drip,rain,592.8,narli,other,1,28.6,471.5,35.6,11.1,0.0,0.0,0.0,0.0,4.562,0.264,0
1015,7.95,27.6,42.1,236.5,2.33,1.93,good,silt loam,355.5,16.7,drip,municipal,764.4,narli,cereal,0,12.4,328.6,49.8,17.2,0.0,0.0,0.0,0.0,10.477,0.203,0
1016,7.46,30.2,30.1,188.9,5.17,0.58,excellent,silt loam,599.5,5.2,sprinkler,river,1003.6,vezir,legume,0,15.4,566.8,70.0,12.6,3.0,0.0,0.0,0.0,1.373,0.698,1
1017,7.5,71.4,41.2,259.0,1.58,2.84,moderate,loam,255.4,1.3,none,river,637.2,vezir,sunflower,1,30.3,511.7,62.7,14.5,0.5,0.0,0.0,0.0,0.0,0.273,1
1018,5.03,65.2,25.4,148.0,4.64,1.42,poor,silty clay loam,268.6,14.7,flood,rain,166.5,vezir,other,1,34.6,455.6,78.3,19.8,0.0,0.0,0.0,0.0,9.294,0.085,0
1019,6.26,48.0,10.5,105.4,6.3,1.93,excellent,clay loam,36.7,15.4,drip,rain,729.4,other,sunflower,0,27.1,240.1,41.6,12.4,0.5,0.0,0.972,0.0,14.704,0.535,1
1020,6.58,66.5,34.7,238.4,1.34,2.73,moderate,loam,445.4,9.8,flood,well,121.7,other,legume,0,16.4,284.2,49.8,23.6,3.0,0.0,0.0,0.0,18.735,0.483,1
1021,7.43,64.0,8.3,192.2,3.42,1.47,poor,sandy loam,407.6,11.6,drip,municipal,469.9,vezir,legume,0,23.6,201.5,59.7,12.7,3.0,0.0,1.549,0.0,18.093,0.245,0
1022,5.96,69.0,13.0,244.5,6.45,2.77,poor,silty clay loam,547.4,4.4,drip,well,49.3,narli,sunflower,1,24.6,240.6,63.9,23.9,0.5,0.0,0.0,0.0,16.443,0.327,1
1023,7.81,42.5,14.4,96.9,2.91,1.0,excellent,sandy loam,349.8,2.5,drip,river,677.5,narli,fallow,0,29.2,302.8,49.0,18.8,1.0,0.0,0.0,0.0,11.694,0.462,1
1024,7.23,32.6,15.1,237.3,4.71,2.2,moderate,loam,169.3,10.7,drip,rain,491.1,other,sunflower,0,21.7,538.0,53.1,14.0,0.5,0.0,0.0,0.0,3.138,0.469,1
1025,6.03,44.2,15.6,240.7,1.12,3.46,moderate,silty clay loam,387.5,20.6,flood,municipal,969.5,vezir,other,0,14.7,363.5,80.2,22.2,0.0,0.0,0.0,0.0,15.805,0.321,1
1026,7.59,41.3,9.7,160.7,5.41,2.14,poor,sandy loam,462.0,17.7,flood,municipal,167.3,other,hemp,1,15.4,292.4,71.5,19.0,-1.0,0.0,1.115,0.0,21.901,0.145,0
1027,6.37,41.6,11.9,214.1,5.7,0.19,excellent,silty clay loam,49.9,18.7,none,well,107.3,narli,fallow,1,33.7,507.9,82.3,11.4,1.0,0.0,0.317,0.0,0.0,0.218,0
1028,5.0,37.0,28.1,171.1,6.19,2.78,excellent,clay loam,404.1,6.1,sprinkler,river,326.8,narli,sunflower,0,25.3,367.5,60.9,10.3,0.5,0.0,0.0,0.0,13.366,0.406,1
1029,6.23,61.0,37.3,110.5,2.89,0.28,good,loam,481.3,9.8,none,river,991.5,vezir,legume,1,8.9,215.0,37.8,22.1,3.0,0.0,0.0,0.0,0.0,0.259,1
1030,6.28,26.2,21.9,242.8,3.83,3.18,excellent,loam,320.0,6.7,sprinkler,rain,948.2,narli,other,1,16.7,325.4,35.9,21.8,0.0,0.0,0.0,0.0,11.787,0.614,1
1031,5.25,67.4,32.0,60.3,2.62,3.69,good,loam,545.8,19.9,none,rain,398.3,vezir,hemp,1,13.8,313.8,42.3,23.2,-1.0,0.0,0.0,0.0,0.0,0.291,0
1032,6.89,31.8,26.8,191.5,5.11,2.9,moderate,sandy loam,331.6,15.0,sprinkler,river,260.1,vezir,other,0,20.9,571.1,80.1,16.3,0.0,0.0,0.0,0.0,1.427,0.343,1
1033,6.28,58.9,40.9,145.4,6.19,1.83,good,sandy loam,315.5,19.9,none,rain,306.2,vezir,sunflower,0,26.5,475.0,82.0,21.8,0.5,0.0,0.0,0.0,0.0,0.414,1
1034,7.25,66.2,40.5,251.2,6.29,3.16,excellent,clay loam,290.1,12.5,flood,well,306.3,narli,legume,0,21.0,383.6,39.0,18.4,3.0,0.0,0.0,0.0,15.891,0.553,1
1035,5.62,55.4,10.2,67.1,4.95,2.33,good,sandy loam,481.9,8.5,flood,river,281.5,vezir,other,1,14.6,641.6,75.0,19.2,0.0,0.0,0.968,0.0,0.0,0.498,1
1036,7.59,23.5,23.2,276.4,4.47,3.67,poor,sandy loam,170.9,1.1,drip,well,84.7,narli,sunflower,0,28.3,330.8,56.1,11.1,0.5,0.0,0.0,0.0,10.462,0.33,0
1037,5.26,21.6,40.8,170.5,5.12,1.85,good,clay loam,267.3,7.2,flood,rain,504.6,narli,fallow,0,25.5,405.6,68.4,13.9,1.0,0.0,0.0,0.0,11.7,0.558,1
1038,7.35,39.9,40.8,215.8,1.09,1.55,moderate,silt loam,254.4,21.5,flood,well,588.9,other,legume,1,12.4,266.3,46.6,20.2,3.0,0.0,0.0,0.0,23.622,0.245,0
1039,6.44,30.7,27.8,98.4,1.86,1.09,good,sandy loam,145.4,2.4,none,rain,54.8,vezir,sunflower,0,14.6,425.9,76.9,13.5,0.5,0.0,0.0,0.0,0.0,0.707,1
1040,7.59,68.8,8.1,132.0,2.44,0.5,moderate,loam,474.2,10.8,sprinkler,municipal,1091.5,other,other,0,28.4,353.1,50.5,22.1,0.0,0.0,1.843,0.0,14.873,0.334,1
1041,7.02,15.6,21.1,142.3,2.47,3.78,excellent,silt loam,330.0,2.2,sprinkler,municipal,708.7,other,legume,0,24.3,321.9,66.1,18.7,3.0,0.0,0.0,0.0,12.82,0.533,1
1042,7.92,74.6,43.9,181.9,3.06,1.51,poor,clay loam,287.2,16.8,sprinkler,river,601.1,narli,fallow,1,22.4,627.3,39.6,22.5,1.0,0.0,0.0,0.0,0.0,0.191,0
1043,6.16,31.8,34.0,276.0,1.95,3.67,poor,silty clay loam,528.3,12.8,sprinkler,well,927.6,other,legume,1,21.9,227.4,80.2,14.1,3.0,0.0,0.0,0.0,16.948,0.287,0
1044,5.25,72.4,21.2,103.1,1.3,0.34,moderate,sandy loam,130.1,17.9,flood,well,505.8,other,legume,0,10.7,173.7,85.0,20.4,3.0,0.0,0.0,0.0,26.91,0.132,0
1045,7.12,30.4,37.6,131.6,5.87,0.57,moderate,silty clay loam,362.8,3.5,flood,municipal,184.9,vezir,sunflower,0,33.2,608.7,75.2,10.3,0.5,0.0,0.0,0.0,0.0,0.167,0
1046,6.14,55.0,8.6,256.9,5.89,3.41,moderate,loam,405.2,3.4,drip,rain,598.4,vezir,fallow,0,12.1,191.9,75.5,15.0,1.0,0.0,1.585,0.0,13.838,0.384,1
1047,5.44,49.4,31.4,169.2,5.4,2.86,poor,sandy loam,220.3,5.5,flood,rain,159.9,narli,fallow,0,9.3,250.6,42.3,10.7,1.0,0.0,0.0,0.0,25.54,0.173,0
1048,6.85,62.8,17.4,102.1,3.55,0.58,good,sandy loam,191.2,4.5,drip,municipal,751.0,other,other,1,33.1,606.8,82.4,15.6,0.0,0.0,0.0,0.0,0.0,0.338,1
1049,5.04,65.9,39.3,255.0,2.45,3.82,excellent,silty clay loam,580.3,1.4,drip,municipal,960.3,other,fallow,0,23.8,315.2,54.6,19.6,1.0,0.0,0.0,0.0,10.59,0.477,1
1050,6.06,67.3,16.2,183.0,3.92,3.71,excellent,clay loam,221.6,15.5,sprinkler,well,242.5,other,legume,0,11.5,613.7,77.2,10.3,3.0,0.0,0.0,0.0,0.0,0.287,1
1051,6.45,53.3,32.6,158.4,5.85,3.04,poor,loam,315.2,5.0,drip,municipal,945.4,other,fallow,0,28.7,514.9,63.0,23.3,1.0,0.0,0.0,0.0,3.043,0.262,0
1052,5.78,67.6,35.0,270.5,2.28,1.82,moderate,silty clay loam,227.9,2.5,none,rain,252.3,narli,fallow,1,14.0,478.8,54.7,10.1,1.0,0.0,0.0,0.0,0.0,0.408,1
1053,6.24,67.0,22.1,205.4,4.26,0.75,moderate,loam,324.8,4.0,drip,well,589.1,narli,cereal,1,9.1,599.1,60.7,16.0,0.0,0.0,0.0,0.0,0.04,0.31,1
1054,6.23,47.2,8.7,268.8,2.53,3.23,moderate,clay loam,584.7,16.3,flood,rain,381.5,narli,cereal,1,13.4,618.8,51.1,14.8,0.0,0.0,1.495,0.0,0.0,0.316,1
1055,6.61,44.7,18.2,272.7,1.35,2.58,excellent,loam,268.6,7.4,drip,well,873.1,other,hemp,0,17.0,284.1,55.3,21.0,-1.0,0.0,0.0,0.0,12.446,0.596,1
1056,5.33,41.2,27.6,153.9,6.14,0.13,poor,silty clay loam,574.1,8.0,sprinkler,well,921.9,vezir,cereal,0,10.3,518.2,63.8,19.1,0.0,0.0,0.0,0.0,4.311,0.199,0
1057,5.64,65.2,30.2,165.5,3.26,0.29,good,clay loam,399.8,1.6,drip,well,316.6,narli,cereal,0,22.9,186.0,77.7,22.2,0.0,0.0,0.0,0.0,17.833,0.512,1
1058,6.2,63.5,11.9,136.1,2.44,1.73,poor,silt loam,162.1,3.8,none,well,684.3,vezir,hemp,0,33.1,562.3,55.1,19.8,-1.0,0.0,0.359,0.0,0.0,0.221,0
1059,5.9,52.3,12.0,212.0,4.91,3.3,good,clay loam,277.8,14.0,sprinkler,municipal,816.9,narli,legume,0,33.6,634.9,71.1,21.9,3.0,0.0,0.298,0.0,0.0,0.216,0
1060,7.02,44.5,40.4,180.8,1.49,0.72,moderate,clay loam,170.7,20.8,flood,rain,535.9,other,sunflower,1,18.7,372.9,65.5,21.7,0.5,0.0,0.0,0.0,16.817,0.252,0
1061,5.3,47.8,24.9,142.4,1.38,2.33,good,silt loam,75.7,7.1,sprinkler,municipal,242.5,narli,hemp,0,24.7,238.9,73.0,20.6,-1.0,0.0,0.0,0.0,16.334,0.455,1
1062,6.32,43.2,22.0,130.2,5.94,1.98,good,silt loam,195.7,13.7,sprinkler,municipal,260.5,vezir,fallow,0,21.3,318.1,55.5,17.9,1.0,0.0,0.0,0.0,12.62,0.404,1
1063,6.46,76.5,33.7,125.7,1.62,0.92,excellent,clay loam,92.5,1.6,drip,well,152.9,vezir,other,1,20.3,264.4,49.4,23.5,0.0,0.0,0.0,0.0,14.843,0.643,1
1064,6.61,23.7,21.0,140.4,6.29,1.41,good,sandy loam,149.5,6.3,none,municipal,122.8,other,sunflower,0,18.1,257.0,68.3,12.1,0.5,0.0,0.0,0.0,0.0,0.745,1
1065,7.25,66.1,39.0,166.9,4.29,3.35,good,silty clay loam,76.7,9.3,drip,river,870.4,other,sunflower,0,11.2,246.7,43.4,13.0,0.5,0.0,0.0,0.0,13.689,0.377,1
1066,5.9,45.2,17.3,237.5,6.48,1.83,poor,silt loam,443.1,11.1,none,river,1072.1,narli,fallow,1,16.6,320.0,37.1,20.0,1.0,0.0,0.0,0.0,0.0,0.324,1
1067,6.83,40.2,8.7,161.2,4.39,0.22,poor,sandy loam,274.2,1.3,none,rain,638.6,other,sunflower,0,21.2,366.2,64.9,23.2,0.5,0.0,1.533,0.0,0.0,0.378,1
1068,5.33,66.9,29.4,231.7,4.66,3.11,excellent,clay loam,253.0,5.9,sprinkler,rain,545.8,narli,sunflower,0,29.5,501.6,64.7,10.6,0.5,0.0,0.0,0.0,4.661,0.464,1
1069,5.69,37.5,11.9,102.6,1.04,1.16,poor,silty clay loam,291.5,18.9,sprinkler,rain,706.1,other,cereal,0,31.0,611.4,50.7,20.0,0.0,0.0,0.355,0.0,0.0,0.093,0
1070,7.85,32.4,43.6,103.1,5.22,3.9,poor,sandy loam,550.2,15.0,sprinkler,municipal,856.1,vezir,sunflower,0,12.1,562.2,60.7,23.6,0.5,0.0,0.0,0.0,1.7,0.154,0
1071,7.84,61.0,37.6,91.1,3.79,3.08,excellent,clay loam,564.6,2.7,sprinkler,river,1053.5,narli,legume,1,25.8,311.1,43.0,15.3,3.0,0.0,0.0,0.0,14.321,0.458,1
1072,7.42,24.5,20.3,196.1,2.68,3.91,good,clay loam,579.0,14.0,flood,rain,1007.9,other,cereal,1,26.5,308.5,49.3,11.1,0.0,0.0,0.0,0.0,17.156,0.417,1
1073,5.26,39.8,24.7,172.5,1.1,1.42,poor,loam,340.5,14.4,drip,river,500.1,other,hemp,0,29.1,418.5,79.9,22.1,-1.0,0.0,0.0,0.0,7.345,0.146,0
1074,7.84,32.0,27.3,103.6,2.78,3.9,poor,sandy loam,127.1,4.1,sprinkler,rain,32.3,narli,fallow,0,29.0,610.1,58.4,16.8,1.0,0.0,0.0,0.0,0.0,0.167,0
1075,5.71,45.2,13.3,192.8,1.01,1.74,excellent,sandy loam,389.2,4.5,drip,rain,179.1,vezir,fallow,0,21.9,430.5,67.8,11.4,1.0,0.0,0.0,0.0,8.477,0.656,1
1076,7.01,40.2,19.0,132.3,3.2,2.5,excellent,silt loam,83.3,13.7,none,well,368.7,other,cereal,0,8.6,542.3,47.5,21.2,0.0,0.0,0.0,0.0,0.0,0.338,1
1077,6.01,58.0,12.2,271.5,3.48,0.31,poor,silt loam,344.0,2.6,none,river,645.9,vezir,legume,0,12.7,630.4,81.1,10.9,3.0,0.0,0.242,0.0,0.0,0.244,1
1078,6.02,26.2,37.4,90.9,1.62,2.33,poor,silty clay loam,430.5,10.3,flood,well,172.9,other,cereal,1,34.8,422.6,72.8,21.6,0.0,0.0,0.0,0.0,12.01,0.109,0
1079,7.41,70.3,25.8,134.4,2.4,2.34,good,sandy loam,35.1,4.0,drip,municipal,70.9,narli,cereal,0,14.6,193.4,51.5,17.2,0.0,0.0,0.0,0.0,16.702,0.58,1
1080,5.66,67.5,39.9,159.8,3.71,2.02,excellent,sandy loam,131.5,7.9,none,well,984.7,vezir,legume,1,32.6,499.3,35.2,11.3,3.0,0.0,0.0,0.0,0.0,0.299,1
1081,5.72,40.0,17.6,226.3,3.49,3.35,excellent,clay loam,522.1,9.9,drip,well,438.8,narli,sunflower,1,33.8,571.4,81.6,21.2,0.5,0.0,0.0,0.0,1.317,0.22,0
1082,6.92,45.7,16.7,110.1,1.97,2.36,excellent,clay loam,213.3,16.7,none,municipal,1094.1,vezir,legume,0,16.2,290.5,61.7,10.6,3.0,0.0,0.0,0.0,0.0,0.482,1
1083,7.97,40.2,39.7,245.9,1.89,0.3,good,silty clay loam,436.5,6.9,none,rain,918.5,narli,legume,1,33.7,438.1,54.6,22.3,3.0,0.0,0.0,0.0,0.0,0.244,0
1084,5.45,51.7,24.9,96.6,4.76,0.92,good,silt loam,567.1,15.1,sprinkler,well,677.6,vezir,other,1,31.2,520.8,35.6,16.1,0.0,0.0,0.0,0.0,4.502,0.214,0
1085,5.2,48.8,42.5,232.0,3.62,2.54,excellent,clay loam,536.4,9.9,flood,rain,64.2,other,cereal,0,32.1,353.1,53.8,17.0,0.0,0.0,0.0,0.0,18.19,0.191,0
1086,5.21,66.0,10.0,156.3,2.31,1.49,moderate,silty clay loam,366.3,4.2,drip,rain,602.8,other,cereal,1,12.4,246.3,82.1,13.4,0.0,0.0,1.04,0.0,14.17,0.3,1
1087,6.2,61.0,9.0,246.6,6.21,2.31,good,loam,414.4,0.5,flood,river,226.0,vezir,fallow,0,16.7,220.3,50.3,11.9,1.0,0.0,1.414,0.0,26.229,0.633,1
1088,6.15,76.1,17.4,254.9,4.06,1.22,excellent,silt loam,162.3,3.0,drip,municipal,200.1,vezir,sunflower,0,22.3,153.2,47.4,16.2,0.5,0.0,0.0,0.0,19.852,0.785,1
1089,7.91,42.6,27.6,271.3,3.99,0.21,moderate,sandy loam,152.6,13.2,sprinkler,river,152.1,narli,hemp,1,32.3,460.7,70.9,14.6,-1.0,0.0,0.0,0.0,6.926,0.209,0
1090,6.73,23.6,38.0,184.5,5.27,0.72,excellent,loam,499.3,15.5,flood,river,890.0,other,sunflower,0,12.7,558.7,58.7,19.3,0.5,0.0,0.0,0.0,2.907,0.395,1
1091,6.52,45.6,8.7,77.3,1.23,2.16,good,silt loam,417.2,3.7,drip,river,755.6,other,other,0,8.1,511.6,59.5,14.2,0.0,0.0,1.652,0.0,3.615,0.412,1
1092,5.41,71.2,10.5,251.1,2.48,1.72,excellent,silt loam,397.1,0.9,drip,municipal,204.8,other,other,0,14.8,235.4,37.5,22.1,0.0,0.0,0.954,0.0,14.437,0.495,1
1093,7.42,28.1,29.2,141.9,6.24,0.65,moderate,silty clay loam,145.4,12.0,drip,rain,72.9,narli,sunflower,1,34.4,226.8,41.7,16.8,0.5,0.0,0.0,0.0,14.222,0.189,0
1094,6.86,44.9,11.5,69.7,1.59,1.79,excellent,loam,36.1,3.3,drip,river,69.9,other,cereal,0,27.5,213.2,46.3,12.1,0.0,0.0,0.484,0.0,14.277,0.697,1
1095,6.76,47.9,30.0,82.7,3.95,3.76,good,silt loam,490.1,2.2,sprinkler,rain,109.9,other,cereal,0,32.4,383.3,76.5,16.4,0.0,0.0,0.0,0.0,10.651,0.316,1
1096,5.55,51.5,25.3,112.4,3.27,1.6,good,silty clay loam,66.2,20.4,sprinkler,well,212.0,other,fallow,0,34.1,607.5,71.4,13.3,1.0,0.0,0.0,0.0,0.0,0.144,0
1097,5.57,34.9,31.3,135.4,2.67,3.6,excellent,loam,370.1,19.1,flood,rain,139.1,vezir,other,0,14.0,409.3,68.8,10.6,0.0,0.0,0.0,0.0,15.256,0.348,1
1098,5.81,49.7,8.7,125.3,2.61,2.37,excellent,sandy loam,383.4,16.0,flood,well,669.5,vezir,other,1,14.2,357.6,49.4,12.3,0.0,0.0,1.758,0.0,15.681,0.368,1
1099,7.77,29.4,36.9,110.8,4.27,0.43,good,sandy loam,549.2,15.1,sprinkler,rain,281.1,other,legume,0,13.0,241.1,50.5,10.9,3.0,0.0,0.0,0.0,13.242,0.344,0
1100,5.04,15.7,10.4,118.5,6.05,3.21,moderate,silt loam,374.3,21.7,flood,rain,885.2,narli,cereal,0,25.2,567.0,83.1,19.1,0.0,0.0,1.014,0.0,2.425,0.228,0
1101,5.25,37.9,39.9,64.4,1.93,1.78,moderate,silt loam,289.7,17.3,none,municipal,31.4,other,cereal,1,23.2,437.3,70.2,18.9,0.0,0.0,0.0,0.0,0.0,0.259,0
1102,6.93,34.6,24.7,167.6,5.63,2.85,good,silt loam,402.0,1.6,flood,river,712.6,narli,hemp,0,24.2,512.1,72.5,20.3,-1.0,0.0,0.0,0.0,4.895,0.691,1
1103,7.87,59.5,22.8,64.2,2.76,0.93,moderate,silt loam,121.2,10.6,sprinkler,municipal,513.2,narli,fallow,1,14.0,159.8,59.1,13.9,1.0,0.0,0.0,0.0,20.87,0.328,1
1104,7.96,42.5,11.8,99.3,2.61,1.96,good,sandy loam,387.5,12.1,sprinkler,rain,189.9,narli,cereal,1,16.8,186.3,37.4,13.5,0.0,0.0,0.409,0.0,20.443,0.376,1
1105,6.6,47.4,37.7,270.3,2.47,3.99,poor,silt loam,108.1,19.8,flood,municipal,444.7,narli,legume,0,12.2,556.5,77.8,11.8,3.0,0.0,0.0,0.0,3.3,0.193,0
1106,6.55,53.1,39.2,240.9,5.03,3.56,poor,silt loam,435.0,5.3,flood,municipal,1026.1,narli,fallow,0,20.7,316.6,59.9,20.6,1.0,0.0,0.0,0.0,18.132,0.384,1
1107,6.54,57.2,44.3,150.1,1.1,3.16,poor,clay loam,97.8,18.8,flood,rain,276.4,narli,legume,0,8.0,367.9,38.7,10.6,3.0,0.0,0.0,0.0,14.382,0.125,0
1108,7.43,58.4,23.5,158.0,5.82,1.29,moderate,clay loam,33.9,20.6,drip,well,138.0,narli,sunflower,0,19.3,198.0,37.5,13.0,0.5,0.0,0.0,0.0,16.423,0.263,0
1109,5.84,78.3,22.5,85.2,6.16,2.26,poor,clay loam,580.8,10.7,flood,well,589.6,other,sunflower,0,33.1,172.9,52.5,10.5,0.5,0.0,0.0,0.0,26.111,0.16,0
1110,7.28,39.7,14.5,67.5,3.64,0.71,excellent,loam,498.0,16.1,drip,municipal,503.2,other,cereal,0,17.5,291.4,58.3,13.1,0.0,0.0,0.0,0.0,12.629,0.409,1
1111,7.86,48.8,30.1,198.3,4.13,0.5,good,silt loam,586.6,13.6,sprinkler,rain,518.4,narli,sunflower,1,15.1,167.7,56.7,17.4,0.5,0.0,0.0,0.0,23.209,0.418,1
1112,7.29,73.1,11.1,127.0,3.37,1.47,good,clay loam,140.2,7.0,drip,well,1009.4,other,hemp,1,33.2,158.1,36.6,14.9,-1.0,0.0,0.628,0.0,21.255,0.287,0
1113,6.43,66.6,8.7,104.0,3.08,2.78,excellent,sandy loam,363.3,4.0,none,well,420.9,other,hemp,0,8.3,201.7,48.1,10.8,-1.0,0.0,1.914,0.0,0.0,0.427,1
1114,6.97,79.8,18.9,278.4,3.79,3.0,poor,silty clay loam,360.0,12.3,sprinkler,rain,453.6,vezir,cereal,0,20.9,304.9,39.9,13.0,0.0,0.0,0.0,0.0,15.886,0.298,0
1115,5.09,20.2,16.3,94.6,2.69,3.75,poor,clay loam,421.2,15.8,drip,rain,1090.9,other,other,0,34.7,356.7,54.4,17.2,0.0,0.0,0.0,0.0,11.257,0.067,0
1116,6.13,24.4,13.7,231.2,4.48,0.32,moderate,loam,164.9,3.3,flood,well,422.1,other,hemp,0,30.9,626.7,44.2,11.1,-1.0,0.0,0.0,0.0,0.0,0.41,1
1117,5.5,71.0,40.7,62.6,1.38,1.67,poor,silty clay loam,484.6,18.8,sprinkler,river,546.8,other,sunflower,0,21.1,457.1,64.2,15.3,0.5,0.0,0.0,0.0,7.304,0.184,0
1118,5.97,50.9,38.0,248.7,2.67,0.71,moderate,loam,483.6,6.1,sprinkler,municipal,599.6,vezir,cereal,0,14.6,380.7,58.1,14.2,0.0,0.0,0.0,0.0,8.723,0.515,1
1119,5.46,59.1,31.4,238.7,6.06,3.17,moderate,silty clay loam,257.1,8.7,drip,municipal,510.5,narli,fallow,0,28.1,565.4,75.7,21.3,1.0,0.0,0.0,0.0,1.522,0.355,1
1120,6.97,54.0,40.9,219.8,3.25,2.25,moderate,silt loam,56.8,1.5,flood,well,323.4,narli,legume,0,11.0,578.9,77.7,18.9,3.0,0.0,0.0,0.0,1.49,0.407,1
1121,6.91,43.9,29.7,60.5,2.72,0.25,good,clay loam,20.8,16.5,drip,rain,509.5,vezir,other,0,20.4,256.3,36.1,11.5,0.0,0.0,0.0,0.0,15.285,0.407,1
1122,6.42,76.5,13.6,132.2,6.37,2.44,poor,clay loam,440.9,1.1,sprinkler,rain,306.8,other,other,0,32.9,412.6,35.2,23.2,0.0,0.0,0.0,0.0,10.492,0.197,0
1123,5.56,56.0,43.6,75.6,5.58,0.17,moderate,clay loam,460.3,10.2,sprinkler,well,779.0,other,legume,1,33.0,348.3,39.4,21.7,3.0,0.0,0.0,0.0,10.711,0.178,0
1124,5.89,66.1,14.1,109.7,1.21,3.73,poor,sandy loam,182.9,6.7,none,rain,667.4,other,hemp,0,25.2,558.2,64.5,17.1,-1.0,0.0,0.0,0.0,0.0,0.33,1
1125,5.16,73.0,37.5,60.9,1.39,2.0,moderate,clay loam,201.7,20.0,sprinkler,river,901.1,narli,hemp,0,11.0,592.5,57.1,18.0,-1.0,0.0,0.0,0.0,0.39,0.175,0
1126,5.07,74.9,17.9,124.6,6.2,3.26,good,silty clay loam,265.3,6.5,sprinkler,river,738.8,other,sunflower,0,27.7,642.5,81.3,15.2,0.5,0.0,0.0,0.0,0.0,0.425,1
1127,5.7,30.8,8.0,266.1,1.3,2.51,moderate,clay loam,383.4,21.6,sprinkler,rain,795.0,other,fallow,0,30.4,267.7,84.7,13.0,1.0,0.0,1.764,0.0,12.804,0.216,0
1128,5.82,47.2,34.7,264.4,2.08,3.01,good,silty clay loam,238.1,7.6,sprinkler,river,955.0,other,hemp,0,25.9,280.4,38.9,23.0,-1.0,0.0,0.0,0.0,12.214,0.484,1
1129,6.32,17.2,8.2,140.0,4.53,1.96,moderate,silt loam,288.3,3.2,drip,rain,167.1,narli,hemp,0,23.9,456.2,81.7,15.2,-1.0,0.0,1.792,0.0,6.198,0.631,1
1130,7.08,44.1,11.8,125.1,6.37,2.62,good,clay loam,22.8,19.3,sprinkler,municipal,734.3,vezir,other,0,10.7,420.5,54.8,23.4,0.0,0.0,0.389,0.0,9.686,0.289,0
1131,5.07,75.1,22.4,71.8,1.26,0.41,poor,sandy loam,68.2,7.5,drip,rain,96.0,other,hemp,1,15.0,276.2,73.6,18.7,-1.0,0.0,0.0,0.0,14.325,0.24,0
1132,5.14,63.1,26.9,204.1,2.06,3.43,excellent,silty clay loam,382.2,16.9,none,rain,158.1,other,cereal,1,15.1,281.2,41.2,19.5,0.0,0.0,0.0,0.0,0.0,0.228,0
1133,6.09,35.6,23.5,193.3,1.7,0.38,moderate,loam,32.2,5.1,drip,rain,907.7,narli,hemp,1,25.2,463.7,70.9,21.6,-1.0,0.0,0.0,0.0,5.759,0.446,1
1134,6.31,30.5,26.7,129.7,4.44,2.41,excellent,clay loam,272.0,0.8,sprinkler,river,263.4,other,other,1,23.4,264.1,44.0,14.8,0.0,0.0,0.0,0.0,14.638,0.578,1
1135,5.31,39.7,30.3,161.4,2.43,3.4,good,loam,563.0,7.2,none,municipal,298.8,other,fallow,1,34.0,550.7,72.3,16.0,1.0,0.0,0.0,0.0,0.0,0.204,0
1136,7.65,19.8,37.0,109.0,1.25,1.1,poor,silt loam,345.9,10.8,flood,municipal,778.7,other,other,0,26.7,535.5,80.5,19.8,0.0,1.859,0.0,0.0,4.477,0.256,0
1137,5.29,24.9,34.4,118.6,3.15,1.02,moderate,sandy loam,259.2,19.6,none,rain,802.8,narli,cereal,1,21.7,186.2,74.8,12.5,0.0,0.0,0.0,0.0,0.0,0.207,0
1138,6.41,29.8,24.8,261.7,4.14,2.45,good,clay loam,514.6,7.3,flood,well,629.5,other,cereal,1,20.2,491.1,38.7,16.7,0.0,0.0,0.0,0.0,7.371,0.598,1
1139,7.88,40.5,32.2,249.8,1.57,0.73,good,loam,139.1,1.2,drip,well,410.4,narli,legume,0,21.7,223.1,83.2,18.8,3.0,0.0,0.0,0.0,14.591,0.499,1
1140,7.73,71.2,37.6,68.6,3.59,2.89,moderate,sandy loam,119.6,10.0,none,municipal,843.5,vezir,fallow,1,13.0,386.0,35.3,18.6,1.0,0.0,0.0,0.0,0.0,0.336,1
1141,7.05,25.4,30.7,154.6,5.88,2.55,good,sandy loam,111.1,16.2,flood,municipal,378.6,other,other,1,33.8,592.5,36.6,11.6,0.0,0.0,0.0,0.0,0.51,0.198,0
1142,6.29,26.2,33.5,62.8,3.3,3.98,moderate,loam,159.6,1.3,sprinkler,well,781.8,narli,other,1,11.8,559.6,48.7,23.9,0.0,0.0,0.0,0.0,2.079,0.349,1
1143,6.68,71.2,12.1,151.4,3.18,0.58,excellent,silty clay loam,243.6,12.5,flood,well,288.6,narli,sunflower,1,32.6,182.1,35.9,11.4,0.5,0.0,0.258,0.0,32.827,0.326,1
1144,5.86,66.3,20.3,66.0,2.81,2.66,excellent,clay loam,193.6,13.0,none,river,577.0,other,cereal,1,11.2,153.0,75.9,19.2,0.0,0.0,0.0,0.0,0.0,0.44,1
1145,5.59,36.4,14.0,132.9,1.88,1.05,moderate,loam,403.2,21.6,drip,municipal,563.5,other,cereal,0,25.5,468.0,46.8,22.9,0.0,0.0,0.0,0.0,5.778,0.233,0
1146,7.99,26.3,20.6,251.5,2.09,1.52,poor,sandy loam,87.2,7.6,sprinkler,municipal,364.9,other,hemp,0,20.5,502.1,62.6,12.5,-1.0,0.0,0.0,0.0,4.903,0.26,0
1147,5.76,77.6,37.7,177.4,5.39,0.13,excellent,sandy loam,505.3,9.8,flood,river,212.3,narli,sunflower,0,16.9,496.1,49.8,20.2,0.5,0.0,0.0,0.0,6.506,0.724,1
1148,6.69,43.8,24.5,191.9,6.4,0.44,moderate,clay loam,593.9,17.6,sprinkler,well,785.3,vezir,hemp,0,11.9,587.0,51.3,22.2,-1.0,0.0,0.0,0.0,0.625,0.284,0
1149,6.59,45.2,43.1,235.6,1.6,1.46,moderate,loam,87.4,4.9,none,rain,85.7,other,cereal,1,19.7,524.2,41.5,17.1,0.0,0.0,0.0,0.0,0.0,0.465,1
1150,7.06,74.8,18.4,258.6,5.07,3.02,excellent,silty clay loam,532.6,18.7,sprinkler,rain,133.5,vezir,other,1,9.3,541.6,77.4,13.0,0.0,0.0,0.0,0.0,2.523,0.278,0
1151,6.1,56.8,42.9,249.4,3.82,2.1,poor,silty clay loam,468.3,6.1,sprinkler,rain,447.6,narli,legume,0,32.2,154.3,35.2,13.3,3.0,0.0,0.0,0.0,25.567,0.213,0
1152,7.83,57.5,19.0,120.9,3.54,3.61,good,silt loam,180.7,18.8,drip,rain,455.2,narli,other,0,18.4,535.6,52.2,19.2,0.0,0.0,0.0,0.0,2.959,0.304,1
1153,7.4,31.8,20.6,203.5,3.83,3.69,good,silty clay loam,449.6,10.4,none,municipal,566.8,vezir,hemp,0,14.0,486.0,51.5,19.3,-1.0,0.0,0.0,0.0,0.0,0.493,1
1154,7.47,79.4,33.1,167.5,6.25,0.92,excellent,sandy loam,487.7,18.6,none,rain,121.4,other,other,0,16.5,162.8,66.3,16.9,0.0,0.0,0.0,0.0,0.0,0.324,1
1155,5.85,30.4,15.0,188.0,4.32,0.61,good,sandy loam,442.3,5.3,sprinkler,rain,360.3,narli,hemp,1,26.7,505.5,75.4,14.0,-1.0,0.0,0.0,0.0,4.435,0.6,1
1156,7.91,31.0,25.8,76.5,3.33,2.49,poor,silty clay loam,161.0,8.2,flood,municipal,770.4,narli,cereal,1,19.1,385.1,38.7,15.9,0.0,0.0,0.0,0.0,12.834,0.288,0
1157,5.33,25.4,28.4,114.8,4.64,0.46,moderate,clay loam,412.7,16.8,drip,rain,370.9,vezir,other,0,32.5,234.4,42.5,23.7,0.0,0.0,0.0,0.0,14.256,0.132,0
1158,5.89,42.3,33.7,114.6,1.02,1.1,good,silt loam,490.5,7.8,flood,well,156.2,vezir,cereal,0,19.6,399.9,59.4,17.5,0.0,0.0,0.0,0.0,12.689,0.675,1
1159,7.96,52.5,30.2,117.8,5.53,0.24,moderate,loam,252.2,8.6,sprinkler,rain,981.0,other,legume,1,26.5,224.8,63.2,15.2,3.0,0.0,0.0,0.0,20.504,0.386,1
1160,5.11,56.8,41.9,65.2,4.97,3.83,poor,loam,42.4,5.0,sprinkler,municipal,354.1,narli,hemp,0,20.8,231.8,40.7,12.6,-1.0,0.0,0.0,0.0,14.971,0.276,0
1161,6.91,69.5,35.4,94.7,6.06,3.15,moderate,sandy loam,21.4,7.7,drip,rain,111.8,narli,hemp,1,9.5,429.6,79.2,17.2,-1.0,0.0,0.0,0.0,6.955,0.413,1
1162,5.16,33.6,28.7,168.0,3.98,3.57,moderate,silty clay loam,561.4,1.8,sprinkler,river,191.5,other,fallow,0,28.2,162.9,39.0,24.0,1.0,0.0,0.0,0.0,21.584,0.281,1
1163,6.51,36.1,35.4,119.6,3.25,3.39,excellent,sandy loam,395.1,19.6,flood,rain,188.1,other,sunflower,0,35.0,238.4,58.1,16.3,0.5,0.0,0.0,0.0,19.294,0.141,0
1164,5.78,43.7,38.0,213.8,2.5,1.34,excellent,clay loam,469.8,1.6,none,well,173.7,other,fallow,0,20.3,610.6,62.3,12.2,1.0,0.0,0.0,0.0,0.0,0.642,1
1165,7.16,61.0,36.0,116.6,3.41,0.11,moderate,clay loam,63.2,11.6,none,well,381.5,other,other,1,21.9,547.4,38.7,21.8,0.0,0.0,0.0,0.0,0.0,0.402,1
1166,6.73,38.9,10.4,162.6,3.88,3.6,moderate,silt loam,97.5,15.2,sprinkler,municipal,746.0,vezir,legume,0,29.4,192.4,65.2,23.7,3.0,0.0,0.924,0.0,19.857,0.316,0
1167,5.0,48.4,34.8,148.1,5.8,0.5,moderate,sandy loam,298.1,14.5,drip,rain,913.2,narli,sunflower,1,19.5,424.0,53.6,16.2,0.5,0.0,0.0,0.0,6.968,0.242,0
1168,5.25,18.5,44.1,80.1,6.1,2.33,poor,sandy loam,412.2,1.6,drip,rain,619.7,vezir,legume,0,8.3,174.0,52.4,14.0,3.0,0.0,0.0,0.0,17.206,0.153,0
1169,5.25,79.3,14.4,258.3,3.59,3.63,excellent,silt loam,396.1,15.0,flood,river,957.6,vezir,sunflower,0,28.2,375.7,50.5,21.6,0.5,0.0,0.0,0.0,14.094,0.277,1
1170,7.29,31.8,32.0,72.4,1.46,1.21,good,loam,275.7,1.3,flood,well,992.5,narli,cereal,0,29.1,456.3,46.5,16.2,0.0,0.0,0.0,0.0,8.117,0.492,1
1171,6.6,63.3,41.3,228.8,1.03,2.17,good,clay loam,464.8,17.9,none,municipal,666.6,narli,sunflower,0,24.6,345.5,60.5,13.9,0.5,0.0,0.0,0.0,0.0,0.457,1
1172,7.39,47.7,14.3,221.6,4.71,1.83,good,silt loam,35.5,13.8,none,river,217.3,vezir,cereal,1,34.3,518.3,40.5,22.6,0.0,0.0,0.0,0.0,0.0,0.197,0
1173,7.89,31.3,33.1,257.4,4.35,2.71,good,silty clay loam,149.0,4.1,sprinkler,municipal,912.9,vezir,legume,0,13.7,559.4,57.7,19.7,3.0,0.0,0.0,0.0,1.967,0.434,1
1174,7.28,72.5,13.5,248.9,2.46,1.45,excellent,loam,25.0,18.8,flood,river,908.4,other,hemp,0,22.8,201.0,65.5,23.6,-1.0,0.0,0.0,0.0,27.965,0.315,1
1175,6.34,40.1,18.9,188.5,6.15,3.84,excellent,silty clay loam,552.9,15.2,sprinkler,well,303.2,narli,hemp,1,17.1,173.7,48.6,21.2,-1.0,0.0,0.0,0.0,16.859,0.567,1
1176,7.52,55.3,26.6,202.8,3.5,3.97,excellent,clay loam,211.8,6.5,flood,rain,839.2,narli,cereal,1,11.1,455.2,84.8,20.1,0.0,0.0,0.0,0.0,12.984,0.537,1
1177,7.89,43.3,33.7,133.2,6.45,3.95,moderate,silt loam,238.6,5.9,drip,well,185.4,vezir,fallow,1,16.0,452.0,56.1,21.0,1.0,0.0,0.0,0.0,7.486,0.297,1
1178,6.23,67.2,13.0,89.1,6.07,3.48,poor,clay loam,36.4,9.5,flood,well,955.7,narli,legume,1,11.5,215.3,66.8,14.2,3.0,0.0,0.0,0.0,27.678,0.305,0
1179,7.15,74.0,10.5,151.0,4.57,1.21,excellent,silt loam,262.7,19.0,drip,river,695.6,narli,fallow,0,21.3,573.7,62.9,16.8,1.0,0.0,0.906,0.0,1.061,0.423,1
1180,7.09,34.4,31.0,172.3,3.82,1.57,good,clay loam,209.1,18.4,drip,well,198.5,other,other,0,17.1,188.0,43.6,19.3,0.0,0.0,0.0,0.0,15.264,0.317,1
1181,5.82,53.3,34.4,175.7,2.71,2.19,moderate,silty clay loam,594.3,10.2,drip,municipal,186.4,narli,legume,0,30.7,233.8,65.8,17.8,3.0,0.0,0.0,0.0,14.944,0.25,1
1182,5.63,25.4,8.6,250.8,6.2,2.14,good,loam,476.8,20.5,none,rain,167.1,other,other,0,17.1,385.6,61.5,20.3,0.0,0.0,1.622,0.0,0.0,0.359,1
1183,5.68,32.5,43.9,270.4,1.04,0.81,moderate,loam,174.3,14.1,flood,rain,282.1,vezir,cereal,1,25.6,579.4,77.6,16.3,0.0,0.0,0.0,0.0,1.523,0.362,1
1184,6.02,38.2,29.6,108.0,6.18,3.13,moderate,loam,118.7,7.9,none,well,357.1,narli,sunflower,1,27.6,226.2,52.1,14.1,0.5,0.0,0.0,0.0,0.0,0.63,1
1185,7.68,78.9,32.0,124.5,1.57,1.96,poor,silt loam,477.5,9.6,flood,rain,959.0,vezir,cereal,0,30.7,643.2,52.2,18.5,0.0,0.0,0.0,0.0,0.0,0.183,0
1186,5.79,58.6,26.5,110.2,2.03,0.8,poor,loam,184.4,13.4,flood,rain,1011.5,vezir,legume,1,30.9,595.6,47.0,18.6,3.0,0.0,0.0,0.0,0.268,0.2,0
1187,5.1,41.8,31.5,190.8,2.13,0.43,poor,loam,518.5,5.8,drip,well,280.6,other,hemp,1,28.5,221.9,46.2,15.0,-1.0,0.0,0.0,0.0,17.293,0.185,0
1188,7.99,17.5,32.9,268.3,3.01,0.95,excellent,silt loam,505.9,4.8,none,rain,42.9,other,other,0,12.5,533.5,38.5,14.5,0.0,0.0,0.0,0.0,0.0,0.367,1
1189,7.69,38.0,26.3,185.0,4.36,1.55,good,sandy loam,536.8,7.5,sprinkler,rain,164.7,other,other,1,11.1,407.0,78.8,23.4,0.0,0.0,0.0,0.0,9.416,0.416,1
1190,5.48,35.3,35.3,205.8,3.02,3.26,poor,clay loam,538.6,17.1,sprinkler,well,445.9,vezir,legume,0,24.5,504.9,39.6,21.7,3.0,0.0,0.0,0.0,4.821,0.188,0
1191,7.42,23.8,31.3,228.3,5.85,1.91,poor,silty clay loam,443.8,12.3,flood,well,223.6,other,sunflower,0,14.5,511.7,39.6,12.4,0.5,0.0,0.0,0.0,5.801,0.284,0
1192,5.52,28.0,36.6,111.4,4.54,3.2,poor,silty clay loam,165.3,4.3,drip,well,410.6,other,cereal,1,23.4,441.5,38.1,10.4,0.0,0.0,0.0,0.0,6.456,0.298,0
1193,7.71,36.1,23.0,79.0,5.95,0.44,poor,loam,484.0,16.4,sprinkler,municipal,885.1,other,sunflower,0,13.5,450.4,69.3,16.1,0.5,0.0,0.0,0.0,6.898,0.159,0
1194,6.48,33.9,12.8,229.0,1.83,3.12,poor,loam,311.5,21.9,drip,well,333.2,vezir,fallow,1,24.7,625.4,37.5,17.6,1.0,0.0,0.008,0.0,0.0,0.22,0
1195,5.35,52.2,33.0,251.1,1.2,0.7,moderate,loam,206.1,21.2,sprinkler,well,497.7,narli,cereal,0,31.8,463.0,59.5,23.9,0.0,0.0,0.0,0.0,6.503,0.149,0
1196,6.45,15.7,32.2,212.0,5.96,0.46,poor,silty clay loam,480.0,10.8,drip,municipal,898.2,narli,legume,1,13.6,229.4,73.2,23.8,3.0,0.0,0.0,0.0,14.544,0.319,1
1197,7.68,45.9,22.5,72.8,4.94,1.87,moderate,silt loam,430.3,14.5,sprinkler,river,101.3,vezir,other,1,18.6,567.6,68.1,23.4,0.0,0.0,0.0,0.0,1.382,0.247,1
1198,7.23,65.0,19.7,255.5,5.15,3.91,poor,loam,460.6,12.8,none,river,85.3,vezir,hemp,1,17.3,453.8,55.1,18.4,-1.0,0.0,0.0,0.0,0.0,0.249,0
1199,5.74,59.9,10.2,168.5,5.08,1.34,poor,sandy loam,356.4,19.1,drip,municipal,728.4,other,hemp,1,12.9,299.1,77.2,21.2,-1.0,0.0,0.879,0.0,12.722,0.146,0
1200,7.65,50.2,27.5,102.4,5.81,0.77,excellent,silt loam,367.9,0.6,none,river,173.5,vezir,fallow,0,11.8,336.9,82.3,20.4,1.0,0.0,0.0,0.0,0.0,0.496,1
1201,6.26,16.6,15.9,128.4,5.74,3.14,moderate,clay loam,307.5,12.6,sprinkler,rain,231.1,other,other,1,33.7,415.9,36.6,19.7,0.0,0.0,0.0,0.0,7.943,0.184,0
1202,7.7,32.8,23.9,165.5,4.91,0.48,moderate,clay loam,464.7,3.3,none,river,134.1,vezir,sunflower,0,23.5,390.4,36.9,13.6,0.5,0.0,0.0,0.0,0.0,0.4,1
1203,6.11,26.6,12.2,128.6,2.18,1.58,poor,sandy loam,260.2,8.7,drip,municipal,437.6,narli,cereal,0,10.1,408.2,43.3,20.5,0.0,0.0,0.259,0.0,7.389,0.294,0
1204,6.14,37.8,17.6,223.1,3.75,1.06,good,loam,309.9,2.4,flood,well,234.3,other,sunflower,0,16.5,645.9,77.4,15.0,0.5,0.0,0.0,0.0,0.0,0.637,1
1205,7.87,56.8,13.1,169.2,1.82,0.96,excellent,silty clay loam,293.5,6.2,sprinkler,well,723.8,other,hemp,0,29.7,345.3,61.5,17.5,-1.0,0.0,0.0,0.0,13.26,0.361,1
1206,7.04,44.3,44.3,188.8,2.42,3.15,poor,clay loam,416.1,20.0,drip,well,95.2,vezir,other,0,31.1,526.8,82.4,13.4,0.0,0.0,0.0,0.0,2.975,0.142,0
1207,6.39,16.0,23.5,238.3,6.1,1.39,good,sandy loam,196.8,4.4,flood,municipal,327.9,other,hemp,0,16.9,219.1,39.2,20.4,-1.0,0.0,0.0,0.0,25.194,0.552,1
1208,6.31,45.9,14.2,61.7,1.07,1.72,poor,clay loam,138.7,7.1,flood,municipal,651.9,narli,sunflower,0,30.0,505.8,62.5,21.5,0.5,0.0,0.0,0.0,6.356,0.357,0
1209,7.56,18.4,24.5,162.3,6.31,0.5,good,silt loam,280.1,21.0,sprinkler,well,944.9,other,sunflower,0,10.4,610.5,49.4,18.8,0.5,0.0,0.0,0.0,0.0,0.201,0
1210,6.05,24.7,44.9,239.0,3.98,2.6,excellent,loam,411.2,17.9,flood,rain,731.1,other,fallow,1,13.6,609.2,55.7,14.6,1.0,0.0,0.0,0.0,0.0,0.404,1
1211,5.39,62.4,44.4,243.9,5.76,3.84,poor,silty clay loam,478.4,6.5,drip,rain,805.9,narli,legume,0,11.2,300.3,55.1,13.6,3.0,0.0,0.0,0.0,13.804,0.25,0
1212,6.51,18.9,29.3,139.9,2.67,2.95,good,clay loam,143.5,16.2,flood,river,280.5,other,other,0,15.9,487.3,83.6,16.9,0.0,0.0,0.0,0.0,7.539,0.437,1
1213,6.0,21.2,11.2,203.0,5.24,3.33,moderate,loam,255.6,12.8,drip,rain,739.1,vezir,other,1,22.6,330.3,70.9,12.8,0.0,0.0,0.727,0.0,10.594,0.382,1
1214,5.19,35.0,36.0,207.1,1.73,0.52,poor,sandy loam,129.6,21.9,none,well,918.5,other,fallow,0,8.6,173.3,47.3,17.3,1.0,0.0,0.0,0.0,0.0,0.086,0
1215,7.25,76.0,16.3,68.0,5.4,3.2,poor,silty clay loam,579.1,19.6,sprinkler,municipal,565.0,other,cereal,0,26.7,395.9,50.2,16.2,0.0,0.0,0.0,0.0,9.135,0.175,0
1216,7.56,66.9,32.9,119.2,2.87,1.33,moderate,clay loam,293.1,8.2,flood,well,855.3,other,cereal,0,20.1,443.0,59.9,18.1,0.0,0.0,0.0,0.0,10.935,0.415,1
1217,5.18,43.4,14.6,194.5,6.37,0.33,moderate,clay loam,404.7,19.9,flood,river,1049.3,vezir,hemp,1,8.3,605.3,72.9,24.0,-1.0,0.0,0.0,0.0,0.0,0.16,0
1218,7.2,29.8,11.2,173.3,1.81,0.68,excellent,clay loam,451.9,8.4,sprinkler,municipal,784.7,narli,hemp,0,23.5,641.7,38.1,21.2,-1.0,0.0,0.544,0.0,0.0,0.509,1
1219,5.58,47.0,16.5,278.4,1.71,2.18,good,clay loam,112.4,20.8,sprinkler,rain,171.0,narli,hemp,0,13.0,525.5,45.4,10.5,-1.0,0.0,0.0,0.0,3.845,0.254,1
1220,7.14,18.5,28.1,188.5,1.78,0.91,poor,loam,451.0,0.7,sprinkler,river,271.9,narli,other,1,24.9,593.6,60.7,17.5,0.0,1.132,0.0,0.0,0.305,0.304,1
1221,6.88,15.8,25.2,156.8,4.26,3.22,good,sandy loam,297.0,9.6,none,well,985.1,other,other,1,18.0,503.0,50.4,20.2,0.0,0.0,0.0,0.0,0.0,0.585,1
1222,7.37,45.1,32.7,155.7,1.17,0.9,moderate,clay loam,135.0,21.3,none,municipal,686.1,vezir,other,0,22.2,428.0,66.8,18.0,0.0,0.0,0.0,0.0,0.0,0.32,0
1223,7.59,59.1,11.0,141.9,2.31,0.47,good,silty clay loam,498.1,9.5,flood,municipal,861.7,other,other,0,11.4,155.8,56.8,22.3,0.0,0.0,0.704,0.0,26.937,0.316,1
1224,6.21,44.8,44.6,168.7,3.59,3.5,excellent,loam,102.5,13.0,drip,well,269.6,vezir,cereal,1,31.1,340.6,42.6,14.6,0.0,0.0,0.0,0.0,10.168,0.385,1
1225,6.24,53.8,17.5,134.1,4.28,0.13,good,silt loam,477.0,6.6,flood,rain,861.0,other,sunflower,1,20.7,406.8,45.9,10.8,0.5,0.0,0.0,0.0,12.045,0.514,1
1226,7.83,76.1,22.1,142.7,4.76,3.89,good,clay loam,401.0,10.4,sprinkler,river,1042.8,narli,sunflower,0,20.2,432.1,64.9,10.9,0.5,0.0,0.0,0.0,8.308,0.426,1
1227,6.56,40.8,43.9,65.0,3.43,3.91,moderate,clay loam,199.5,20.4,none,river,737.6,other,sunflower,0,25.0,289.7,59.2,16.0,0.5,0.0,0.0,0.0,0.0,0.254,0
1228,6.49,74.7,18.8,266.3,4.89,2.68,poor,sandy loam,185.6,16.7,sprinkler,municipal,471.9,other,sunflower,1,21.3,256.7,83.0,13.3,0.5,0.0,0.0,0.0,17.497,0.254,0
1229,5.39,76.3,9.1,133.0,3.4,3.68,poor,silty clay loam,131.0,12.2,flood,rain,497.9,other,fallow,0,22.6,268.2,57.3,13.4,1.0,0.0,1.448,0.0,23.761,0.193,0
1230,6.86,47.7,22.6,224.3,1.32,1.04,excellent,silt loam,248.1,13.6,sprinkler,municipal,1024.8,vezir,cereal,1,22.3,447.4,43.8,11.6,0.0,0.0,0.0,0.0,8.214,0.507,1
1231,6.56,17.9,20.2,128.3,4.42,1.59,poor,silt loam,360.7,1.8,none,rain,300.3,vezir,hemp,0,32.7,211.3,72.1,11.1,-1.0,0.0,0.0,0.0,0.0,0.188,0
1232,7.26,62.3,38.2,149.1,2.72,1.47,excellent,silty clay loam,432.4,15.6,drip,well,870.9,vezir,legume,1,24.3,257.4,53.6,21.8,3.0,0.0,0.0,0.0,14.657,0.446,1
1233,7.25,64.8,9.0,188.9,5.32,1.98,poor,sandy loam,595.1,19.5,drip,river,944.0,vezir,hemp,1,22.6,605.6,62.9,15.4,-1.0,0.0,1.676,0.0,0.0,0.18,0
1234,7.31,22.5,41.8,197.6,4.98,0.24,good,silt loam,90.1,2.5,sprinkler,rain,594.8,narli,fallow,0,25.8,188.4,35.4,10.2,1.0,0.0,0.0,0.0,19.02,0.692,1
1235,7.87,51.3,34.5,231.9,6.15,1.53,excellent,sandy loam,368.1,2.3,sprinkler,river,897.8,narli,cereal,1,17.5,630.9,37.1,22.2,0.0,0.0,0.0,0.0,0.0,0.535,1
1236,7.98,28.9,40.3,76.1,6.11,2.03,good,clay loam,109.6,10.2,drip,rain,451.4,narli,other,0,33.6,240.7,55.7,23.7,0.0,0.0,0.0,0.0,15.491,0.143,0
1237,6.11,19.8,19.8,208.2,1.92,0.56,excellent,sandy loam,502.2,1.9,drip,well,740.6,narli,other,0,29.1,587.4,65.7,18.5,0.0,0.514,0.0,0.0,0.494,0.681,1
1238,7.24,65.0,29.5,261.4,1.33,3.17,moderate,sandy loam,478.6,18.0,flood,rain,619.4,other,fallow,0,34.9,557.7,77.3,22.3,1.0,0.0,0.0,0.0,2.758,0.071,0
1239,6.08,37.3,11.3,91.0,1.27,0.95,excellent,sandy loam,320.9,9.2,flood,well,1036.7,other,legume,1,28.2,553.6,77.0,22.3,3.0,0.0,0.571,0.0,3.017,0.558,1
1240,5.11,65.3,39.1,120.1,4.1,1.13,good,sandy loam,495.7,0.7,flood,well,467.1,narli,other,0,15.1,349.2,64.7,13.1,0.0,0.0,0.0,0.0,15.17,0.512,1
1241,6.83,32.8,19.3,206.3,4.62,1.23,good,clay loam,559.3,21.9,none,rain,213.5,narli,other,0,22.4,377.1,72.6,18.5,0.0,0.0,0.0,0.0,0.0,0.43,1
1242,7.81,77.9,26.3,175.4,4.47,0.58,good,clay loam,536.3,7.4,drip,river,1063.4,other,hemp,1,29.8,628.7,39.2,20.6,-1.0,0.0,0.0,0.0,0.0,0.367,1
1243,6.57,32.6,42.8,252.7,4.27,2.56,excellent,clay loam,397.3,3.2,flood,rain,190.0,vezir,other,0,26.5,172.4,38.1,15.1,0.0,0.0,0.0,0.0,30.411,0.808,1
1244,5.44,24.6,14.6,104.7,1.83,3.33,excellent,sandy loam,20.4,7.4,flood,rain,968.9,vezir,cereal,1,33.8,178.3,73.6,10.1,0.0,0.0,0.0,0.0,30.65,0.291,0
1245,6.55,39.1,23.3,132.5,6.28,2.53,good,loam,160.5,3.2,drip,well,672.9,narli,fallow,1,15.0,522.1,71.3,21.1,1.0,0.0,0.0,0.0,3.325,0.619,1
1246,5.09,73.7,42.3,166.8,2.22,2.81,moderate,clay loam,528.1,10.9,sprinkler,municipal,68.7,narli,legume,0,19.5,415.5,46.4,13.0,3.0,0.0,0.0,0.0,7.536,0.346,1
1247,5.05,17.8,33.2,144.2,5.74,0.73,excellent,silt loam,596.2,11.7,none,river,753.6,vezir,fallow,0,34.3,538.2,78.5,22.1,1.0,0.0,0.0,0.0,0.0,0.184,0
1248,6.6,27.7,36.0,168.7,4.45,1.33,good,loam,94.4,7.4,flood,well,93.0,vezir,fallow,0,28.4,426.8,51.6,23.8,1.0,0.0,0.0,0.0,11.328,0.499,1
1249,5.02,32.0,22.7,155.7,6.03,2.86,moderate,silty clay loam,336.7,11.1,flood,rain,105.4,other,cereal,1,20.8,253.8,69.2,21.5,0.0,0.0,0.0,0.0,22.63,0.301,0
1250,6.11,63.8,13.0,88.2,4.61,0.23,good,sandy loam,169.0,21.0,sprinkler,well,706.4,narli,legume,0,10.2,611.0,52.8,18.3,3.0,0.0,0.0,0.0,0.0,0.261,0
1251,5.64,53.7,30.7,165.3,5.46,2.77,good,loam,151.7,5.7,flood,rain,197.8,vezir,fallow,0,10.5,525.0,72.3,21.1,1.0,0.0,0.0,0.0,4.629,0.381,1
1252,7.22,50.3,21.2,181.3,3.27,0.37,poor,clay loam,316.8,1.7,sprinkler,well,415.7,other,cereal,0,14.9,378.2,83.9,13.1,0.0,0.0,0.0,0.0,10.502,0.338,1
1253,5.48,27.1,40.2,130.7,4.06,3.72,excellent,sandy loam,188.1,4.9,drip,municipal,810.4,other,fallow,1,18.7,381.7,58.0,20.1,1.0,0.0,0.0,0.0,10.013,0.538,1
1254,6.23,79.9,36.2,148.5,1.02,3.87,excellent,loam,114.0,21.8,sprinkler,well,954.7,narli,other,0,11.4,440.5,81.4,22.0,0.0,0.0,0.0,0.0,7.465,0.354,1
1255,5.4,32.0,37.2,191.7,2.09,0.14,good,silt loam,393.4,22.0,none,river,735.2,narli,hemp,0,34.1,166.2,48.7,14.9,-1.0,0.0,0.0,0.0,0.0,0.177,0
1256,5.62,37.1,38.0,121.0,5.83,2.29,poor,silty clay loam,401.5,21.6,none,municipal,125.9,vezir,cereal,1,31.6,524.7,58.4,19.6,0.0,0.0,0.0,0.0,0.0,0.141,0
1257,5.76,76.7,11.5,211.6,5.0,2.36,good,silty clay loam,487.8,15.8,flood,river,99.1,narli,hemp,0,13.3,202.2,73.2,15.7,-1.0,0.0,0.55,0.0,25.619,0.373,1
1258,6.2,42.8,26.2,167.4,4.12,1.51,excellent,sandy loam,141.0,17.2,drip,rain,297.4,other,legume,0,13.9,557.0,62.8,23.4,3.0,0.0,0.0,0.0,2.076,0.401,1
1259,6.82,15.8,38.0,246.9,1.63,3.48,poor,sandy loam,63.5,5.3,drip,municipal,352.6,narli,sunflower,1,28.2,356.3,47.6,18.7,0.5,1.992,0.0,0.0,10.014,0.336,1
1260,5.01,62.2,43.2,81.4,6.14,3.13,good,clay loam,428.3,0.9,drip,municipal,1079.7,vezir,cereal,0,32.9,340.7,65.7,18.0,0.0,0.0,0.0,0.0,11.688,0.201,0
1261,5.14,26.8,15.2,99.9,2.68,2.73,poor,silt loam,315.2,8.8,none,river,987.5,vezir,fallow,0,10.8,572.1,67.3,15.1,1.0,0.0,0.0,0.0,0.0,0.218,0
1262,6.4,22.7,33.2,127.8,4.4,3.35,excellent,clay loam,139.2,17.9,none,well,902.5,other,hemp,0,19.0,425.9,61.8,19.0,-1.0,0.0,0.0,0.0,0.0,0.356,1
1263,5.6,37.5,22.0,273.0,5.74,3.29,good,loam,570.4,20.2,none,municipal,313.3,vezir,legume,1,13.4,395.0,77.0,19.2,3.0,0.0,0.0,0.0,0.0,0.333,1
1264,7.62,32.1,20.4,157.8,5.08,1.6,good,silty clay loam,387.1,21.4,drip,municipal,401.9,other,other,1,31.0,603.6,78.2,19.1,0.0,0.0,0.0,0.0,0.0,0.191,0
1265,6.94,51.3,18.1,243.0,3.88,1.65,moderate,silty clay loam,170.0,19.4,sprinkler,rain,889.1,vezir,sunflower,0,33.4,536.4,59.1,10.1,0.5,0.0,0.0,0.0,3.02,0.135,0
1266,6.21,27.3,34.7,86.6,3.24,1.58,poor,silt loam,490.6,1.1,sprinkler,rain,245.8,vezir,legume,1,27.5,343.2,43.8,23.9,3.0,0.0,0.0,0.0,13.69,0.374,1
1267,6.55,71.5,24.7,187.9,2.13,3.57,excellent,clay loam,183.1,9.7,none,rain,825.2,narli,cereal,0,33.7,601.7,44.8,21.0,0.0,0.0,0.0,0.0,0.0,0.328,1
1268,5.16,77.1,29.3,240.0,1.38,3.52,poor,loam,384.4,9.9,none,well,756.6,other,sunflower,1,16.1,408.9,64.6,16.5,0.5,0.0,0.0,0.0,0.0,0.225,0
1269,5.26,31.4,40.9,158.4,4.6,1.15,excellent,silty clay loam,362.2,18.9,drip,municipal,742.2,other,other,1,8.9,530.3,36.4,15.6,0.0,0.0,0.0,0.0,2.908,0.175,0
1270,5.26,70.0,33.9,209.6,1.66,0.72,moderate,loam,532.2,9.1,drip,river,635.6,narli,cereal,0,14.8,449.1,64.4,23.5,0.0,0.0,0.0,0.0,5.861,0.428,1
1271,7.81,44.0,20.4,212.6,5.28,0.15,poor,sandy loam,384.2,16.7,flood,well,977.4,vezir,sunflower,1,9.0,377.5,45.2,17.5,0.5,0.0,0.0,0.0,14.951,0.097,0
1272,5.59,15.7,17.4,245.1,2.93,0.93,good,silt loam,420.3,0.7,flood,municipal,689.8,vezir,cereal,0,24.6,244.6,78.3,17.8,0.0,0.017,0.0,0.0,22.172,0.607,1
1273,7.84,42.8,35.5,131.6,4.43,3.33,good,silt loam,535.5,12.3,flood,river,45.9,narli,other,1,24.9,335.9,35.3,20.0,0.0,0.0,0.0,0.0,17.582,0.411,1
1274,7.23,25.3,38.8,202.8,5.94,2.47,excellent,clay loam,133.6,1.0,sprinkler,river,406.9,vezir,sunflower,1,8.1,272.4,57.0,19.0,0.5,0.0,0.0,0.0,12.906,0.395,1
1275,5.63,25.6,12.3,250.6,4.45,1.49,poor,silty clay loam,586.3,7.5,drip,municipal,158.3,narli,other,0,11.8,169.5,84.8,22.0,0.0,0.0,0.211,0.0,19.212,0.249,0
1276,7.62,65.8,9.2,112.3,6.32,3.65,good,silt loam,327.8,15.7,sprinkler,municipal,498.9,vezir,fallow,0,13.5,555.7,82.1,12.1,1.0,0.0,1.324,0.0,1.988,0.352,1
1277,5.25,25.2,13.4,209.3,5.21,3.49,excellent,silt loam,514.1,13.1,drip,municipal,219.4,vezir,sunflower,0,26.5,537.0,74.2,19.3,0.5,0.0,0.0,0.0,2.461,0.381,1
1278,7.81,23.1,23.7,219.9,5.57,1.38,good,silt loam,450.2,10.2,drip,municipal,36.1,other,sunflower,0,15.6,519.7,79.2,21.8,0.5,0.0,0.0,0.0,3.54,0.391,1
1279,5.71,36.6,24.4,247.1,4.28,1.51,good,silty clay loam,424.7,17.1,sprinkler,municipal,949.8,other,fallow,1,9.7,528.3,41.7,12.1,1.0,0.0,0.0,0.0,2.827,0.259,0
1280,6.88,75.7,18.0,186.4,1.99,1.21,poor,loam,145.8,10.1,flood,river,541.1,vezir,fallow,1,21.3,505.3,78.7,22.5,1.0,0.0,0.0,0.0,5.728,0.324,1
1281,5.8,61.8,41.0,156.0,1.73,2.74,good,clay loam,402.2,11.0,sprinkler,municipal,413.1,narli,sunflower,0,33.1,538.3,56.5,13.7,0.5,0.0,0.0,0.0,2.803,0.343,0
1282,7.73,79.1,26.2,209.5,3.19,0.87,poor,silt loam,493.9,20.9,sprinkler,municipal,131.5,other,legume,1,15.6,332.3,62.8,21.1,3.0,0.0,0.0,0.0,14.949,0.19,0
1283,7.87,42.6,28.7,273.4,2.18,1.55,excellent,clay loam,260.6,1.7,flood,well,345.6,other,fallow,1,21.6,529.6,37.5,12.8,1.0,0.0,0.0,0.0,4.54,0.536,1
1284,5.96,25.3,31.2,187.4,4.21,0.97,excellent,sandy loam,471.5,13.7,sprinkler,well,741.7,vezir,legume,0,33.8,591.7,84.2,17.6,3.0,0.0,0.0,0.0,0.419,0.246,0
1285,6.79,21.0,21.7,105.0,1.24,1.68,poor,sandy loam,374.4,4.6,sprinkler,river,1035.7,vezir,cereal,0,9.1,604.8,68.3,22.5,0.0,1.199,0.0,0.0,0.0,0.223,0
1286,7.98,19.1,27.7,106.5,2.63,3.82,excellent,silty clay loam,77.6,16.8,none,rain,456.5,other,sunflower,0,29.7,519.6,62.2,14.2,0.5,0.0,0.0,0.0,0.0,0.203,0
1287,5.45,68.1,19.4,246.6,2.42,2.63,moderate,loam,461.7,13.4,none,rain,278.8,other,other,1,10.5,496.5,58.7,21.5,0.0,0.0,0.0,0.0,0.0,0.252,0
1288,6.34,20.7,42.5,116.6,5.48,0.95,good,loam,73.3,7.5,none,rain,355.8,narli,cereal,0,8.3,226.3,53.9,21.1,0.0,0.0,0.0,0.0,0.0,0.394,1
1289,6.17,42.2,44.9,174.3,6.27,0.57,moderate,loam,354.4,17.5,sprinkler,river,307.6,other,hemp,1,32.4,263.3,45.4,16.8,-1.0,0.0,0.0,0.0,18.599,0.17,0
1290,5.19,48.5,26.2,126.2,5.86,2.13,good,clay loam,310.8,1.6,flood,municipal,374.1,vezir,other,0,32.0,487.9,57.5,15.6,0.0,0.0,0.0,0.0,7.472,0.247,0
1291,7.03,18.5,21.0,74.8,5.04,3.67,excellent,clay loam,171.5,6.0,flood,river,1065.6,narli,cereal,0,17.9,203.7,83.1,15.0,0.0,0.0,0.0,0.0,27.443,0.737,1
1292,5.45,78.7,26.9,157.5,3.51,0.49,good,loam,49.4,7.5,drip,municipal,744.3,other,legume,0,19.0,463.7,46.8,14.4,3.0,0.0,0.0,0.0,5.465,0.63,1
1293,7.5,61.1,26.5,264.4,5.94,1.7,moderate,loam,515.4,14.9,drip,municipal,159.2,narli,fallow,1,18.9,610.0,72.2,17.1,1.0,0.0,0.0,0.0,0.0,0.337,1
1294,5.45,54.2,27.6,136.9,5.95,2.65,good,silty clay loam,502.5,9.2,drip,municipal,935.0,vezir,legume,0,17.5,460.2,39.8,11.6,3.0,0.0,0.0,0.0,5.69,0.637,1
1295,5.02,46.5,35.1,223.2,3.01,0.96,excellent,sandy loam,26.3,16.7,sprinkler,well,453.6,other,hemp,1,29.7,250.6,58.0,14.0,-1.0,0.0,0.0,0.0,17.569,0.235,0
1296,5.25,23.2,18.4,236.0,1.99,1.76,good,clay loam,516.4,4.3,sprinkler,rain,113.4,vezir,sunflower,1,8.6,531.4,47.5,14.6,0.5,0.0,0.0,0.0,3.041,0.279,0
1297,7.67,63.6,13.3,219.3,1.62,0.13,good,clay loam,338.9,1.4,drip,municipal,519.3,narli,legume,0,10.2,411.3,77.5,16.4,3.0,0.0,0.0,0.0,8.11,0.42,1
1298,7.4,27.2,37.7,227.3,6.05,0.17,good,silt loam,327.2,16.3,flood,well,960.5,vezir,sunflower,0,9.5,371.2,49.8,12.0,0.5,0.0,0.0,0.0,15.848,0.237,0
1299,7.25,66.0,31.2,210.5,5.07,2.34,moderate,sandy loam,196.7,18.9,drip,municipal,786.9,other,fallow,1,16.5,175.0,46.1,14.0,1.0,0.0,0.0,0.0,18.004,0.308,0
1300,7.29,15.4,25.8,229.9,4.85,0.85,poor,sandy loam,355.0,12.1,flood,well,458.1,vezir,cereal,0,20.1,469.9,42.3,21.0,0.0,0.0,0.0,0.0,9.184,0.285,0
1301,7.1,55.5,28.4,209.6,5.43,3.46,excellent,sandy loam,280.5,18.6,flood,rain,591.5,vezir,hemp,0,18.1,327.3,39.7,23.3,-1.0,0.0,0.0,0.0,18.166,0.393,1
1302,7.1,78.8,33.4,218.6,5.91,2.4,excellent,silty clay loam,466.1,4.6,drip,rain,656.0,vezir,sunflower,0,8.8,451.1,75.8,20.1,0.5,0.0,0.0,0.0,5.348,0.506,1
1303,7.48,78.6,20.4,104.6,5.63,1.92,excellent,clay loam,521.7,0.6,flood,rain,214.3,narli,hemp,0,25.5,362.7,67.6,20.1,-1.0,0.0,0.0,0.0,16.876,0.545,1
1304,7.28,78.6,38.7,204.7,5.33,3.29,poor,sandy loam,345.4,11.5,drip,well,48.5,other,cereal,0,8.1,474.7,64.5,21.8,0.0,0.0,0.0,0.0,5.085,0.199,0
1305,6.5,41.4,14.2,65.3,6.11,3.23,excellent,clay loam,497.5,18.8,drip,well,319.7,other,hemp,1,18.4,214.7,82.9,11.5,-1.0,0.0,0.0,0.0,16.366,0.326,1
1306,6.2,43.2,43.7,158.9,4.5,3.85,good,clay loam,423.3,12.6,drip,river,181.2,vezir,legume,0,17.9,270.1,81.4,21.7,3.0,0.0,0.0,0.0,11.616,0.548,1
1307,6.06,18.2,21.2,153.4,5.11,3.53,excellent,clay loam,129.7,12.1,sprinkler,well,549.3,vezir,sunflower,0,33.5,291.1,57.6,13.3,0.5,0.0,0.0,0.0,13.25,0.239,0
1308,6.0,50.8,16.0,111.7,3.13,2.36,excellent,sandy loam,122.9,3.6,drip,well,680.6,narli,other,1,14.9,470.2,41.2,15.3,0.0,0.0,0.0,0.0,4.83,0.66,1
1309,5.72,17.4,31.2,114.0,4.05,2.27,poor,silt loam,392.0,11.9,none,municipal,270.7,vezir,sunflower,1,26.6,176.6,64.9,13.9,0.5,0.0,0.0,0.0,0.0,0.274,0
1310,5.56,25.2,29.9,206.2,2.08,3.01,poor,clay loam,153.8,21.4,sprinkler,river,645.3,narli,hemp,0,21.8,317.8,81.6,21.1,-1.0,0.0,0.0,0.0,10.995,0.164,0
1311,6.95,35.6,43.7,212.4,3.72,1.98,poor,clay loam,194.4,2.1,sprinkler,municipal,248.6,other,sunflower,1,14.7,612.5,38.8,19.7,0.5,0.0,0.0,0.0,0.0,0.289,1
1312,6.38,18.3,18.1,67.6,5.33,1.58,good,clay loam,393.3,21.8,sprinkler,municipal,232.8,other,legume,0,18.2,563.4,58.0,10.1,3.0,0.0,0.0,0.0,1.783,0.36,1
1313,6.74,74.5,17.8,83.4,5.32,0.36,good,loam,517.7,17.3,none,municipal,692.0,vezir,sunflower,0,12.1,610.4,35.1,21.9,0.5,0.0,0.0,0.0,0.0,0.298,1
1314,6.83,76.0,31.7,107.1,1.86,3.41,moderate,silt loam,280.0,21.0,sprinkler,municipal,880.3,other,legume,1,16.8,399.7,77.8,14.2,3.0,0.0,0.0,0.0,11.088,0.238,0
1315,7.64,25.5,14.9,243.1,2.84,1.36,excellent,loam,21.9,4.3,drip,river,389.0,vezir,hemp,0,26.8,222.0,47.5,14.0,-1.0,0.0,0.0,0.0,15.756,0.502,1
1316,5.89,33.0,22.2,73.7,6.23,2.53,good,silt loam,293.9,1.6,drip,rain,74.8,narli,fallow,0,34.6,175.7,63.9,20.8,1.0,0.0,0.0,0.0,18.699,0.258,0
1317,5.53,74.3,14.1,199.3,3.68,1.66,excellent,silty clay loam,44.1,13.6,none,municipal,737.6,narli,fallow,0,32.5,284.9,44.6,19.4,1.0,0.0,0.0,0.0,0.0,0.244,0
1318,6.02,76.1,37.6,74.8,5.98,2.82,good,silty clay loam,87.6,14.4,drip,municipal,805.2,other,cereal,0,27.0,238.8,75.1,18.3,0.0,0.0,0.0,0.0,13.41,0.495,1
1319,6.71,74.2,18.0,84.8,1.61,0.13,poor,loam,493.0,21.2,none,river,646.9,vezir,cereal,0,12.2,602.9,76.4,21.5,0.0,0.0,0.0,0.0,0.0,0.171,0
1320,6.86,47.9,19.2,127.6,4.4,2.06,excellent,clay loam,231.1,6.9,drip,river,520.4,other,legume,1,18.4,593.5,51.3,18.5,3.0,0.0,0.0,0.0,0.26,0.419,1
1321,7.9,27.4,13.5,85.0,4.6,3.58,poor,loam,55.7,7.3,sprinkler,river,130.5,vezir,fallow,0,32.0,267.9,44.2,13.5,1.0,0.0,0.0,0.0,18.292,0.184,0
1322,7.63,74.9,22.6,267.4,3.62,0.42,moderate,loam,25.8,3.5,sprinkler,municipal,191.6,other,hemp,0,9.1,374.1,54.2,14.4,-1.0,0.0,0.0,0.0,14.094,0.301,0
1323,7.25,47.1,34.1,257.9,4.9,3.65,good,sandy loam,583.4,15.6,none,rain,952.3,narli,legume,0,17.1,546.7,77.1,10.7,3.0,0.0,0.0,0.0,0.0,0.46,1
1324,7.56,16.2,32.9,236.9,4.29,3.47,moderate,silt loam,483.0,17.8,sprinkler,municipal,318.6,vezir,sunflower,1,9.7,522.5,68.3,17.4,0.5,0.0,0.0,0.0,3.792,0.18,0
1325,7.13,30.2,28.4,213.8,2.21,2.66,moderate,silty clay loam,354.4,20.0,sprinkler,river,859.2,vezir,fallow,0,21.9,389.1,84.2,22.9,1.0,0.0,0.0,0.0,10.384,0.377,0
1326,6.37,57.3,10.9,195.1,3.02,1.02,poor,clay loam,415.4,13.3,drip,river,364.2,vezir,other,0,9.5,153.4,58.5,22.0,0.0,0.0,0.691,0.0,20.718,0.152,0
1327,5.89,33.4,29.4,194.6,6.02,0.87,good,clay loam,239.2,9.4,none,river,850.2,narli,fallow,0,29.9,606.0,52.9,18.6,1.0,0.0,0.0,0.0,0.0,0.43,1
1328,5.51,73.5,29.6,134.1,2.08,3.4,moderate,sandy loam,450.6,13.7,flood,municipal,124.0,vezir,cereal,0,17.6,610.4,70.2,22.8,0.0,0.0,0.0,0.0,0.0,0.342,1
1329,7.8,29.9,36.0,221.5,1.05,3.43,poor,silt loam,57.6,5.6,sprinkler,river,276.2,narli,hemp,0,21.1,401.2,75.5,22.2,-1.0,0.0,0.0,0.0,10.314,0.366,0
1330,7.04,29.1,38.5,84.6,3.84,1.82,moderate,silt loam,567.8,7.1,none,municipal,967.5,narli,legume,0,19.9,308.6,64.1,13.4,3.0,0.0,0.0,0.0,0.0,0.413,1
1331,5.72,79.2,41.2,279.2,3.77,0.73,moderate,sandy loam,493.5,16.2,flood,municipal,747.2,narli,legume,1,33.1,197.8,75.1,13.4,3.0,0.0,0.0,0.0,26.583,0.176,0
1332,5.11,17.9,10.5,93.7,1.42,1.09,poor,clay loam,46.4,11.6,none,well,478.6,other,hemp,0,25.3,466.2,44.2,10.9,-1.0,2.877,0.866,0.0,0.0,0.203,0
1333,5.06,27.2,19.5,169.0,2.17,0.9,good,loam,80.6,9.3,drip,well,889.2,vezir,hemp,1,8.3,296.1,45.0,13.3,-1.0,0.0,0.0,0.0,11.628,0.254,0
1334,5.14,45.7,44.1,92.3,4.75,2.75,good,clay loam,457.9,21.9,none,river,729.5,vezir,hemp,0,10.1,411.4,73.2,22.5,-1.0,0.0,0.0,0.0,0.0,0.207,0
1335,6.27,62.8,42.0,250.2,2.2,1.97,poor,loam,478.1,13.5,drip,river,683.9,other,other,0,9.1,403.3,46.2,13.8,0.0,0.0,0.0,0.0,7.67,0.191,0
1336,7.79,67.6,11.1,222.0,3.51,2.92,good,sandy loam,332.4,19.8,drip,rain,1058.8,other,other,0,16.4,488.7,47.4,18.9,0.0,0.0,0.739,0.0,4.116,0.229,0
1337,5.32,79.0,31.6,112.5,3.15,0.65,good,silt loam,499.8,13.4,sprinkler,river,503.9,other,fallow,1,8.8,355.3,60.8,21.9,1.0,0.0,0.0,0.0,13.672,0.225,0
1338,7.89,19.9,21.1,160.9,4.61,0.83,good,silt loam,415.8,8.0,flood,river,747.7,vezir,sunflower,0,30.9,375.1,82.0,17.2,0.5,0.0,0.0,0.0,16.137,0.362,1
1339,7.41,75.3,14.1,217.5,5.01,3.9,poor,sandy loam,449.4,10.3,sprinkler,well,1019.6,narli,fallow,1,28.5,184.0,41.2,12.4,1.0,0.0,0.0,0.0,18.439,0.29,0
1340,7.08,73.0,18.3,267.4,1.13,2.81,good,silty clay loam,268.0,10.9,none,municipal,1047.1,narli,hemp,1,15.9,561.9,83.1,10.8,-1.0,0.0,0.0,0.0,0.0,0.624,1
1341,6.39,65.6,16.5,94.5,3.55,0.28,good,silt loam,150.0,16.7,none,river,165.4,vezir,other,0,22.3,645.9,78.7,19.2,0.0,0.0,0.0,0.0,0.0,0.347,1
1342,6.92,18.7,37.5,110.1,6.4,3.23,excellent,silty clay loam,365.0,16.4,sprinkler,municipal,456.3,other,cereal,1,8.6,577.5,41.1,23.0,0.0,0.0,0.0,0.0,1.068,0.261,0
1343,5.25,32.2,21.2,143.4,3.04,2.09,poor,loam,289.0,13.3,none,well,43.3,vezir,cereal,0,20.4,248.9,77.1,15.0,0.0,0.0,0.0,0.0,0.0,0.272,0
1344,7.38,65.8,20.2,143.6,2.73,3.51,moderate,loam,91.6,18.2,flood,well,707.9,narli,fallow,0,32.3,470.0,36.4,10.2,1.0,0.0,0.0,0.0,8.38,0.171,0
1345,5.39,19.9,33.0,118.3,4.56,1.75,excellent,loam,454.0,8.4,sprinkler,municipal,743.4,vezir,hemp,1,30.5,204.3,69.3,19.4,-1.0,0.0,0.0,0.0,17.864,0.449,1
1346,6.24,60.6,27.8,247.2,2.81,0.92,good,silty clay loam,583.3,9.1,sprinkler,municipal,84.8,narli,sunflower,0,23.7,576.0,50.5,10.4,0.5,0.0,0.0,0.0,1.245,0.662,1
1347,5.17,28.4,32.8,265.2,2.83,2.61,poor,silt loam,36.3,17.8,flood,well,962.7,other,other,0,23.8,591.3,66.5,16.3,0.0,0.0,0.0,0.0,0.605,0.132,0
1348,5.39,26.8,34.0,164.1,3.69,1.09,good,silty clay loam,246.5,17.6,sprinkler,well,350.6,vezir,legume,1,8.2,434.2,78.7,22.9,3.0,0.0,0.0,0.0,8.904,0.147,0
1349,7.41,47.3,30.0,232.7,5.49,2.29,good,clay loam,32.0,2.7,drip,well,976.8,vezir,legume,0,31.2,276.6,83.9,20.2,3.0,0.0,0.0,0.0,13.492,0.362,1
1350,7.5,54.9,44.5,109.0,5.63,3.0,excellent,sandy loam,275.4,3.6,sprinkler,municipal,741.9,narli,other,0,13.4,492.8,73.7,13.0,0.0,0.0,0.0,0.0,5.927,0.52,1
1351,5.74,56.3,26.8,176.9,6.21,3.76,excellent,silty clay loam,352.5,3.8,sprinkler,rain,118.1,vezir,fallow,0,23.4,513.0,51.8,21.2,1.0,0.0,0.0,0.0,3.826,0.703,1
1352,7.53,62.6,40.4,98.1,4.99,2.93,excellent,silt loam,415.0,19.1,sprinkler,rain,807.7,other,cereal,1,11.9,491.4,80.1,12.3,0.0,0.0,0.0,0.0,4.341,0.252,0
1353,6.23,68.0,34.3,228.6,2.52,0.26,excellent,silt loam,405.0,2.6,sprinkler,rain,269.9,narli,legume,0,17.5,618.9,70.4,21.3,3.0,0.0,0.0,0.0,0.0,0.752,1
1354,5.88,56.4,29.7,97.3,6.2,2.15,moderate,clay loam,472.3,19.8,none,rain,878.2,narli,cereal,0,16.6,282.5,80.5,13.2,0.0,0.0,0.0,0.0,0.0,0.304,1
1355,5.65,42.2,35.6,101.2,5.54,1.44,poor,sandy loam,100.0,0.5,none,river,93.1,narli,other,0,33.8,498.5,54.3,22.3,0.0,0.0,0.0,0.0,0.0,0.117,0
1356,5.65,47.3,21.4,138.4,2.37,3.88,good,loam,22.5,12.7,sprinkler,well,620.6,narli,legume,0,23.3,330.7,58.8,12.9,3.0,0.0,0.0,0.0,12.13,0.566,1
1357,7.97,72.8,18.2,78.8,2.71,1.43,moderate,clay loam,408.5,22.0,drip,river,464.9,other,legume,1,9.6,225.4,36.4,19.2,3.0,0.0,0.0,0.0,16.353,0.139,0
1358,6.75,63.9,18.3,99.6,4.28,2.61,good,silty clay loam,259.8,1.3,sprinkler,river,101.4,vezir,fallow,0,32.1,408.0,58.2,14.9,1.0,0.0,0.0,0.0,8.808,0.413,1
1359,6.65,50.0,37.4,250.0,5.87,1.2,poor,clay loam,215.0,4.1,flood,well,1042.6,narli,legume,0,24.9,361.6,67.5,17.2,3.0,0.0,0.0,0.0,15.649,0.338,1
1360,7.97,53.2,29.3,81.3,2.84,1.26,excellent,loam,542.7,8.9,flood,rain,158.2,narli,fallow,0,17.2,420.1,41.2,20.7,1.0,0.0,0.0,0.0,12.089,0.395,1
1361,5.97,18.0,43.3,117.0,3.21,0.51,excellent,silt loam,404.2,20.5,sprinkler,municipal,135.1,other,hemp,0,34.2,370.8,79.7,17.8,-1.0,0.0,0.0,0.0,8.936,0.161,0
1362,7.81,73.4,43.0,177.2,3.46,2.52,poor,sandy loam,249.3,17.9,none,rain,712.4,vezir,sunflower,0,21.6,462.4,67.7,16.3,0.5,0.0,0.0,0.0,0.0,0.179,0
1363,5.64,69.8,24.0,118.5,4.72,2.43,moderate,silt loam,589.7,21.7,none,well,312.0,narli,sunflower,1,25.0,250.5,52.2,21.2,0.5,0.0,0.0,0.0,0.0,0.265,0
1364,6.3,60.3,29.8,226.5,5.59,3.12,moderate,loam,292.4,5.0,flood,rain,147.2,vezir,hemp,0,34.7,644.5,42.7,13.5,-1.0,0.0,0.0,0.0,0.0,0.162,0
1365,5.35,30.2,34.1,100.0,5.27,1.58,poor,silty clay loam,333.0,16.1,drip,municipal,1010.2,other,cereal,0,24.4,498.9,45.3,12.8,0.0,0.0,0.0,0.0,4.48,0.169,0
1366,6.91,37.0,15.0,189.4,2.78,2.96,good,silty clay loam,536.2,13.4,none,rain,901.7,narli,other,0,9.2,172.0,59.9,23.1,0.0,0.0,0.0,0.0,0.0,0.362,1
1367,5.83,53.4,35.0,205.3,6.46,3.58,good,loam,244.8,9.9,none,river,564.0,other,hemp,0,31.6,603.3,79.6,19.9,-1.0,0.0,0.0,0.0,0.0,0.308,1
1368,6.12,47.6,23.9,175.2,2.6,2.2,excellent,silt loam,58.9,4.2,flood,river,698.0,vezir,legume,0,24.3,400.3,43.7,12.9,3.0,0.0,0.0,0.0,14.014,0.699,1
1369,7.61,69.2,27.4,245.0,6.05,0.58,poor,sandy loam,287.4,18.2,sprinkler,river,734.8,narli,sunflower,0,33.6,279.3,74.0,15.9,0.5,0.0,0.0,0.0,13.529,0.102,0
1370,5.8,62.7,25.2,213.1,3.15,1.26,excellent,silty clay loam,361.7,5.5,drip,well,454.0,other,sunflower,1,25.6,395.8,74.3,19.3,0.5,0.0,0.0,0.0,7.861,0.589,1
1371,7.58,46.2,22.6,183.7,1.69,2.05,good,loam,359.9,7.2,flood,river,96.3,vezir,legume,1,24.8,409.7,61.5,18.3,3.0,0.0,0.0,0.0,11.903,0.548,1
1372,5.83,25.8,24.0,211.1,4.05,2.8,excellent,silty clay loam,118.7,18.3,none,river,717.0,vezir,other,1,9.7,550.2,42.0,15.8,0.0,0.0,0.0,0.0,0.0,0.279,0
1373,5.17,20.8,33.8,280.0,5.51,1.03,poor,sandy loam,82.9,2.9,flood,well,452.5,vezir,fallow,0,17.3,399.1,53.6,19.8,1.0,0.0,0.0,0.0,14.126,0.261,0
1374,5.58,54.6,42.6,136.2,4.89,2.14,good,sandy loam,563.7,21.1,sprinkler,rain,789.6,narli,other,1,17.4,348.7,56.2,18.6,0.0,0.0,0.0,0.0,11.903,0.276,1
1375,6.07,72.5,27.9,206.1,1.38,2.65,moderate,silt loam,567.8,8.8,drip,well,668.0,other,fallow,0,28.9,608.1,56.6,13.7,1.0,0.0,0.0,0.0,0.0,0.368,1
1376,7.85,53.5,22.6,254.8,6.15,1.21,excellent,silty clay loam,518.8,18.5,none,rain,226.5,vezir,fallow,0,24.4,643.3,39.5,22.3,1.0,0.0,0.0,0.0,0.0,0.36,1
1377,7.04,79.8,19.6,218.5,4.72,0.6,poor,loam,333.2,14.7,sprinkler,well,1008.3,narli,sunflower,0,23.4,467.0,80.0,20.2,0.5,0.0,0.0,0.0,6.804,0.224,0
1378,6.25,26.9,9.3,146.0,3.34,0.95,moderate,silty clay loam,143.0,15.1,drip,river,331.0,other,cereal,1,16.7,486.8,39.6,13.9,0.0,0.0,1.53,0.0,5.76,0.311,1
1379,5.85,58.7,41.1,73.5,5.86,2.16,moderate,silt loam,48.6,6.5,drip,river,816.5,narli,cereal,0,31.1,469.8,79.1,18.5,0.0,0.0,0.0,0.0,5.368,0.383,1
1380,7.36,20.6,41.6,62.6,3.66,2.71,moderate,loam,413.1,15.6,sprinkler,river,837.0,vezir,hemp,0,14.0,368.1,52.2,16.2,-1.0,0.0,0.0,0.0,13.264,0.287,1
1381,7.78,33.7,42.7,99.5,3.14,1.77,good,loam,356.5,17.7,sprinkler,municipal,213.6,other,legume,0,34.0,322.9,81.7,11.4,3.0,0.0,0.0,0.0,13.495,0.139,0
1382,5.15,25.2,30.9,223.0,6.35,2.61,good,silty clay loam,124.9,6.7,none,rain,224.1,other,fallow,1,11.6,582.4,78.2,13.1,1.0,0.0,0.0,0.0,0.0,0.328,1
1383,7.09,38.6,25.1,262.4,6.22,3.23,poor,sandy loam,264.4,15.0,sprinkler,well,919.9,other,hemp,0,27.5,312.6,39.4,10.1,-1.0,0.0,0.0,0.0,11.596,0.263,0
1384,6.18,33.9,15.8,95.3,5.28,3.25,excellent,silty clay loam,73.9,3.7,drip,well,520.5,narli,cereal,0,33.9,349.0,60.0,14.5,0.0,0.0,0.0,0.0,8.841,0.397,1
1385,5.96,46.4,10.1,261.5,2.04,3.03,moderate,sandy loam,28.3,13.1,drip,rain,248.6,narli,sunflower,0,31.2,472.7,58.8,16.2,0.5,0.0,1.019,0.0,5.049,0.279,0
1386,5.5,57.8,43.7,203.9,2.33,1.17,excellent,loam,147.7,15.8,none,municipal,720.4,other,hemp,0,22.3,619.1,73.6,14.7,-1.0,0.0,0.0,0.0,0.0,0.33,1
1387,7.96,19.4,44.6,140.6,5.33,3.39,excellent,clay loam,350.0,8.8,flood,rain,373.4,vezir,legume,1,33.1,610.8,80.9,13.2,3.0,0.0,0.0,0.0,0.0,0.272,0
1388,6.19,32.7,17.5,90.7,1.05,0.72,moderate,silt loam,73.7,6.2,flood,rain,1011.2,other,sunflower,0,13.3,470.6,46.5,15.6,0.5,0.0,0.0,0.0,9.558,0.451,1
1389,7.54,18.0,10.9,233.8,1.85,2.4,moderate,sandy loam,29.4,17.3,flood,river,356.3,other,cereal,0,12.5,469.0,36.6,20.0,0.0,1.344,0.683,0.0,8.626,0.246,0
1390,5.4,31.9,25.1,155.2,4.56,2.41,good,loam,370.0,20.3,none,river,732.0,other,sunflower,0,18.9,493.5,36.2,23.3,0.5,0.0,0.0,0.0,0.0,0.255,0
1391,7.06,29.4,42.4,240.3,4.74,2.3,good,loam,320.5,11.4,flood,well,591.7,vezir,fallow,1,29.3,363.6,63.5,21.1,1.0,0.0,0.0,0.0,16.771,0.42,1
1392,7.74,24.3,24.6,239.2,3.68,2.56,good,clay loam,554.7,18.1,sprinkler,rain,1057.8,other,other,1,12.8,540.5,69.0,13.5,0.0,0.0,0.0,0.0,2.983,0.263,0
1393,7.87,54.0,35.5,79.1,1.27,1.58,excellent,loam,311.2,12.3,none,river,313.6,vezir,fallow,0,14.9,159.5,47.3,23.1,1.0,0.0,0.0,0.0,0.0,0.401,1
1394,7.87,55.4,20.0,236.0,2.26,1.27,poor,silty clay loam,585.5,5.4,sprinkler,well,608.0,other,legume,1,23.6,245.3,58.4,18.2,3.0,0.0,0.0,0.0,15.939,0.291,0
1395,7.36,56.1,30.6,237.6,1.5,2.73,moderate,loam,559.6,1.1,none,river,123.5,vezir,cereal,1,24.9,270.2,40.0,12.1,0.0,0.0,0.0,0.0,0.0,0.412,1
1396,7.28,29.1,10.5,229.0,4.27,0.79,moderate,clay loam,46.4,5.8,none,rain,222.3,narli,cereal,0,24.3,598.8,82.4,11.4,0.0,0.0,0.822,0.0,0.0,0.497,1
1397,7.1,59.9,32.3,200.5,5.13,0.41,excellent,clay loam,523.9,18.6,sprinkler,river,1034.1,vezir,fallow,1,34.8,542.1,60.5,20.9,1.0,0.0,0.0,0.0,2.614,0.176,0
1398,5.91,55.2,12.2,274.8,1.32,2.89,excellent,sandy loam,97.4,3.5,sprinkler,well,931.3,narli,legume,0,25.7,516.4,61.0,22.1,3.0,0.0,0.233,0.0,4.641,0.661,1
1399,5.61,22.4,32.6,62.8,3.06,2.44,moderate,loam,173.9,2.1,sprinkler,river,757.9,vezir,cereal,0,18.4,330.5,67.8,10.6,0.0,0.0,0.0,0.0,14.14,0.484,1
1400,6.04,33.9,27.6,259.2,2.18,3.57,excellent,sandy loam,78.9,16.8,none,rain,566.0,narli,hemp,0,20.6,564.7,61.9,20.3,-1.0,0.0,0.0,0.0,0.0,0.351,1
1401,7.26,43.1,16.7,63.5,1.94,2.5,good,sandy loam,300.3,17.8,flood,river,712.0,narli,sunflower,0,8.3,546.0,38.9,17.3,0.5,0.0,0.0,0.0,3.461,0.254,0
1402,7.39,15.2,17.6,130.4,4.01,1.71,excellent,clay loam,56.1,17.3,flood,rain,508.3,vezir,legume,0,23.1,513.0,84.8,19.1,3.0,0.0,0.0,0.0,5.459,0.339,1
1403,7.15,15.5,26.4,96.0,1.92,2.6,excellent,loam,559.3,3.5,sprinkler,well,147.2,other,fallow,0,11.5,330.5,39.5,12.2,1.0,1.11,0.0,0.0,12.19,0.506,1
1404,6.15,17.0,40.8,191.2,3.0,0.8,poor,clay loam,202.6,1.9,none,municipal,944.3,vezir,legume,0,20.4,484.1,48.6,14.9,3.0,0.0,0.0,0.0,0.0,0.334,1
1405,6.97,25.6,43.3,234.5,5.56,1.85,poor,silt loam,388.1,12.2,drip,river,605.8,other,fallow,1,9.7,212.1,84.8,23.3,1.0,0.0,0.0,0.0,15.56,0.167,0
1406,7.09,45.2,23.4,75.7,5.73,0.6,excellent,sandy loam,75.9,1.3,sprinkler,well,505.8,vezir,sunflower,1,32.3,585.0,58.3,21.2,0.5,0.0,0.0,0.0,0.728,0.37,1
1407,5.69,44.4,40.3,156.9,4.61,1.36,moderate,loam,54.4,20.2,sprinkler,municipal,586.1,other,hemp,0,17.7,401.0,43.7,16.4,-1.0,0.0,0.0,0.0,10.2,0.257,0
1408,7.17,60.5,41.0,197.9,1.9,3.61,poor,silty clay loam,160.8,11.3,none,river,791.0,other,sunflower,0,15.7,293.0,41.8,16.4,0.5,0.0,0.0,0.0,0.0,0.272,0
1409,5.72,20.0,35.1,151.6,3.5,0.75,moderate,clay loam,164.4,21.4,sprinkler,river,945.4,narli,hemp,0,9.5,202.2,56.2,13.4,-1.0,0.0,0.0,0.0,18.755,0.186,0
1410,6.12,59.8,17.5,211.6,2.89,3.89,excellent,loam,252.7,17.7,none,river,977.8,narli,sunflower,0,15.6,283.2,53.2,20.0,0.5,0.0,0.0,0.0,0.0,0.523,1
1411,5.25,21.8,20.6,255.7,2.46,3.97,good,clay loam,392.1,4.1,drip,municipal,214.0,other,sunflower,1,21.7,599.6,38.7,18.7,0.5,0.0,0.0,0.0,0.016,0.518,1
1412,6.83,73.6,32.4,123.4,4.23,3.53,excellent,loam,166.8,16.2,flood,river,724.0,other,fallow,0,21.4,532.3,63.5,11.7,1.0,0.0,0.0,0.0,4.801,0.425,1
1413,6.95,66.8,16.1,121.2,5.86,0.79,moderate,sandy loam,217.0,10.5,sprinkler,municipal,370.2,narli,legume,1,21.6,220.2,55.2,14.2,3.0,0.0,0.0,0.0,15.568,0.472,1
1414,7.94,76.1,19.4,223.9,6.43,2.58,good,clay loam,27.7,9.5,none,well,803.4,vezir,fallow,0,14.5,372.9,50.5,11.4,1.0,0.0,0.0,0.0,0.0,0.298,1
1415,6.89,40.1,8.3,77.1,5.25,1.81,good,silty clay loam,25.2,2.8,sprinkler,municipal,22.4,other,cereal,1,9.2,604.9,73.1,12.6,0.0,0.0,1.847,0.0,0.0,0.373,1
1416,6.25,79.7,39.8,271.6,4.51,0.54,moderate,sandy loam,341.4,19.6,flood,municipal,172.3,narli,hemp,0,28.6,458.9,75.7,20.5,-1.0,0.0,0.0,0.0,11.53,0.269,0
1417,5.83,32.5,17.5,63.0,3.62,3.38,moderate,loam,429.2,12.0,none,well,795.9,vezir,fallow,1,22.0,613.3,51.1,18.4,1.0,0.0,0.0,0.0,0.0,0.4,1
1418,7.09,28.9,35.9,167.8,5.21,2.06,moderate,sandy loam,217.2,11.2,none,river,441.1,vezir,legume,0,27.4,199.9,53.4,13.1,3.0,0.0,0.0,0.0,0.0,0.408,1
1419,6.71,78.4,20.6,237.9,5.08,3.51,good,silty clay loam,387.0,13.8,none,rain,794.0,other,hemp,1,16.3,384.0,80.9,10.2,-1.0,0.0,0.0,0.0,0.0,0.451,1
1420,5.27,33.9,22.4,205.9,3.09,3.37,good,sandy loam,325.3,19.3,sprinkler,municipal,392.9,vezir,legume,0,34.5,453.3,46.7,15.7,3.0,0.0,0.0,0.0,7.573,0.12,0
1421,7.84,36.5,38.4,219.0,3.3,2.76,good,silt loam,286.1,5.3,flood,municipal,805.6,other,cereal,1,12.6,621.6,81.9,20.4,0.0,0.0,0.0,0.0,0.0,0.307,1
1422,5.15,57.9,37.8,230.0,5.69,3.42,moderate,silty clay loam,178.8,15.2,none,municipal,967.6,narli,fallow,1,14.9,586.7,82.5,17.9,1.0,0.0,0.0,0.0,0.0,0.267,0
1423,5.18,32.0,11.3,185.5,1.45,0.6,moderate,clay loam,347.3,7.4,flood,river,924.1,other,sunflower,1,34.8,487.9,65.4,16.7,0.5,0.0,0.581,0.0,7.047,0.122,0
1424,5.94,62.0,35.7,64.8,1.33,1.48,poor,clay loam,478.6,4.9,none,well,94.5,other,hemp,0,13.1,222.0,44.0,15.4,-1.0,0.0,0.0,0.0,0.0,0.291,0
1425,5.31,77.0,10.4,78.7,5.86,1.6,moderate,loam,591.5,16.4,sprinkler,well,565.0,vezir,sunflower,1,22.3,300.7,56.0,21.3,0.5,0.0,0.843,0.0,13.49,0.222,0
1426,7.75,20.7,25.4,181.7,1.27,0.72,poor,sandy loam,356.6,20.5,none,rain,558.6,vezir,hemp,0,31.0,321.0,82.7,15.3,-1.0,2.287,0.0,0.0,0.0,0.113,0
1427,5.33,36.5,39.9,115.0,2.97,2.98,poor,sandy loam,543.0,3.5,sprinkler,municipal,421.2,narli,legume,0,27.8,217.6,69.6,12.6,3.0,0.0,0.0,0.0,16.371,0.309,0
1428,5.21,78.3,27.2,134.0,5.32,1.91,moderate,clay loam,165.2,9.8,none,well,436.3,vezir,other,1,25.1,211.6,76.2,14.3,0.0,0.0,0.0,0.0,0.0,0.454,1
1429,6.69,30.9,44.6,205.4,3.49,3.53,excellent,loam,51.6,13.0,drip,rain,632.1,vezir,cereal,1,26.0,228.8,72.0,20.8,0.0,0.0,0.0,0.0,12.931,0.578,1
1430,5.48,50.5,27.9,176.8,5.22,2.45,poor,silty clay loam,408.5,18.3,flood,municipal,1047.8,vezir,other,0,24.9,183.6,70.3,18.2,0.0,0.0,0.0,0.0,26.42,0.171,0
1431,5.96,30.5,29.6,66.6,1.4,1.54,good,loam,587.4,19.4,none,rain,601.4,vezir,sunflower,0,8.3,184.6,64.4,20.7,0.5,0.0,0.0,0.0,0.0,0.246,0
1432,5.9,44.3,9.6,265.3,4.73,0.99,excellent,loam,460.1,21.0,drip,river,1000.2,other,legume,1,26.7,483.0,58.1,22.6,3.0,0.0,1.285,0.0,5.631,0.316,1
1433,5.32,21.4,32.6,62.8,3.68,2.51,poor,clay loam,533.4,8.0,flood,river,546.8,vezir,other,1,21.6,610.8,78.7,22.2,0.0,0.0,0.0,0.0,0.0,0.277,0
1434,6.02,20.9,21.1,71.5,5.99,1.63,poor,silt loam,228.0,10.6,flood,municipal,922.7,other,hemp,1,19.4,429.8,64.1,14.2,-1.0,0.0,0.0,0.0,11.26,0.304,1
1435,6.02,72.4,19.6,213.0,1.64,3.64,moderate,loam,360.5,9.4,sprinkler,river,162.2,vezir,legume,0,18.1,453.5,38.4,11.8,3.0,0.0,0.0,0.0,6.219,0.524,1
1436,7.54,73.0,28.6,227.2,5.83,2.36,good,silty clay loam,299.4,16.7,none,river,112.1,vezir,cereal,1,12.4,463.5,48.0,12.9,0.0,0.0,0.0,0.0,0.0,0.322,0
1437,6.27,23.7,8.2,86.5,3.65,1.68,poor,sandy loam,303.0,4.9,drip,well,636.3,other,hemp,1,34.9,475.8,76.8,15.1,-1.0,0.0,1.653,0.0,6.086,0.126,0
1438,5.52,15.8,15.0,151.8,2.13,2.97,excellent,clay loam,236.8,13.8,flood,river,847.7,other,sunflower,0,8.1,299.0,35.4,23.6,0.5,1.243,0.0,0.0,21.688,0.246,0
1439,7.3,26.3,24.4,250.3,6.43,0.91,good,loam,416.4,5.4,flood,rain,107.3,other,fallow,0,12.1,632.7,76.7,17.6,1.0,0.0,0.0,0.0,0.0,0.387,1
1440,6.75,47.9,44.4,272.6,4.64,2.29,moderate,sandy loam,431.9,2.5,sprinkler,well,524.0,other,legume,0,13.6,345.7,54.2,13.2,3.0,0.0,0.0,0.0,12.942,0.489,1
1441,6.24,70.2,29.5,121.6,1.06,0.88,excellent,silty clay loam,48.6,4.2,flood,well,919.2,vezir,sunflower,1,25.1,249.0,72.1,19.2,0.5,0.0,0.0,0.0,21.382,0.815,1
1442,6.34,59.8,23.3,242.7,4.2,1.43,moderate,sandy loam,234.1,11.3,drip,rain,872.9,narli,other,0,18.7,225.9,77.5,18.7,0.0,0.0,0.0,0.0,15.585,0.45,1
1443,5.71,47.7,14.3,60.9,4.92,1.38,good,silty clay loam,290.7,11.2,flood,well,285.8,other,legume,0,17.5,357.0,52.3,17.1,3.0,0.0,0.0,0.0,15.699,0.383,1
1444,6.16,69.6,32.3,204.4,4.9,2.3,poor,loam,346.4,12.6,flood,municipal,224.9,other,sunflower,0,16.6,390.1,75.4,15.7,0.5,0.0,0.0,0.0,16.095,0.294,0
1445,6.02,65.5,43.4,261.4,4.89,2.37,poor,silt loam,364.7,16.0,none,river,173.0,narli,fallow,0,34.3,542.2,53.2,23.1,1.0,0.0,0.0,0.0,0.0,0.079,0
1446,6.74,33.5,13.7,161.1,3.28,0.51,good,loam,257.7,15.7,none,well,1094.9,vezir,cereal,1,11.8,601.2,80.2,23.0,0.0,0.0,0.0,0.0,0.0,0.404,1
1447,6.73,42.8,39.5,154.3,2.21,0.74,poor,loam,395.2,5.3,flood,river,1085.9,vezir,sunflower,0,8.0,470.3,64.0,19.8,0.5,0.0,0.0,0.0,8.108,0.247,0
1448,7.52,70.0,29.8,167.6,1.19,1.12,excellent,loam,368.6,2.1,flood,well,657.6,other,sunflower,1,19.5,424.9,61.6,20.4,0.5,0.0,0.0,0.0,10.498,0.466,1
1449,5.17,25.5,15.9,80.8,6.32,3.22,excellent,clay loam,94.1,6.4,none,well,761.3,other,sunflower,0,16.3,574.7,74.0,15.4,0.5,0.0,0.0,0.0,0.0,0.479,1
1450,5.12,19.6,29.5,72.2,5.89,0.24,moderate,silty clay loam,313.8,7.4,none,rain,1011.1,other,cereal,0,27.7,291.5,77.2,20.5,0.0,0.0,0.0,0.0,0.0,0.318,1
1451,6.72,35.7,29.3,169.5,3.88,0.66,moderate,sandy loam,223.1,3.2,flood,river,407.1,narli,legume,1,32.4,478.1,44.8,14.9,3.0,0.0,0.0,0.0,7.869,0.3,1
1452,6.73,19.1,14.7,184.2,4.42,2.98,poor,loam,461.0,3.5,none,rain,1086.2,vezir,hemp,1,25.1,565.7,77.1,17.3,-1.0,0.0,0.0,0.0,0.0,0.373,1
1453,5.05,28.8,30.6,274.2,4.03,2.18,good,silt loam,408.1,14.5,drip,well,571.4,vezir,cereal,1,28.4,482.3,66.7,22.2,0.0,0.0,0.0,0.0,5.251,0.337,0
1454,5.73,25.8,8.2,86.9,6.13,2.28,good,sandy loam,149.0,18.2,drip,well,897.7,other,hemp,1,19.8,374.5,77.1,16.9,-1.0,0.0,1.567,0.0,7.711,0.284,1
1455,7.29,71.8,10.2,94.3,6.34,3.96,good,clay loam,176.5,8.2,sprinkler,river,753.9,narli,cereal,0,18.2,394.4,59.1,18.3,0.0,0.0,0.982,0.0,8.691,0.556,1
1456,5.52,36.0,35.8,162.4,2.04,1.68,excellent,clay loam,569.9,15.5,drip,municipal,361.7,vezir,sunflower,0,17.6,509.6,83.6,14.2,0.5,0.0,0.0,0.0,3.553,0.364,1
1457,6.96,76.6,29.2,70.7,1.62,2.13,poor,sandy loam,495.0,7.3,none,rain,984.6,narli,fallow,0,10.0,380.0,49.3,15.9,1.0,0.0,0.0,0.0,0.0,0.275,0
1458,7.6,79.3,8.3,193.9,2.11,2.97,poor,silty clay loam,149.5,9.8,drip,river,840.2,vezir,fallow,0,9.4,610.9,50.0,20.4,1.0,0.0,1.842,0.0,0.0,0.169,0
1459,5.9,78.2,21.3,121.4,2.77,0.31,poor,silt loam,520.9,19.3,none,river,454.6,other,fallow,1,25.3,552.0,83.1,23.9,1.0,0.0,0.0,0.0,0.0,0.202,0
1460,7.0,63.6,22.4,95.4,6.11,2.09,excellent,silty clay loam,562.6,21.1,flood,rain,471.4,narli,cereal,0,8.7,492.3,52.2,23.9,0.0,0.0,0.0,0.0,6.212,0.255,0
1461,7.97,27.3,12.5,194.4,1.98,2.33,good,sandy loam,467.7,15.8,sprinkler,river,170.7,other,legume,0,28.6,577.6,44.3,13.4,3.0,0.0,0.107,0.0,1.182,0.284,0
1462,5.82,38.9,10.4,178.6,1.9,2.2,moderate,sandy loam,171.5,0.6,sprinkler,municipal,454.5,narli,cereal,0,12.3,225.3,58.7,14.6,0.0,0.0,1.042,0.0,19.844,0.454,1
1463,6.14,43.8,23.8,234.5,4.21,1.8,moderate,sandy loam,132.9,17.3,flood,well,586.5,narli,fallow,0,22.5,343.0,83.0,12.9,1.0,0.0,0.0,0.0,16.134,0.273,1
1464,7.83,26.4,8.8,97.4,2.99,1.81,good,clay loam,290.8,19.3,sprinkler,rain,246.1,vezir,cereal,1,31.0,296.8,37.1,16.6,0.0,0.0,1.24,0.0,16.618,0.201,0
1465,7.67,35.3,9.8,241.6,2.56,3.56,excellent,silt loam,351.2,14.1,none,river,294.5,other,other,1,34.9,167.3,82.1,10.9,0.0,0.0,1.219,0.0,0.0,0.16,0
1466,6.29,79.0,43.9,175.3,3.0,1.34,poor,silt loam,455.1,12.0,flood,rain,684.5,vezir,cereal,1,23.5,188.0,76.9,18.9,0.0,0.0,0.0,0.0,29.417,0.337,1
1467,5.13,57.9,10.2,250.6,5.9,1.26,poor,sandy loam,276.5,13.7,flood,river,572.0,other,fallow,1,30.2,339.9,76.0,22.6,1.0,0.0,0.986,0.0,15.581,0.147,0
1468,6.64,33.7,44.5,252.2,2.21,3.33,poor,clay loam,222.5,19.3,flood,river,988.7,other,fallow,1,15.2,277.1,76.8,16.5,1.0,0.0,0.0,0.0,22.252,0.218,0
1469,5.07,30.9,32.4,277.9,4.51,3.02,excellent,clay loam,277.8,5.9,flood,river,1024.5,other,cereal,0,21.5,190.3,57.8,20.6,0.0,0.0,0.0,0.0,31.223,0.465,1
1470,7.4,50.9,14.1,225.8,4.18,0.71,moderate,silty clay loam,575.8,19.9,drip,municipal,869.0,narli,legume,0,31.2,490.0,41.9,21.8,3.0,0.0,0.0,0.0,5.161,0.17,0
1471,6.0,18.0,20.1,72.6,5.05,3.95,moderate,silt loam,454.9,13.4,sprinkler,municipal,277.7,narli,other,0,17.9,520.9,43.4,13.5,0.0,0.0,0.0,0.0,4.284,0.417,1
1472,6.52,33.3,9.7,260.8,6.22,3.88,moderate,clay loam,392.6,8.1,sprinkler,municipal,186.7,other,fallow,0,27.9,159.6,46.2,10.4,1.0,0.0,1.257,0.0,22.705,0.399,1
1473,6.77,18.0,19.8,64.5,6.36,3.04,good,silty clay loam,515.9,14.7,flood,well,923.2,narli,fallow,1,13.7,394.1,40.2,18.6,1.0,0.0,0.0,0.0,11.924,0.476,1
1474,6.7,60.0,25.5,166.6,2.38,2.89,poor,loam,431.8,8.2,flood,rain,375.9,vezir,cereal,0,29.1,449.4,55.2,23.2,0.0,0.0,0.0,0.0,10.514,0.276,0
1475,6.41,21.7,8.2,83.2,1.01,1.8,moderate,silty clay loam,390.9,8.1,sprinkler,municipal,25.1,narli,fallow,1,17.9,351.1,41.8,18.5,1.0,0.599,1.759,0.0,11.372,0.556,1
1476,7.75,42.2,18.7,183.0,1.28,2.7,poor,clay loam,133.9,10.6,drip,rain,360.3,vezir,other,0,14.7,272.1,54.3,13.7,0.0,0.0,0.0,0.0,13.445,0.248,0
1477,6.87,78.6,16.9,140.7,5.07,3.54,excellent,sandy loam,322.7,12.1,flood,river,215.3,other,hemp,0,15.8,582.5,39.6,13.6,-1.0,0.0,0.0,0.0,1.168,0.472,1
1478,5.99,62.3,15.5,251.3,3.47,1.91,good,silty clay loam,572.6,1.4,none,rain,596.7,other,sunflower,1,29.4,638.3,51.8,16.7,0.5,0.0,0.0,0.0,0.0,0.444,1
1479,5.75,37.3,15.6,257.3,3.98,3.41,poor,sandy loam,321.0,16.5,flood,well,782.2,vezir,sunflower,0,25.3,595.2,36.6,22.0,0.5,0.0,0.0,0.0,0.358,0.197,0
1480,7.38,44.7,24.8,75.0,4.95,3.82,poor,clay loam,205.8,10.4,sprinkler,rain,287.0,narli,legume,1,22.5,315.9,84.8,22.8,3.0,0.0,0.0,0.0,14.148,0.281,1
1481,5.48,69.1,28.5,91.6,5.24,3.38,moderate,clay loam,459.7,13.9,flood,river,298.9,other,fallow,1,31.7,162.9,61.5,11.4,1.0,0.0,0.0,0.0,27.302,0.185,0
1482,6.1,45.2,16.4,215.4,2.53,1.88,excellent,loam,91.9,7.4,none,rain,43.5,narli,hemp,0,30.5,277.6,70.5,21.9,-1.0,0.0,0.0,0.0,0.0,0.501,1
1483,6.11,17.9,16.8,249.5,1.68,2.93,good,sandy loam,277.8,21.8,none,river,651.1,other,other,1,27.8,401.7,79.9,20.5,0.0,1.889,0.0,0.0,0.0,0.378,1
1484,7.98,61.2,29.3,223.0,1.82,3.47,poor,silty clay loam,298.7,4.7,none,rain,701.6,vezir,sunflower,0,33.4,404.4,76.8,21.7,0.5,0.0,0.0,0.0,0.0,0.107,0
1485,7.73,69.6,19.9,274.3,5.1,0.66,poor,clay loam,422.1,11.2,drip,municipal,230.6,vezir,legume,0,10.9,294.7,46.2,10.3,3.0,0.0,0.0,0.0,10.862,0.228,0
1486,5.18,34.1,15.4,81.9,4.75,3.4,excellent,silt loam,105.6,17.2,drip,rain,139.3,narli,hemp,0,27.1,494.3,40.1,16.0,-1.0,0.0,0.0,0.0,4.824,0.277,1
1487,6.38,52.0,30.5,65.2,2.62,2.1,poor,clay loam,546.9,9.3,none,river,1027.6,narli,hemp,1,27.9,306.0,82.5,15.5,-1.0,0.0,0.0,0.0,0.0,0.35,1
1488,7.99,32.7,25.9,133.8,1.3,1.2,excellent,silty clay loam,111.4,14.5,sprinkler,rain,690.0,vezir,other,0,16.6,547.8,52.5,19.3,0.0,0.0,0.0,0.0,2.571,0.262,1
1489,5.68,71.2,13.7,229.6,1.3,3.27,excellent,clay loam,274.7,9.2,flood,municipal,728.5,vezir,cereal,0,12.8,228.4,83.6,11.6,0.0,0.0,0.0,0.0,24.942,0.554,1
1490,7.1,76.4,26.5,155.6,1.4,2.25,poor,silt loam,341.3,2.0,drip,municipal,509.3,narli,legume,1,28.9,371.8,62.9,23.1,3.0,0.0,0.0,0.0,10.915,0.321,1
1491,5.36,43.6,44.7,136.5,3.01,2.04,good,loam,381.3,8.5,none,rain,980.6,vezir,sunflower,1,28.9,321.8,68.7,18.2,0.5,0.0,0.0,0.0,0.0,0.38,1
1492,7.8,35.7,22.7,93.1,3.2,1.32,poor,sandy loam,242.1,4.5,flood,well,415.5,vezir,fallow,0,20.1,626.1,38.8,18.2,1.0,0.0,0.0,0.0,0.0,0.282,0
1493,7.41,32.4,40.1,237.6,2.84,2.62,poor,silty clay loam,596.3,9.6,sprinkler,well,233.1,vezir,hemp,0,18.7,491.6,38.8,12.1,-1.0,0.0,0.0,0.0,5.261,0.267,0
1494,7.44,23.3,33.0,117.6,5.83,1.85,poor,sandy loam,82.2,11.9,drip,river,649.5,vezir,legume,0,22.5,171.8,77.0,18.4,3.0,0.0,0.0,0.0,18.865,0.247,0
1495,7.75,57.1,38.3,254.0,5.45,3.59,poor,clay loam,457.4,13.4,drip,well,582.9,narli,sunflower,0,29.8,454.0,35.6,21.9,0.5,0.0,0.0,0.0,5.623,0.172,0
1496,5.58,33.4,39.1,134.8,1.18,3.37,poor,sandy loam,216.7,21.6,sprinkler,municipal,1053.8,other,other,0,19.7,551.0,64.5,18.9,0.0,0.0,0.0,0.0,2.356,0.166,0
1497,6.25,72.8,43.5,76.5,6.02,3.53,excellent,clay loam,501.1,17.2,sprinkler,well,181.0,other,other,0,23.3,582.0,54.8,12.2,0.0,0.0,0.0,0.0,0.749,0.346,1
1498,7.35,32.1,41.4,219.4,4.29,3.4,excellent,sandy loam,519.9,3.7,sprinkler,river,105.4,vezir,other,0,19.3,493.4,59.8,22.6,0.0,0.0,0.0,0.0,5.917,0.701,1
1499,5.63,33.6,29.3,136.0,1.32,1.02,excellent,silt loam,396.6,9.1,flood,well,590.6,narli,other,0,23.2,311.5,74.7,11.8,0.0,0.0,0.0,0.0,18.576,0.604,1
1500,5.81,62.3,44.3,261.8,3.12,0.47,moderate,clay loam,77.3,5.2,flood,municipal,549.2,vezir,fallow,1,21.6,156.7,51.1,17.1,1.0,0.0,0.0,0.0,29.414,0.429,1
1501,7.78,69.6,33.0,164.2,3.92,2.3,poor,silty clay loam,119.8,9.8,none,municipal,431.4,narli,cereal,1,32.7,357.4,42.1,16.4,0.0,0.0,0.0,0.0,0.0,0.152,0
1502,7.42,45.6,16.5,115.9,3.93,2.49,good,silt loam,388.2,10.6,drip,river,997.5,narli,fallow,1,31.2,398.6,68.9,10.4,1.0,0.0,0.0,0.0,8.274,0.354,1
1503,6.71,32.4,16.3,140.2,2.17,0.47,good,loam,380.3,1.2,sprinkler,river,1045.8,other,other,1,22.3,569.0,72.4,23.5,0.0,0.0,0.0,0.0,1.61,0.567,1
1504,6.46,63.4,25.4,202.1,1.75,0.3,poor,sandy loam,403.9,1.8,drip,river,570.0,narli,other,0,23.1,347.1,74.6,19.0,0.0,0.0,0.0,0.0,8.82,0.357,1
1505,7.8,75.6,13.3,131.4,4.25,3.77,moderate,loam,172.9,8.2,none,rain,507.1,narli,hemp,0,17.8,487.2,37.4,23.9,-1.0,0.0,0.0,0.0,0.0,0.39,1
1506,5.3,75.2,27.5,155.0,1.19,2.87,moderate,silty clay loam,153.6,18.3,none,municipal,210.5,narli,other,0,15.7,315.6,69.4,19.7,0.0,0.0,0.0,0.0,0.0,0.221,0
1507,6.42,72.2,29.3,269.5,5.56,2.76,moderate,silty clay loam,217.4,3.3,drip,river,1090.0,vezir,sunflower,0,31.0,506.3,70.2,16.6,0.5,0.0,0.0,0.0,4.464,0.349,1
1508,6.58,66.6,27.2,227.6,3.84,1.79,excellent,sandy loam,526.4,19.2,flood,municipal,862.7,vezir,fallow,1,34.3,207.4,63.0,20.5,1.0,0.0,0.0,0.0,30.052,0.185,0
1509,5.64,46.7,23.6,148.2,2.08,3.67,excellent,silt loam,189.4,21.1,none,rain,635.8,other,hemp,0,25.1,555.0,74.7,10.3,-1.0,0.0,0.0,0.0,0.0,0.341,1
1510,7.23,26.6,38.2,206.9,4.28,1.64,good,sandy loam,206.7,7.5,flood,well,293.6,other,legume,0,18.7,199.1,69.9,19.4,3.0,0.0,0.0,0.0,27.549,0.531,1
1511,7.08,73.5,18.1,205.0,3.66,2.73,good,silty clay loam,576.0,9.6,sprinkler,municipal,901.4,narli,legume,0,17.3,378.3,64.3,12.2,3.0,0.0,0.0,0.0,11.138,0.784,1
1512,5.62,76.3,20.1,267.8,3.55,2.73,excellent,clay loam,277.7,5.9,sprinkler,rain,883.1,vezir,fallow,0,16.7,253.4,38.5,14.2,1.0,0.0,0.0,0.0,16.704,0.616,1
1513,7.69,55.8,40.1,66.6,5.34,0.43,poor,clay loam,508.6,21.9,none,rain,672.6,vezir,other,1,12.1,572.3,80.8,11.3,0.0,0.0,0.0,0.0,0.0,0.152,0
1514,6.17,47.5,38.0,232.2,5.04,0.95,good,loam,244.4,21.8,flood,river,974.3,vezir,fallow,0,27.9,339.9,45.3,20.2,1.0,0.0,0.0,0.0,18.066,0.309,1
1515,5.67,53.7,38.0,245.1,2.47,2.93,poor,loam,414.3,2.4,sprinkler,rain,743.8,narli,legume,0,18.7,580.3,80.8,14.7,3.0,0.0,0.0,0.0,0.807,0.299,1
1516,6.75,19.1,30.4,134.1,5.89,1.66,poor,sandy loam,398.1,4.8,sprinkler,well,875.9,narli,sunflower,0,18.5,178.2,60.5,22.2,0.5,0.0,0.0,0.0,19.717,0.345,1
1517,5.32,28.3,32.2,228.3,5.91,0.86,excellent,loam,370.5,8.3,sprinkler,rain,1015.7,narli,fallow,1,28.2,346.3,58.0,19.8,1.0,0.0,0.0,0.0,10.585,0.437,1
1518,5.11,20.8,14.7,189.3,4.33,2.48,poor,silt loam,189.6,12.3,none,well,73.6,narli,fallow,1,29.0,562.7,45.6,11.8,1.0,0.0,0.0,0.0,0.0,0.189,0
1519,7.27,69.9,18.6,139.1,3.65,2.8,poor,silty clay loam,174.2,15.6,flood,well,800.2,vezir,hemp,0,20.8,483.2,80.4,14.7,-1.0,0.0,0.0,0.0,7.698,0.204,0
1520,5.39,50.5,28.6,207.0,5.78,3.6,moderate,sandy loam,474.6,3.8,sprinkler,river,677.0,narli,cereal,1,11.9,576.9,61.4,17.0,0.0,0.0,0.0,0.0,1.305,0.329,1
1521,7.83,41.7,32.6,247.1,3.74,1.71,good,silt loam,39.6,15.2,sprinkler,well,838.8,narli,fallow,0,27.6,174.6,62.3,23.1,1.0,0.0,0.0,0.0,18.675,0.438,1
1522,6.05,16.7,33.1,179.4,4.58,1.35,poor,sandy loam,20.9,19.9,none,rain,662.1,vezir,sunflower,0,10.1,256.1,61.6,20.8,0.5,0.0,0.0,0.0,0.0,0.139,0
1523,5.99,75.8,16.7,239.8,3.43,3.0,excellent,loam,135.2,10.8,sprinkler,river,876.7,other,hemp,0,12.6,207.2,81.2,14.8,-1.0,0.0,0.0,0.0,19.941,0.609,1
1524,6.5,33.7,19.6,131.1,1.91,2.44,poor,silt loam,546.8,0.6,none,river,831.7,narli,fallow,0,32.5,431.8,43.2,11.1,1.0,0.0,0.0,0.0,0.0,0.206,0
1525,6.6,63.2,19.7,85.3,4.06,1.81,good,clay loam,586.7,5.5,none,municipal,241.4,vezir,other,0,17.5,375.2,50.0,20.5,0.0,0.0,0.0,0.0,0.0,0.589,1
1526,5.35,22.4,31.4,177.7,6.28,1.13,excellent,sandy loam,552.9,5.7,flood,river,386.1,vezir,hemp,0,15.5,369.3,42.9,12.0,-1.0,0.0,0.0,0.0,16.259,0.571,1
1527,7.75,20.3,28.3,183.8,3.86,1.4,excellent,silty clay loam,524.9,12.1,sprinkler,river,808.9,other,legume,0,8.8,179.9,64.5,14.5,3.0,0.0,0.0,0.0,20.419,0.292,0
1528,6.09,17.1,35.0,74.8,2.23,1.28,moderate,silt loam,257.1,19.0,none,well,1079.1,narli,fallow,1,33.3,605.1,73.7,20.7,1.0,0.0,0.0,0.0,0.0,0.156,0
1529,6.42,75.6,38.4,207.5,1.11,1.64,moderate,silty clay loam,127.8,15.6,none,well,587.4,other,hemp,0,16.8,385.3,67.6,17.7,-1.0,0.0,0.0,0.0,0.0,0.339,1
1530,7.82,31.1,29.8,163.1,2.21,2.6,moderate,clay loam,510.4,9.4,none,rain,563.5,vezir,sunflower,0,29.4,527.0,69.3,14.1,0.5,0.0,0.0,0.0,0.0,0.229,0
1531,7.68,62.4,43.9,222.9,4.77,0.17,excellent,silty clay loam,154.2,4.4,sprinkler,rain,404.1,vezir,fallow,1,15.8,268.8,51.6,14.3,1.0,0.0,0.0,0.0,15.327,0.543,1
1532,6.33,28.2,28.4,229.5,4.99,3.17,moderate,silt loam,484.9,7.3,drip,rain,744.2,other,other,0,8.2,314.7,50.8,12.8,0.0,0.0,0.0,0.0,13.005,0.263,0
1533,6.31,29.1,30.9,141.6,5.23,2.99,poor,silt loam,67.6,4.6,drip,rain,674.5,vezir,cereal,1,11.5,203.4,54.4,13.4,0.0,0.0,0.0,0.0,18.25,0.266,0
1534,7.83,75.9,16.3,185.2,5.48,3.11,poor,silt loam,587.5,16.1,sprinkler,municipal,111.2,vezir,legume,0,8.1,593.2,69.4,17.9,3.0,0.0,0.0,0.0,0.325,0.088,0
1535,6.51,78.6,23.7,265.3,3.84,0.58,excellent,loam,135.4,9.0,flood,rain,69.6,vezir,hemp,0,34.9,324.9,52.8,21.0,-1.0,0.0,0.0,0.0,18.355,0.253,0
1536,5.01,76.3,36.0,207.2,3.43,3.61,moderate,silt loam,586.8,6.8,sprinkler,municipal,763.5,other,fallow,0,27.9,424.1,36.3,17.6,1.0,0.0,0.0,0.0,8.645,0.27,0
1537,6.08,45.7,13.5,175.8,1.84,3.77,poor,silt loam,69.7,1.8,none,municipal,646.2,narli,hemp,1,22.1,209.4,73.3,21.5,-1.0,0.0,0.0,0.0,0.0,0.289,1
1538,5.27,57.1,8.6,120.6,4.65,1.49,poor,sandy loam,525.6,7.2,flood,well,1044.9,other,fallow,1,24.9,161.6,78.7,18.0,1.0,0.0,1.372,0.0,32.603,0.245,0
1539,6.31,37.6,33.8,257.0,5.53,3.79,moderate,clay loam,142.5,5.2,flood,rain,171.3,narli,sunflower,1,28.8,608.2,39.9,10.5,0.5,0.0,0.0,0.0,0.0,0.505,1
1540,5.89,56.8,14.8,119.9,4.5,3.16,excellent,clay loam,427.4,14.9,drip,well,808.0,vezir,sunflower,1,32.5,505.0,35.9,19.8,0.5,0.0,0.0,0.0,3.592,0.263,0
1541,5.5,35.6,19.2,211.2,3.07,2.98,poor,silty clay loam,356.1,20.8,sprinkler,well,557.6,narli,fallow,0,11.1,349.0,55.3,17.5,1.0,0.0,0.0,0.0,14.436,0.146,0
1542,6.64,39.7,12.0,99.7,1.53,0.31,excellent,silt loam,208.8,20.4,none,river,419.3,narli,legume,1,17.4,360.9,41.4,15.6,3.0,0.0,0.32,0.0,0.0,0.434,1
1543,6.06,47.4,35.6,188.6,2.7,1.19,poor,silty clay loam,54.8,12.6,none,well,523.5,narli,other,1,28.5,537.0,39.7,15.9,0.0,0.0,0.0,0.0,0.0,0.246,0
1544,5.8,74.0,17.3,79.3,3.3,0.24,good,silt loam,464.3,8.5,none,municipal,326.6,vezir,other,0,28.0,221.7,80.1,15.8,0.0,0.0,0.0,0.0,0.0,0.505,1
1545,7.65,69.3,42.5,239.9,4.07,1.09,excellent,clay loam,98.3,13.5,sprinkler,rain,286.3,vezir,sunflower,0,16.4,236.8,58.8,15.8,0.5,0.0,0.0,0.0,16.986,0.406,1
1546,6.31,69.9,41.1,60.7,1.94,2.81,moderate,silt loam,130.9,3.8,flood,municipal,436.2,other,cereal,1,33.5,509.9,76.6,12.9,0.0,0.0,0.0,0.0,5.621,0.258,0
1547,6.05,75.4,40.2,198.3,5.25,3.48,good,sandy loam,233.3,19.9,drip,municipal,719.0,other,cereal,0,19.8,385.4,42.6,12.6,0.0,0.0,0.0,0.0,9.439,0.427,1
1548,6.47,75.9,35.1,114.6,3.24,0.72,moderate,loam,109.7,9.3,none,rain,1009.2,vezir,hemp,1,31.8,317.9,60.3,17.1,-1.0,0.0,0.0,0.0,0.0,0.355,1
1549,6.37,34.1,33.4,274.6,2.59,2.47,moderate,sandy loam,136.7,11.0,none,river,1087.2,other,hemp,0,15.0,557.5,83.2,10.1,-1.0,0.0,0.0,0.0,0.0,0.345,1
1550,6.94,28.6,14.9,102.1,3.18,3.62,moderate,sandy loam,300.5,13.3,flood,river,346.6,narli,fallow,0,14.0,249.9,67.7,21.1,1.0,0.0,0.0,0.0,24.111,0.373,1
1551,7.45,25.2,23.7,178.3,5.78,3.5,moderate,silty clay loam,326.5,15.4,flood,river,97.7,vezir,sunflower,0,26.0,270.5,59.2,22.7,0.5,0.0,0.0,0.0,24.084,0.246,1
1552,6.74,20.5,32.9,230.5,1.07,1.74,moderate,loam,435.1,8.1,flood,rain,60.9,narli,hemp,0,25.6,554.9,50.5,23.3,-1.0,2.569,0.0,0.0,3.625,0.495,1
1553,6.65,60.3,40.1,256.6,6.29,0.49,moderate,silt loam,45.0,9.4,drip,well,591.7,narli,legume,1,21.0,456.8,64.1,22.9,3.0,0.0,0.0,0.0,5.422,0.466,1
1554,5.11,79.9,25.7,137.8,5.77,1.75,excellent,clay loam,561.0,1.6,sprinkler,rain,616.5,vezir,fallow,0,26.2,232.0,49.5,16.2,1.0,0.0,0.0,0.0,18.587,0.347,1
1555,7.26,52.6,15.2,62.2,5.92,0.7,poor,silt loam,510.4,16.4,none,river,449.6,narli,hemp,1,12.8,476.0,49.2,14.0,-1.0,0.0,0.0,0.0,0.0,0.209,0
1556,6.6,49.4,14.4,110.8,3.54,2.18,good,loam,108.6,17.4,sprinkler,river,166.0,vezir,other,0,34.0,314.0,36.9,14.2,0.0,0.0,0.0,0.0,12.694,0.198,0
1557,7.65,34.0,31.7,171.3,3.21,1.31,good,clay loam,336.7,1.7,sprinkler,municipal,833.8,narli,hemp,0,24.2,411.6,58.9,14.9,-1.0,0.0,0.0,0.0,8.62,0.506,1
1558,7.75,50.4,28.0,139.4,1.07,2.99,excellent,sandy loam,377.9,1.7,sprinkler,well,499.3,narli,legume,0,10.1,263.5,53.1,18.2,3.0,0.0,0.0,0.0,16.934,0.395,1
1559,6.74,32.2,12.3,78.3,3.23,0.45,moderate,loam,209.6,0.7,none,river,1085.1,vezir,legume,0,13.6,644.8,72.2,11.8,3.0,0.0,0.18,0.0,0.0,0.505,1
1560,5.28,18.4,28.3,94.4,1.58,0.35,poor,clay loam,90.2,17.6,flood,municipal,522.3,other,sunflower,1,28.6,451.9,66.8,15.1,0.5,1.045,0.0,0.0,9.993,0.151,0
1561,6.24,43.7,37.9,200.3,1.87,1.73,moderate,silt loam,366.9,2.4,none,river,410.4,vezir,legume,1,33.5,225.0,44.3,23.0,3.0,0.0,0.0,0.0,0.0,0.251,0
1562,6.19,36.2,23.7,97.1,4.2,3.87,good,clay loam,275.4,6.7,flood,well,416.6,narli,hemp,1,12.1,506.7,78.2,18.7,-1.0,0.0,0.0,0.0,5.463,0.525,1
1563,5.37,49.3,42.9,175.0,4.87,3.39,poor,clay loam,493.1,12.4,sprinkler,well,535.5,narli,sunflower,0,11.1,183.3,43.1,13.7,0.5,0.0,0.0,0.0,13.625,0.184,0
1564,7.66,77.8,24.3,76.4,4.7,0.9,poor,clay loam,539.5,19.5,flood,well,639.2,narli,other,0,24.1,305.1,82.2,19.2,0.0,0.0,0.0,0.0,18.9,0.192,0
1565,7.94,20.9,26.2,254.2,1.49,0.21,poor,loam,397.1,1.3,drip,river,508.1,other,cereal,0,25.9,411.2,76.4,11.2,0.0,0.871,0.0,0.0,8.732,0.237,0
1566,6.14,77.1,23.6,62.7,1.35,0.35,good,silt loam,516.4,17.3,drip,rain,617.2,narli,sunflower,1,19.4,290.1,48.6,19.6,0.5,0.0,0.0,0.0,12.872,0.505,1
1567,6.42,72.0,32.4,267.4,1.79,3.65,moderate,loam,152.7,18.6,none,municipal,156.4,narli,legume,0,21.8,350.2,46.2,21.3,3.0,0.0,0.0,0.0,0.0,0.363,1
1568,6.84,30.5,42.0,153.0,2.75,0.35,excellent,silt loam,266.3,7.5,sprinkler,well,1042.3,vezir,fallow,0,8.3,166.9,51.2,21.5,1.0,0.0,0.0,0.0,26.506,0.429,1
1569,5.67,58.8,31.7,223.4,5.34,2.57,poor,clay loam,335.1,18.7,drip,rain,598.4,other,other,0,20.2,337.9,40.6,21.2,0.0,0.0,0.0,0.0,10.665,0.213,0
1570,5.97,70.8,18.3,122.4,2.69,2.04,moderate,silt loam,427.2,8.5,none,river,486.6,other,hemp,1,26.0,401.0,53.0,21.7,-1.0,0.0,0.0,0.0,0.0,0.365,1
1571,5.15,78.9,37.4,107.1,1.1,3.66,poor,silty clay loam,209.9,9.1,none,municipal,715.8,other,fallow,1,23.2,313.8,74.4,23.1,1.0,0.0,0.0,0.0,0.0,0.221,0
1572,5.2,32.3,35.0,145.9,3.78,1.65,moderate,silty clay loam,371.3,19.7,flood,well,480.1,other,legume,1,17.4,284.7,75.6,20.1,3.0,0.0,0.0,0.0,20.604,0.211,0
1573,7.68,54.7,26.9,177.2,5.05,2.66,excellent,silty clay loam,483.5,2.4,drip,river,1056.8,narli,hemp,0,17.0,219.8,62.7,20.9,-1.0,0.0,0.0,0.0,16.817,0.558,1
1574,6.17,47.4,20.8,241.4,4.9,0.94,good,clay loam,91.5,4.3,none,well,1054.6,vezir,legume,1,29.4,398.4,70.4,12.6,3.0,0.0,0.0,0.0,0.0,0.521,1
1575,5.3,73.2,34.7,62.6,2.39,0.24,moderate,clay loam,171.3,8.4,none,well,687.0,other,sunflower,1,9.4,579.7,51.5,17.9,0.5,0.0,0.0,0.0,0.0,0.307,0
1576,7.71,67.4,8.1,228.5,3.0,2.79,excellent,clay loam,372.5,21.3,sprinkler,rain,339.0,narli,hemp,1,23.8,376.9,46.1,20.1,-1.0,0.0,2.061,0.0,10.323,0.324,1
1577,5.96,21.6,40.9,76.2,4.61,0.3,poor,clay loam,210.3,8.5,drip,river,957.9,vezir,fallow,1,22.2,538.1,49.4,20.2,1.0,0.0,0.0,0.0,2.638,0.326,1
1578,5.68,26.1,9.2,166.5,2.37,3.04,excellent,sandy loam,565.9,16.8,flood,river,651.5,narli,cereal,0,34.6,637.5,63.1,16.2,0.0,0.0,1.396,0.0,0.0,0.182,0
1579,7.84,51.0,13.2,202.9,3.84,2.51,moderate,clay loam,59.2,2.8,sprinkler,well,1019.4,other,sunflower,1,24.2,429.6,73.6,13.4,0.5,0.0,0.0,0.0,7.982,0.433,1
1580,7.66,67.3,28.1,81.1,5.36,1.84,good,silty clay loam,174.6,4.1,flood,municipal,353.3,vezir,hemp,0,8.4,310.4,46.6,15.0,-1.0,0.0,0.0,0.0,20.72,0.31,1
1581,7.0,65.6,9.0,182.2,1.99,2.64,moderate,silty clay loam,595.6,1.7,sprinkler,municipal,551.5,other,fallow,0,34.0,407.7,71.8,13.1,1.0,0.0,1.594,0.0,9.299,0.205,0
1582,7.65,67.4,16.7,223.6,3.45,0.16,excellent,clay loam,415.0,11.1,none,river,846.8,narli,legume,1,29.3,184.5,56.5,11.3,3.0,0.0,0.0,0.0,0.0,0.449,1
1583,5.62,22.4,15.0,210.7,2.27,2.02,poor,clay loam,24.9,20.9,none,river,49.7,narli,fallow,0,31.7,598.1,49.3,22.9,1.0,0.0,0.0,0.0,0.0,0.127,0
1584,5.55,32.6,44.0,125.7,2.64,2.28,excellent,loam,105.5,19.4,flood,well,849.2,vezir,cereal,0,24.4,317.6,79.6,15.4,0.0,0.0,0.0,0.0,18.491,0.393,1
1585,7.72,63.6,9.3,136.0,4.02,2.68,poor,loam,202.0,21.5,flood,well,1014.0,other,legume,0,28.3,544.8,77.5,17.6,3.0,0.0,1.453,0.0,3.736,0.158,0
1586,5.98,60.8,45.0,223.7,4.96,3.14,excellent,silt loam,190.8,4.5,flood,municipal,80.0,other,sunflower,0,34.3,610.6,81.2,19.3,0.5,0.0,0.0,0.0,0.0,0.275,0
1587,6.18,47.4,19.7,222.0,4.74,0.24,poor,sandy loam,150.0,6.0,drip,municipal,963.0,vezir,other,0,9.4,465.0,36.0,11.0,0.0,0.0,0.0,0.0,6.133,0.23,0
1588,6.56,15.4,9.8,68.8,2.62,0.19,excellent,silt loam,512.6,5.9,none,rain,590.7,narli,sunflower,0,22.5,370.4,43.5,15.7,0.5,0.245,1.374,0.0,0.0,0.699,1
1589,5.95,42.4,11.1,102.3,1.22,1.93,good,sandy loam,71.7,11.4,sprinkler,well,876.0,vezir,sunflower,1,25.8,179.9,68.8,15.2,0.5,0.0,0.665,0.0,20.309,0.612,1
1590,5.06,71.4,42.4,75.5,3.73,0.38,excellent,silt loam,299.0,17.8,none,river,904.0,narli,other,1,34.0,264.3,76.1,19.8,0.0,0.0,0.0,0.0,0.0,0.123,0
1591,6.24,31.5,18.8,143.5,3.31,1.53,moderate,silt loam,416.2,2.3,sprinkler,river,569.2,narli,legume,0,29.5,582.0,66.6,13.8,3.0,0.0,0.0,0.0,0.887,0.315,1
1592,6.79,61.2,36.9,160.7,4.94,3.92,poor,silt loam,551.0,6.9,flood,well,980.2,other,other,1,17.2,530.4,62.2,22.6,0.0,0.0,0.0,0.0,4.417,0.323,1
1593,7.4,47.1,8.7,270.7,5.14,1.97,excellent,clay loam,485.6,18.9,none,river,509.0,narli,sunflower,1,31.1,325.3,63.1,22.0,0.5,0.0,1.478,0.0,0.0,0.222,0
1594,5.92,43.3,24.9,153.5,6.23,3.04,poor,silty clay loam,89.9,4.6,flood,river,431.0,vezir,cereal,1,25.8,455.6,40.7,16.1,0.0,0.0,0.0,0.0,8.851,0.305,1
1595,6.34,52.4,9.0,142.4,4.59,2.96,moderate,silty clay loam,398.2,18.2,none,rain,70.1,vezir,sunflower,0,20.9,390.7,76.2,11.6,0.5,0.0,1.701,0.0,0.0,0.277,1
1596,7.78,23.8,21.5,269.4,1.1,0.43,good,silt loam,168.5,6.6,flood,rain,897.2,narli,sunflower,1,25.0,395.3,82.5,13.7,0.5,0.018,0.0,0.0,15.039,0.488,1
1597,7.83,76.1,32.9,106.3,5.55,2.79,moderate,sandy loam,431.0,21.6,drip,municipal,1048.2,narli,other,0,20.7,516.9,41.5,18.8,0.0,0.0,0.0,0.0,3.226,0.263,0
1598,6.52,51.2,10.2,217.8,4.2,1.16,moderate,clay loam,493.8,1.0,none,rain,895.8,other,legume,0,13.1,382.3,69.1,14.3,3.0,0.0,0.992,0.0,0.0,0.452,1
1599,7.08,18.0,43.5,192.7,3.19,0.5,good,loam,297.4,19.2,none,municipal,170.7,vezir,legume,0,15.8,647.5,64.3,15.5,3.0,0.0,0.0,0.0,0.0,0.458,1
1600,7.06,67.2,20.7,98.7,1.2,1.61,poor,silt loam,267.7,10.7,drip,rain,694.9,narli,cereal,1,26.1,160.6,38.2,13.0,0.0,0.0,0.0,0.0,17.957,0.346,1
1601,5.9,26.6,44.5,186.3,4.94,3.06,good,silty clay loam,183.2,12.4,drip,rain,746.6,other,sunflower,0,24.6,209.0,69.7,18.0,0.5,0.0,0.0,0.0,16.885,0.496,1
1602,5.32,25.1,25.1,191.9,1.52,1.8,good,silty clay loam,222.3,21.5,sprinkler,well,894.5,narli,fallow,0,28.2,179.8,53.4,23.3,1.0,0.0,0.0,0.0,18.973,0.299,0
1603,5.87,27.3,33.0,218.6,2.96,3.46,good,loam,327.3,6.9,sprinkler,rain,797.1,narli,sunflower,0,25.0,312.3,71.8,10.1,0.5,0.0,0.0,0.0,11.513,0.695,1
1604,7.05,20.2,24.8,105.0,1.41,0.72,poor,silt loam,224.5,3.9,none,river,320.2,other,other,1,28.9,405.5,69.5,12.0,0.0,1.461,0.0,0.0,0.0,0.325,0
1605,7.64,49.2,38.8,249.3,1.44,0.77,excellent,clay loam,116.1,11.0,flood,rain,871.5,vezir,fallow,1,16.0,371.6,70.2,22.0,1.0,0.0,0.0,0.0,13.559,0.414,1
1606,5.94,69.3,18.4,223.6,3.67,0.39,poor,loam,30.6,0.9,drip,well,517.0,narli,fallow,1,24.1,552.2,47.5,19.6,1.0,0.0,0.0,0.0,2.163,0.348,1
1607,6.86,29.4,21.2,66.6,4.2,1.54,poor,sandy loam,37.6,2.9,flood,municipal,418.9,vezir,cereal,0,10.5,259.4,37.9,10.6,0.0,0.0,0.0,0.0,21.895,0.231,0
1608,6.7,21.0,43.2,139.1,6.23,3.23,moderate,sandy loam,127.2,2.7,none,river,509.4,narli,fallow,0,25.1,172.1,77.1,22.2,1.0,0.0,0.0,0.0,0.0,0.614,1
1609,7.94,55.1,13.8,250.3,6.22,2.74,good,sandy loam,590.0,9.4,sprinkler,rain,381.4,other,fallow,0,18.9,235.5,67.5,22.0,1.0,0.0,0.0,0.0,16.001,0.486,1
1610,7.5,68.9,11.1,242.6,4.91,0.22,poor,silt loam,216.6,2.3,flood,river,1016.5,other,legume,0,16.9,633.5,79.7,22.9,3.0,0.0,0.658,0.0,0.0,0.27,0
1611,7.67,71.1,37.5,275.9,3.72,1.99,excellent,clay loam,48.8,7.5,flood,rain,181.6,vezir,sunflower,1,15.4,239.7,55.0,13.7,0.5,0.0,0.0,0.0,24.222,0.653,1
1612,6.5,64.2,36.9,227.2,2.86,1.11,poor,silty clay loam,112.4,17.2,drip,well,344.1,other,legume,1,18.0,428.2,82.4,17.9,3.0,0.0,0.0,0.0,7.818,0.19,0
1613,7.21,39.8,43.4,255.3,2.44,2.96,poor,silt loam,545.6,6.5,sprinkler,municipal,847.0,other,hemp,0,25.0,415.0,38.0,14.9,-1.0,0.0,0.0,0.0,9.574,0.347,1
1614,6.54,42.0,36.5,98.9,3.8,3.52,excellent,sandy loam,190.1,6.0,none,well,338.4,narli,hemp,0,25.8,189.3,67.7,10.6,-1.0,0.0,0.0,0.0,0.0,0.59,1
1615,5.68,63.6,37.1,146.1,5.05,2.76,good,silt loam,90.5,10.4,drip,municipal,60.8,vezir,hemp,1,26.6,585.4,52.4,23.5,-1.0,0.0,0.0,0.0,0.739,0.527,1
1616,7.74,51.0,14.6,122.5,3.02,1.88,poor,silty clay loam,382.6,20.3,none,well,488.1,vezir,cereal,0,24.3,229.7,76.4,17.7,0.0,0.0,0.0,0.0,0.0,0.192,0
1617,5.45,38.6,24.7,98.9,3.0,1.99,moderate,loam,265.2,18.3,flood,well,986.9,other,fallow,1,26.5,172.5,64.7,21.3,1.0,0.0,0.0,0.0,25.666,0.204,0
1618,6.77,70.1,44.6,178.7,1.5,2.72,moderate,silt loam,458.1,17.6,drip,river,468.1,other,legume,0,22.6,224.4,59.5,19.2,3.0,0.0,0.0,0.0,14.978,0.355,1
1619,7.15,44.7,16.4,141.8,2.85,1.47,poor,silt loam,91.5,9.9,none,well,490.4,vezir,cereal,0,19.0,552.6,52.4,22.0,0.0,0.0,0.0,0.0,0.0,0.389,1
1620,5.4,38.4,44.3,142.7,3.68,3.71,poor,silty clay loam,105.9,7.5,flood,municipal,69.7,other,legume,1,15.2,456.3,63.0,23.0,3.0,0.0,0.0,0.0,8.712,0.254,0
1621,7.52,74.5,31.5,123.3,1.64,0.32,poor,sandy loam,273.5,7.4,flood,municipal,1091.7,narli,other,0,29.3,265.7,36.4,10.1,0.0,0.0,0.0,0.0,24.439,0.204,0
1622,7.14,15.1,27.7,213.2,6.23,2.04,poor,clay loam,180.0,19.0,sprinkler,rain,422.8,narli,sunflower,1,31.9,638.8,66.8,23.3,0.5,0.0,0.0,0.0,0.0,0.147,0
1623,6.73,25.4,24.9,117.8,1.62,0.83,poor,silt loam,554.3,17.6,drip,municipal,1008.8,vezir,sunflower,0,32.4,404.0,35.0,14.0,0.5,0.0,0.0,0.0,8.429,0.133,0
1624,5.98,15.2,14.1,129.2,2.01,1.54,moderate,silty clay loam,229.2,7.4,flood,well,146.4,vezir,cereal,1,10.2,550.5,62.6,16.6,0.0,2.071,0.0,0.0,3.402,0.391,1
1625,7.24,22.8,27.6,118.8,3.82,1.5,poor,silt loam,79.1,1.0,drip,rain,299.0,narli,sunflower,0,18.1,315.6,64.0,22.8,0.5,0.0,0.0,0.0,12.537,0.384,1
1626,6.87,66.0,22.2,185.8,6.05,1.13,moderate,silty clay loam,290.0,13.7,drip,river,748.3,narli,cereal,0,18.1,175.6,55.6,15.8,0.0,0.0,0.0,0.0,20.752,0.463,1
1627,6.83,34.3,11.2,201.9,3.94,3.27,moderate,clay loam,245.8,6.7,sprinkler,rain,341.3,vezir,sunflower,0,13.3,478.9,80.1,23.6,0.5,0.0,0.608,0.0,5.969,0.415,1
1628,6.26,64.4,21.6,225.9,4.21,3.97,good,clay loam,426.7,17.5,drip,rain,686.8,other,hemp,0,29.1,269.9,68.7,10.6,-1.0,0.0,0.0,0.0,12.877,0.341,1
1629,6.58,64.3,11.8,185.4,1.02,0.67,poor,silty clay loam,441.2,14.7,none,well,299.2,narli,sunflower,1,30.5,608.5,81.4,16.0,0.5,0.0,0.395,0.0,0.0,0.198,0
1630,5.13,25.4,19.6,221.4,4.33,3.81,moderate,clay loam,312.0,8.2,none,river,592.3,other,fallow,0,12.0,245.0,77.7,17.9,1.0,0.0,0.0,0.0,0.0,0.269,0
1631,6.89,45.3,11.7,212.3,3.18,0.51,excellent,loam,254.2,11.8,sprinkler,well,969.7,other,fallow,1,8.4,537.5,79.9,21.9,1.0,0.0,0.361,0.0,3.608,0.366,1
1632,6.46,18.1,34.9,96.0,1.95,2.72,excellent,silt loam,312.1,1.0,drip,rain,664.5,narli,other,1,26.0,454.8,57.8,18.5,0.0,1.084,0.0,0.0,5.786,0.704,1
1633,6.85,74.4,20.8,219.6,2.42,2.17,excellent,silty clay loam,352.6,20.8,flood,river,227.8,vezir,sunflower,0,32.8,378.9,71.8,11.9,0.5,0.0,0.0,0.0,19.587,0.257,0
1634,7.06,42.5,23.6,220.0,2.64,1.35,excellent,silt loam,149.1,1.0,none,well,929.2,narli,hemp,0,32.9,471.2,51.7,22.9,-1.0,0.0,0.0,0.0,0.0,0.32,1
1635,5.86,73.2,20.3,270.0,3.68,3.81,poor,loam,386.4,10.0,drip,municipal,904.0,narli,hemp,0,18.5,218.8,59.0,18.4,-1.0,0.0,0.0,0.0,16.138,0.346,1
1636,7.93,25.3,16.4,237.6,2.94,3.47,excellent,clay loam,272.1,1.2,flood,well,1015.3,vezir,fallow,1,32.7,276.5,35.7,11.6,1.0,0.0,0.0,0.0,21.835,0.227,0
1637,6.53,35.6,23.8,198.8,2.74,1.44,good,loam,172.6,12.6,none,rain,510.8,other,cereal,0,9.5,381.6,41.8,20.1,0.0,0.0,0.0,0.0,0.0,0.341,1
1638,5.94,65.3,11.9,173.7,3.41,3.7,moderate,silty clay loam,256.1,12.1,sprinkler,river,685.4,narli,fallow,0,24.4,345.1,42.8,19.1,1.0,0.0,0.401,0.0,11.469,0.398,1
1639,5.26,29.7,22.9,169.4,4.53,0.3,good,loam,304.6,20.4,flood,river,463.3,vezir,cereal,0,8.1,349.4,37.6,11.1,0.0,0.0,0.0,0.0,16.712,0.189,0
1640,7.48,53.1,24.1,122.6,5.31,2.31,poor,sandy loam,47.2,2.8,none,municipal,921.3,other,sunflower,1,33.5,617.7,47.4,10.8,0.5,0.0,0.0,0.0,0.0,0.12,0
1641,7.18,71.0,32.1,94.4,5.52,3.65,good,loam,496.4,3.3,none,river,81.0,narli,cereal,1,34.8,336.8,73.7,15.6,0.0,0.0,0.0,0.0,0.0,0.256,0
1642,7.04,41.3,41.6,250.2,5.48,0.46,good,sandy loam,390.8,8.2,drip,rain,311.3,narli,hemp,0,32.5,278.6,50.5,18.1,-1.0,0.0,0.0,0.0,15.934,0.329,1
1643,5.18,35.8,15.1,169.8,3.7,3.41,poor,sandy loam,597.7,0.8,flood,municipal,227.6,other,fallow,0,17.3,449.8,80.0,16.9,1.0,0.0,0.0,0.0,10.546,0.263,0
1644,5.21,37.4,20.0,271.7,6.3,2.98,moderate,loam,48.8,19.0,none,municipal,806.8,narli,other,1,34.1,216.9,83.0,16.4,0.0,0.0,0.0,0.0,0.0,0.101,0
1645,7.11,37.4,24.9,154.3,6.05,2.05,good,sandy loam,191.1,18.9,none,rain,159.8,other,other,0,27.4,606.8,59.0,21.0,0.0,0.0,0.0,0.0,0.0,0.416,1
1646,5.31,66.7,23.2,198.1,5.36,3.49,poor,sandy loam,365.9,10.0,flood,municipal,1083.0,other,fallow,1,23.4,183.0,66.8,11.8,1.0,0.0,0.0,0.0,30.507,0.177,0
1647,5.15,74.8,36.4,122.5,4.26,0.11,good,clay loam,347.0,12.7,flood,municipal,266.9,other,sunflower,0,17.5,208.5,42.4,20.8,0.5,0.0,0.0,0.0,26.024,0.419,1
1648,6.4,16.7,36.6,151.2,4.59,0.38,moderate,silty clay loam,210.7,14.4,sprinkler,municipal,1027.6,other,other,0,32.7,578.4,66.0,20.4,0.0,0.0,0.0,0.0,0.986,0.218,0
1649,7.38,26.9,19.4,93.5,6.35,2.09,good,silt loam,172.3,11.2,sprinkler,rain,706.5,vezir,legume,0,18.0,164.1,36.3,15.2,3.0,0.0,0.0,0.0,20.053,0.521,1
1650,7.01,27.1,23.0,265.0,4.93,3.51,moderate,loam,267.9,10.2,drip,rain,674.9,narli,sunflower,0,9.1,406.7,84.9,20.4,0.5,0.0,0.0,0.0,7.622,0.309,1
1651,7.91,27.4,29.8,155.6,5.59,1.62,poor,silty clay loam,194.3,6.5,drip,river,1080.3,vezir,hemp,0,32.0,226.8,43.3,21.3,-1.0,0.0,0.0,0.0,12.509,0.176,0
1652,5.31,54.2,29.4,96.5,6.11,1.84,excellent,sandy loam,229.4,7.6,sprinkler,river,1058.1,narli,other,0,33.4,263.9,74.6,13.0,0.0,0.0,0.0,0.0,14.149,0.24,0
1653,5.28,45.2,21.3,71.1,1.62,0.18,poor,sandy loam,119.5,11.9,flood,municipal,978.8,other,other,0,31.4,382.0,73.4,14.9,0.0,0.0,0.0,0.0,15.314,0.174,0
1654,5.16,57.2,23.6,81.0,4.85,1.39,moderate,clay loam,504.1,8.7,sprinkler,river,808.6,vezir,other,0,30.4,233.9,78.5,23.4,0.0,0.0,0.0,0.0,18.352,0.23,0
1655,6.83,35.6,11.3,224.3,2.91,2.71,moderate,silty clay loam,305.4,19.0,drip,rain,371.2,other,cereal,0,16.4,475.5,47.6,18.5,0.0,0.0,0.624,0.0,4.631,0.271,0
1656,6.98,35.5,33.1,273.7,5.18,2.64,moderate,silt loam,408.1,12.4,drip,river,848.3,vezir,other,1,17.6,576.9,46.4,18.9,0.0,0.0,0.0,0.0,0.991,0.478,1
1657,6.05,57.0,12.4,66.7,2.05,2.65,excellent,clay loam,95.7,0.9,flood,well,315.8,other,sunflower,0,33.7,188.6,55.4,15.6,0.5,0.0,0.152,0.0,29.282,0.302,1
1658,6.0,61.6,16.7,278.9,5.23,0.1,moderate,clay loam,399.3,7.9,none,municipal,518.4,vezir,other,0,30.6,347.4,72.3,22.4,0.0,0.0,0.0,0.0,0.0,0.384,1
1659,5.01,48.8,30.7,234.3,5.41,0.69,moderate,sandy loam,374.9,6.9,none,river,146.7,other,hemp,0,31.3,568.9,76.9,23.3,-1.0,0.0,0.0,0.0,0.0,0.201,0
1660,7.51,15.8,15.5,252.5,2.63,2.22,poor,clay loam,431.4,2.0,none,river,645.1,narli,fallow,0,18.2,325.8,37.8,11.6,1.0,0.0,0.0,0.0,0.0,0.332,1
1661,6.38,36.6,10.2,86.1,3.53,3.38,excellent,clay loam,373.1,15.0,drip,municipal,465.4,narli,fallow,0,18.5,174.3,58.1,18.6,1.0,0.0,1.098,0.0,19.823,0.616,1
1662,6.53,16.2,32.8,167.8,3.84,2.88,excellent,silty clay loam,332.7,20.0,sprinkler,municipal,859.9,vezir,sunflower,0,34.6,520.4,61.9,16.0,0.5,0.0,0.0,0.0,3.709,0.16,0
1663,7.34,17.3,34.4,74.3,2.78,2.0,good,silty clay loam,593.0,0.8,sprinkler,river,435.4,narli,other,0,9.8,313.8,57.3,20.2,0.0,0.0,0.0,0.0,10.84,0.397,1
1664,5.55,34.1,38.8,127.9,4.35,3.34,poor,loam,280.6,9.5,flood,well,633.3,other,other,1,29.9,258.3,40.3,22.7,0.0,0.0,0.0,0.0,23.195,0.215,0
1665,7.49,19.1,11.9,220.0,4.9,1.59,poor,sandy loam,179.9,10.0,drip,municipal,486.8,vezir,sunflower,0,9.6,323.6,75.3,10.9,0.5,0.0,0.399,0.0,9.643,0.157,0
1666,6.48,51.7,11.4,250.4,4.44,0.38,moderate,clay loam,478.0,12.0,drip,well,693.5,vezir,other,1,19.4,611.1,38.6,23.5,0.0,0.0,0.639,0.0,0.0,0.473,1
1667,5.31,64.4,33.3,243.8,2.53,3.88,excellent,clay loam,49.1,21.3,flood,municipal,618.7,vezir,other,1,24.8,389.8,70.6,18.3,0.0,0.0,0.0,0.0,16.627,0.431,1
1668,5.1,18.8,11.1,74.2,5.33,3.47,poor,clay loam,221.6,12.5,none,river,855.0,other,sunflower,0,25.1,384.1,48.2,23.4,0.5,0.0,0.625,0.0,0.0,0.204,0
1669,6.09,53.9,9.4,62.2,5.73,3.26,moderate,loam,172.2,13.9,sprinkler,river,498.5,vezir,other,0,9.5,313.7,50.3,19.5,0.0,0.0,1.276,0.0,12.08,0.231,0
1670,7.22,32.2,33.7,116.3,5.33,0.46,poor,sandy loam,90.0,14.4,flood,rain,457.8,vezir,legume,0,18.0,637.0,45.5,17.6,3.0,0.0,0.0,0.0,0.0,0.265,0
1671,6.08,47.8,16.0,168.9,1.65,1.35,moderate,silt loam,106.8,21.6,sprinkler,river,321.1,vezir,other,1,27.9,434.5,74.9,16.8,0.0,0.0,0.0,0.0,8.406,0.282,0
1672,5.02,27.8,16.2,64.2,3.31,1.11,good,silt loam,437.9,1.5,flood,river,682.1,vezir,legume,0,26.3,229.6,54.0,15.1,3.0,0.0,0.0,0.0,26.734,0.421,1
1673,7.3,72.0,13.8,200.8,5.78,3.81,moderate,clay loam,31.3,1.8,flood,river,912.5,narli,hemp,1,13.5,503.4,39.1,15.7,-1.0,0.0,0.0,0.0,7.17,0.472,1
1674,7.55,56.3,24.6,65.4,5.26,3.36,poor,silt loam,563.6,10.0,flood,rain,939.3,other,fallow,0,19.4,518.1,39.5,23.8,1.0,0.0,0.0,0.0,5.701,0.292,0
1675,7.55,31.1,14.8,265.7,4.03,3.99,moderate,loam,399.7,17.2,none,municipal,509.1,other,sunflower,0,28.5,393.4,73.0,13.8,0.5,0.0,0.0,0.0,0.0,0.185,0
1676,5.46,26.0,8.4,272.2,4.61,3.16,excellent,silt loam,412.4,17.7,sprinkler,rain,151.8,other,legume,0,23.1,591.2,53.8,22.8,3.0,0.0,1.8,0.0,0.376,0.321,1
1677,7.85,57.8,27.6,174.1,1.84,0.65,excellent,loam,585.1,11.6,none,well,350.6,narli,hemp,0,26.9,547.5,40.3,10.8,-1.0,0.0,0.0,0.0,0.0,0.461,1
1678,6.0,77.0,36.0,260.8,2.74,0.23,excellent,silty clay loam,194.0,3.5,flood,river,610.9,other,fallow,0,29.4,150.8,83.3,17.7,1.0,0.0,0.0,0.0,28.594,0.497,1
1679,7.69,44.9,18.4,223.8,6.03,0.9,excellent,sandy loam,161.8,21.4,drip,municipal,1080.1,other,fallow,1,29.1,286.0,75.1,16.8,1.0,0.0,0.0,0.0,14.276,0.311,0
1680,7.14,47.1,26.3,151.7,5.75,3.15,moderate,sandy loam,434.8,2.1,drip,municipal,271.6,vezir,other,1,28.8,641.7,63.5,16.8,0.0,0.0,0.0,0.0,0.0,0.446,1
1681,7.28,17.1,38.0,246.6,3.6,1.9,poor,loam,80.8,3.9,none,municipal,688.6,vezir,sunflower,1,13.9,215.6,45.6,11.9,0.5,0.0,0.0,0.0,0.0,0.299,1
1682,5.53,30.9,13.2,248.3,3.89,2.25,poor,silty clay loam,204.1,18.0,drip,rain,256.1,vezir,legume,1,11.5,376.8,78.8,11.3,3.0,0.0,0.0,0.0,8.999,0.145,0
1683,7.7,19.5,30.3,244.6,5.17,0.35,excellent,loam,110.5,12.2,drip,well,252.6,vezir,legume,1,31.0,476.3,63.0,21.9,3.0,0.0,0.0,0.0,6.177,0.342,1
1684,5.83,55.0,11.0,215.0,5.49,0.24,excellent,clay loam,102.8,11.1,drip,municipal,413.6,other,other,0,22.9,367.0,77.1,12.9,0.0,0.0,0.602,0.0,12.155,0.514,1
1685,6.21,27.2,12.9,274.3,1.2,3.39,good,clay loam,564.2,10.9,drip,municipal,738.8,other,sunflower,1,14.0,212.8,64.6,16.2,0.5,0.0,0.0,0.0,12.887,0.438,1
1686,7.38,34.1,8.0,128.1,4.51,0.89,excellent,clay loam,215.7,5.6,drip,river,879.0,narli,other,0,33.8,331.0,48.9,13.1,0.0,0.0,1.958,0.0,11.16,0.333,0
1687,5.31,24.2,22.0,139.3,1.51,1.31,moderate,sandy loam,175.4,8.3,drip,river,643.7,other,sunflower,0,17.7,508.3,71.3,23.3,0.5,0.0,0.0,0.0,3.738,0.358,1
1688,6.51,64.6,41.8,64.7,2.17,0.11,excellent,silt loam,81.0,11.7,drip,rain,823.7,other,legume,0,28.7,166.2,83.5,11.7,3.0,0.0,0.0,0.0,20.894,0.398,1
1689,7.41,33.2,11.5,146.1,1.88,0.67,good,loam,445.4,15.0,flood,rain,601.0,other,other,0,28.5,399.5,82.8,10.1,0.0,0.0,0.539,0.0,15.381,0.333,1
1690,6.46,72.8,38.7,144.4,4.7,0.99,excellent,clay loam,456.2,2.4,flood,river,800.4,other,other,0,26.5,441.0,56.9,14.1,0.0,0.0,0.0,0.0,11.627,0.748,1
1691,5.15,24.4,30.8,64.1,3.35,2.37,good,clay loam,133.6,7.3,flood,river,896.4,other,cereal,0,13.5,464.6,36.9,21.0,0.0,0.0,0.0,0.0,9.671,0.43,1
1692,6.93,22.6,34.3,206.3,3.43,0.69,moderate,clay loam,23.5,6.9,none,well,867.1,narli,cereal,1,12.6,311.5,80.8,19.3,0.0,0.0,0.0,0.0,0.0,0.538,1
1693,7.72,37.5,42.3,168.2,2.46,0.22,excellent,loam,586.9,10.2,drip,municipal,853.1,vezir,fallow,1,11.1,244.0,45.2,20.6,1.0,0.0,0.0,0.0,14.361,0.358,1
1694,7.28,77.4,40.9,179.5,5.41,1.75,good,clay loam,572.3,3.4,drip,rain,327.7,vezir,other,0,33.4,389.8,48.0,17.8,0.0,0.0,0.0,0.0,8.097,0.301,0
1695,7.04,57.2,45.0,267.4,2.36,3.94,moderate,silt loam,291.7,0.8,sprinkler,rain,149.4,narli,fallow,1,17.0,566.3,47.5,17.4,1.0,0.0,0.0,0.0,1.608,0.548,1
1696,5.56,75.2,40.2,179.1,3.25,3.35,poor,silty clay loam,462.3,3.1,drip,municipal,220.5,narli,fallow,0,31.8,575.1,51.9,10.2,1.0,0.0,0.0,0.0,1.052,0.197,0
1697,6.69,49.3,8.7,222.3,4.51,1.91,excellent,silty clay loam,102.5,15.3,drip,well,813.2,vezir,legume,0,31.8,439.3,36.8,15.0,3.0,0.0,1.265,0.0,6.733,0.265,0
1698,7.12,16.6,24.2,267.6,6.47,3.57,moderate,silty clay loam,283.7,9.8,sprinkler,municipal,285.3,other,other,1,29.6,356.6,56.2,14.4,0.0,0.0,0.0,0.0,11.417,0.329,1
1699,6.43,25.9,17.8,110.2,5.16,0.84,poor,silty clay loam,406.7,1.4,none,rain,846.0,other,legume,0,15.2,492.6,50.4,10.3,3.0,0.0,0.0,0.0,0.0,0.321,1
1700,6.73,48.0,22.2,212.9,1.47,2.57,excellent,sandy loam,560.9,17.9,drip,well,528.5,narli,cereal,0,13.0,268.9,72.5,16.2,0.0,0.0,0.0,0.0,14.216,0.385,1
1701,7.99,27.5,10.8,135.8,4.71,2.89,excellent,silty clay loam,102.9,3.2,drip,municipal,518.2,narli,legume,0,14.9,419.3,79.3,20.5,3.0,0.0,0.782,0.0,7.158,0.653,1
1702,7.8,66.6,23.4,127.2,5.96,3.96,poor,sandy loam,471.5,11.5,flood,river,456.9,narli,hemp,0,8.5,422.7,67.4,22.4,-1.0,0.0,0.0,0.0,12.375,0.14,0
1703,7.21,72.9,23.0,258.4,1.05,2.17,poor,silt loam,540.3,11.4,drip,river,323.8,vezir,other,1,22.2,235.2,38.3,12.9,0.0,0.0,0.0,0.0,16.971,0.273,0
1704,5.65,67.5,38.9,77.2,4.1,2.79,poor,loam,281.8,3.4,sprinkler,river,581.7,narli,sunflower,1,25.5,151.6,79.9,17.3,0.5,0.0,0.0,0.0,22.13,0.32,1
1705,6.74,62.1,15.3,211.9,3.24,3.26,moderate,loam,557.0,10.7,sprinkler,river,706.5,other,fallow,1,10.0,322.7,45.4,18.1,1.0,0.0,0.0,0.0,13.35,0.394,1
1706,5.27,40.8,10.3,71.3,2.31,2.06,poor,clay loam,460.4,10.3,drip,river,571.8,vezir,fallow,0,20.7,356.8,69.5,13.5,1.0,0.0,0.983,0.0,9.413,0.27,0
1707,5.22,49.5,32.8,157.7,4.49,2.45,good,silty clay loam,149.5,16.8,drip,river,1062.8,narli,hemp,0,22.0,286.9,63.6,13.5,-1.0,0.0,0.0,0.0,11.659,0.343,1
1708,5.45,76.5,36.7,69.4,1.92,1.27,excellent,sandy loam,518.7,2.3,none,river,269.7,narli,other,1,22.9,182.3,63.8,15.4,0.0,0.0,0.0,0.0,0.0,0.664,1
1709,5.0,34.2,11.9,276.6,5.75,0.24,moderate,clay loam,94.3,12.3,flood,municipal,454.9,narli,hemp,0,34.3,362.9,38.5,23.0,-1.0,0.0,0.364,0.0,12.099,0.134,0
1710,5.08,42.0,36.0,194.5,4.58,1.39,poor,loam,256.4,12.7,drip,rain,408.5,vezir,sunflower,1,19.1,424.4,67.2,23.4,0.5,0.0,0.0,0.0,7.867,0.194,0
1711,6.25,20.6,39.8,119.9,2.22,1.98,excellent,clay loam,535.7,8.3,sprinkler,municipal,1061.7,other,cereal,0,22.5,490.6,75.2,22.8,0.0,0.0,0.0,0.0,4.603,0.615,1
1712,5.5,64.3,40.8,143.0,2.55,1.15,good,sandy loam,125.8,18.4,none,rain,711.7,narli,legume,0,29.9,236.5,51.6,23.4,3.0,0.0,0.0,0.0,0.0,0.246,0
1713,6.31,41.7,36.3,189.6,1.01,3.35,poor,silt loam,144.0,6.0,sprinkler,rain,679.8,other,legume,0,18.1,309.5,41.0,17.3,3.0,0.0,0.0,0.0,14.677,0.299,1
1714,7.94,71.3,39.4,224.2,2.14,3.18,poor,loam,94.2,7.0,sprinkler,rain,877.9,other,sunflower,1,32.3,183.0,82.0,15.2,0.5,0.0,0.0,0.0,21.901,0.126,0
1715,7.92,59.6,32.7,207.3,5.15,3.16,excellent,sandy loam,525.4,7.8,flood,rain,247.0,other,other,0,30.6,207.9,63.6,10.1,0.0,0.0,0.0,0.0,25.767,0.348,1
1716,7.64,67.3,39.9,205.2,2.07,0.41,excellent,clay loam,32.1,15.4,flood,municipal,769.1,vezir,fallow,0,23.9,405.1,49.7,13.2,1.0,0.0,0.0,0.0,14.493,0.339,1
1717,7.54,38.5,22.5,63.7,4.06,1.15,moderate,clay loam,32.4,4.7,sprinkler,municipal,676.6,other,hemp,0,18.2,175.1,70.2,22.0,-1.0,0.0,0.0,0.0,17.001,0.407,1
1718,6.55,17.4,12.0,200.7,2.06,3.93,good,silty clay loam,278.0,7.7,sprinkler,rain,150.6,other,cereal,0,24.5,583.0,42.9,20.4,0.0,0.953,0.287,0.0,0.744,0.569,1
1719,5.21,25.6,37.3,120.4,5.67,1.36,excellent,silty clay loam,374.3,1.2,drip,rain,220.4,vezir,hemp,0,31.0,428.5,41.6,13.5,-1.0,0.0,0.0,0.0,6.467,0.357,1
1720,6.58,27.9,33.8,202.4,3.04,3.86,poor,silt loam,77.4,9.1,none,rain,1050.7,vezir,fallow,1,23.7,496.6,45.1,11.8,1.0,0.0,0.0,0.0,0.0,0.288,1
1721,6.41,36.3,24.7,276.0,5.45,0.22,good,silt loam,173.1,1.0,sprinkler,municipal,994.3,narli,fallow,0,22.3,338.5,64.4,15.7,1.0,0.0,0.0,0.0,12.008,0.61,1
1722,5.81,50.5,23.8,171.4,6.45,1.62,poor,silty clay loam,464.3,11.6,sprinkler,well,1085.9,vezir,legume,0,14.5,442.0,72.3,22.6,3.0,0.0,0.0,0.0,8.214,0.256,0
1723,5.16,24.0,19.1,135.6,1.83,2.29,poor,sandy loam,368.9,5.9,sprinkler,rain,319.4,narli,hemp,1,10.4,456.8,65.5,23.0,-1.0,0.0,0.0,0.0,6.488,0.196,0
1724,6.68,72.3,16.5,151.1,6.22,2.48,poor,sandy loam,344.7,14.4,none,rain,515.8,other,hemp,1,10.9,437.9,68.6,13.0,-1.0,0.0,0.0,0.0,0.0,0.232,0
1725,7.79,80.0,25.7,229.7,5.25,3.26,moderate,sandy loam,462.6,10.8,none,well,580.3,narli,hemp,0,19.9,532.6,61.4,11.0,-1.0,0.0,0.0,0.0,0.0,0.326,1
1726,7.37,22.8,8.4,103.5,5.09,1.7,good,silty clay loam,319.1,7.0,flood,rain,448.2,vezir,fallow,0,8.8,306.4,54.7,13.8,1.0,0.0,1.695,0.0,22.592,0.352,1
1727,5.33,45.2,14.3,259.1,4.59,3.41,moderate,silty clay loam,377.1,19.8,sprinkler,well,1010.5,other,fallow,1,8.5,273.0,54.3,10.4,1.0,0.0,0.0,0.0,14.256,0.146,0
1728,5.12,75.3,30.2,252.8,2.03,3.16,good,loam,487.6,0.8,flood,well,1022.1,other,hemp,1,26.6,497.6,42.3,15.9,-1.0,0.0,0.0,0.0,6.629,0.319,1
1729,7.86,52.1,39.5,237.0,2.24,3.33,excellent,silty clay loam,200.2,3.8,drip,municipal,297.0,vezir,hemp,1,18.2,357.1,76.3,19.4,-1.0,0.0,0.0,0.0,10.905,0.422,1
1730,6.09,62.5,18.4,63.1,1.43,1.3,excellent,loam,407.7,14.2,flood,river,248.9,other,hemp,1,32.1,331.0,56.5,10.9,-1.0,0.0,0.0,0.0,21.383,0.27,0
1731,6.36,26.3,17.6,208.5,1.42,2.45,moderate,silty clay loam,540.9,3.0,flood,river,913.5,narli,sunflower,0,25.3,562.8,52.1,20.0,0.5,0.0,0.0,0.0,2.912,0.537,1
1732,6.27,63.6,8.1,212.6,3.81,3.36,moderate,silty clay loam,184.6,15.8,flood,well,284.5,vezir,legume,0,15.4,194.1,78.5,14.4,3.0,0.0,2.055,0.0,26.673,0.353,1
1733,7.01,35.5,18.0,216.7,1.43,0.33,poor,clay loam,83.0,13.9,flood,rain,256.0,vezir,cereal,1,29.3,266.0,50.8,13.8,0.0,0.0,0.0,0.0,21.349,0.211,0
1734,7.68,64.3,28.2,211.4,2.4,0.17,moderate,loam,82.3,8.1,drip,rain,625.0,narli,legume,0,17.2,244.5,36.3,10.5,3.0,0.0,0.0,0.0,13.801,0.461,1
1735,7.64,24.2,41.1,209.9,5.23,1.53,good,clay loam,495.0,19.6,flood,rain,421.2,vezir,other,0,22.8,259.8,84.2,13.2,0.0,0.0,0.0,0.0,22.977,0.329,1
1736,6.74,37.8,43.9,171.0,2.94,1.84,excellent,silty clay loam,554.3,17.4,drip,municipal,540.9,other,fallow,1,20.0,249.3,69.1,11.0,1.0,0.0,0.0,0.0,16.218,0.45,1
1737,5.88,64.1,31.5,220.9,5.58,3.04,good,clay loam,111.3,7.4,none,rain,23.8,narli,cereal,0,33.4,553.6,60.4,15.0,0.0,0.0,0.0,0.0,0.0,0.272,1
1738,5.1,23.6,26.0,254.9,4.65,0.59,good,clay loam,480.0,13.1,drip,rain,1079.3,narli,fallow,1,18.8,279.9,61.6,16.7,1.0,0.0,0.0,0.0,13.626,0.395,1
1739,7.34,15.8,25.7,199.8,4.16,0.41,poor,sandy loam,59.2,1.7,sprinkler,rain,547.4,narli,fallow,0,25.5,517.5,65.9,18.8,1.0,0.0,0.0,0.0,4.458,0.366,1
1740,7.95,42.0,23.6,166.4,6.45,2.01,moderate,silt loam,126.1,7.8,flood,river,1087.7,other,legume,0,10.9,492.3,79.8,20.5,3.0,0.0,0.0,0.0,7.044,0.281,0
1741,5.27,25.3,29.0,70.3,5.62,2.02,poor,clay loam,528.2,15.8,flood,river,1045.4,other,hemp,1,16.0,428.1,68.2,11.3,-1.0,0.0,0.0,0.0,12.31,0.16,0
1742,7.51,31.4,18.4,85.4,3.09,3.18,poor,clay loam,283.4,14.3,none,rain,590.6,other,cereal,1,11.3,208.9,38.0,12.3,0.0,0.0,0.0,0.0,0.0,0.191,0
1743,5.14,21.8,11.5,73.4,2.9,1.62,excellent,clay loam,449.3,12.1,flood,rain,836.9,vezir,fallow,1,14.1,515.8,54.9,16.5,1.0,0.0,0.507,0.0,5.744,0.275,1
1744,7.3,75.6,44.2,243.4,1.11,2.37,moderate,clay loam,327.0,12.1,none,municipal,195.2,narli,fallow,1,16.5,257.0,48.2,13.0,1.0,0.0,0.0,0.0,0.0,0.417,1
1745,5.46,76.9,25.3,134.3,3.46,0.89,excellent,silt loam,478.1,2.4,none,river,591.3,vezir,legume,1,31.1,220.5,84.3,12.8,3.0,0.0,0.0,0.0,0.0,0.371,1
1746,7.4,26.4,22.4,109.5,2.37,0.21,poor,silt loam,341.0,21.4,drip,rain,971.0,narli,legume,1,17.9,160.3,50.2,22.3,3.0,0.0,0.0,0.0,15.429,0.209,0
1747,5.3,43.9,34.0,173.6,1.0,2.17,poor,clay loam,599.6,19.9,sprinkler,municipal,159.0,vezir,cereal,0,21.1,564.1,57.6,11.0,0.0,0.0,0.0,0.0,1.586,0.174,0
1748,6.93,32.8,44.7,242.9,1.55,1.94,moderate,silt loam,527.4,18.6,none,municipal,226.7,vezir,sunflower,0,17.3,308.8,57.2,15.3,0.5,0.0,0.0,0.0,0.0,0.322,1
1749,7.49,39.3,22.4,258.1,1.19,2.93,moderate,clay loam,449.0,1.1,flood,well,972.4,vezir,other,0,9.7,369.9,67.3,11.1,0.0,0.0,0.0,0.0,12.942,0.242,1
1750,7.19,56.0,16.2,109.2,4.58,2.0,excellent,loam,215.3,13.2,drip,well,410.3,other,fallow,0,17.3,492.4,77.9,13.2,1.0,0.0,0.0,0.0,4.61,0.488,1
1751,6.74,78.2,41.4,63.8,2.02,2.97,poor,silt loam,437.4,16.2,none,well,734.6,narli,legume,0,23.5,179.0,82.1,18.9,3.0,0.0,0.0,0.0,0.0,0.291,0
1752,6.22,35.9,27.5,212.3,6.13,2.05,moderate,silt loam,302.6,6.8,flood,well,780.1,vezir,hemp,1,29.6,395.4,49.5,10.3,-1.0,0.0,0.0,0.0,15.408,0.45,1
1753,7.19,49.0,8.9,218.2,4.51,2.38,good,sandy loam,264.0,4.1,drip,municipal,396.3,other,cereal,1,19.8,602.9,46.2,22.1,0.0,0.0,1.586,0.0,0.0,0.67,1
1754,7.52,74.2,22.6,148.5,2.46,1.1,poor,silty clay loam,276.5,19.1,flood,municipal,1013.6,vezir,hemp,1,12.9,534.6,50.2,21.8,-1.0,0.0,0.0,0.0,4.378,0.152,0
1755,6.11,45.0,17.2,211.3,1.79,2.26,good,silt loam,392.6,1.1,flood,well,695.7,vezir,hemp,1,17.0,413.3,37.2,15.8,-1.0,0.0,0.0,0.0,12.458,0.703,1
1756,7.0,22.7,24.9,70.2,3.95,1.02,good,silty clay loam,186.0,4.3,sprinkler,municipal,411.3,vezir,fallow,0,18.4,157.7,44.4,15.1,1.0,0.0,0.0,0.0,23.105,0.636,1
1757,5.79,21.7,36.3,204.3,1.18,0.49,excellent,loam,349.5,14.7,drip,river,914.6,other,other,1,29.7,409.9,49.1,23.8,0.0,1.218,0.0,0.0,8.517,0.38,1
1758,5.41,43.8,26.1,83.1,2.77,2.62,good,loam,500.0,13.4,drip,rain,324.3,vezir,fallow,0,14.8,606.1,35.1,12.7,1.0,0.0,0.0,0.0,0.0,0.433,1
1759,5.13,41.2,38.6,193.1,5.2,1.37,good,sandy loam,109.6,12.6,none,rain,292.0,narli,hemp,0,23.0,633.1,61.2,23.0,-1.0,0.0,0.0,0.0,0.0,0.414,1
1760,6.24,79.2,28.5,140.3,3.99,2.71,poor,silty clay loam,465.7,11.5,drip,river,20.1,vezir,cereal,0,12.2,636.0,78.3,20.3,0.0,0.0,0.0,0.0,0.0,0.305,0
1761,5.57,44.5,10.3,248.9,1.34,3.08,moderate,loam,138.9,15.7,none,rain,1040.3,vezir,cereal,1,15.3,324.2,83.9,10.9,0.0,0.0,0.894,0.0,0.0,0.329,1
1762,7.04,23.2,35.2,196.3,1.92,3.3,good,loam,404.1,9.3,flood,river,350.9,narli,other,0,13.4,441.3,79.8,21.5,0.0,0.0,0.0,0.0,10.151,0.659,1
1763,7.31,63.5,42.8,139.1,5.67,2.07,excellent,loam,537.5,14.5,flood,rain,727.2,other,fallow,0,10.6,367.3,68.1,10.4,1.0,0.0,0.0,0.0,14.785,0.322,1
1764,7.09,24.7,23.1,119.8,4.22,2.71,poor,silty clay loam,192.6,9.7,flood,river,724.2,narli,hemp,0,32.7,457.6,71.5,11.3,-1.0,0.0,0.0,0.0,9.254,0.157,0
1765,5.36,55.7,27.0,134.2,3.84,2.19,excellent,silt loam,360.4,1.4,drip,river,474.6,other,fallow,0,17.4,420.0,36.1,22.4,1.0,0.0,0.0,0.0,7.952,0.435,1
1766,6.99,38.1,37.7,77.7,5.97,1.21,moderate,silt loam,278.9,15.2,sprinkler,municipal,391.4,other,sunflower,0,19.4,162.2,69.4,13.8,0.5,0.0,0.0,0.0,21.065,0.34,1
1767,7.34,39.7,13.6,214.8,2.61,2.62,good,clay loam,413.5,0.6,flood,well,637.9,narli,hemp,0,20.1,219.5,69.7,20.9,-1.0,0.0,0.0,0.0,27.004,0.535,1
1768,6.45,25.4,18.6,165.4,2.59,1.61,poor,silty clay loam,143.3,9.9,drip,well,947.3,other,legume,1,26.7,358.8,48.4,16.4,3.0,0.0,0.0,0.0,9.993,0.329,1
1769,7.03,25.2,8.6,231.8,4.1,3.51,excellent,loam,144.6,17.2,none,river,1025.2,vezir,hemp,1,20.1,513.8,52.4,14.6,-1.0,0.0,1.546,0.0,0.0,0.47,1
1770,5.07,77.2,36.2,118.8,6.32,1.96,moderate,clay loam,199.7,21.4,none,well,262.1,narli,legume,1,17.5,352.6,48.3,21.9,3.0,0.0,0.0,0.0,0.0,0.217,0
1771,6.53,33.7,8.2,240.0,4.79,1.31,poor,silt loam,406.5,8.8,sprinkler,rain,63.6,other,sunflower,0,31.0,411.3,64.5,19.1,0.5,0.0,1.869,0.0,9.603,0.203,0
1772,6.85,36.2,18.3,99.2,3.88,0.5,moderate,loam,533.0,14.4,flood,well,685.3,other,hemp,0,32.0,509.4,39.0,10.1,-1.0,0.0,0.0,0.0,6.566,0.207,0
1773,6.14,68.9,28.2,273.9,5.76,2.13,moderate,clay loam,77.6,6.1,none,municipal,528.0,other,cereal,0,16.3,390.0,69.9,17.2,0.0,0.0,0.0,0.0,0.0,0.523,1
1774,7.21,60.5,27.5,165.7,3.53,1.3,good,silty clay loam,410.9,12.1,sprinkler,well,872.6,vezir,other,1,27.6,602.6,57.4,17.9,0.0,0.0,0.0,0.0,0.0,0.653,1
1775,5.06,35.7,39.3,125.8,1.77,2.55,good,silt loam,380.3,12.1,none,rain,639.1,vezir,fallow,0,10.5,235.3,60.8,13.2,1.0,0.0,0.0,0.0,0.0,0.255,0
1776,6.56,59.8,20.9,262.1,1.6,2.97,good,silt loam,358.1,4.2,sprinkler,municipal,768.5,narli,other,1,17.4,568.3,38.9,11.4,0.0,0.0,0.0,0.0,1.409,0.693,1
1777,7.35,53.8,27.0,150.6,1.74,2.83,moderate,loam,77.8,6.0,drip,river,586.6,narli,legume,0,8.1,465.7,59.2,13.3,3.0,0.0,0.0,0.0,5.488,0.321,0
1778,5.54,80.0,40.8,142.6,6.28,1.06,good,clay loam,181.1,15.8,sprinkler,rain,60.7,narli,sunflower,1,17.7,511.0,39.4,19.5,0.5,0.0,0.0,0.0,4.978,0.326,1
1779,7.01,75.0,21.5,117.9,5.09,2.67,good,loam,245.3,14.1,sprinkler,river,380.5,other,hemp,1,12.5,167.8,51.0,20.1,-1.0,0.0,0.0,0.0,21.063,0.476,1
1780,7.68,77.5,44.8,194.8,1.02,1.53,moderate,clay loam,231.0,14.1,sprinkler,municipal,75.6,vezir,legume,0,19.3,547.4,84.0,19.3,3.0,0.0,0.0,0.0,2.675,0.28,1
1781,6.58,25.0,17.6,106.2,4.1,1.81,excellent,silty clay loam,345.1,1.4,flood,municipal,547.4,narli,cereal,0,8.1,461.9,71.7,11.8,0.0,0.0,0.0,0.0,9.354,0.414,1
1782,5.76,72.5,21.7,82.6,5.44,0.16,excellent,clay loam,221.3,7.4,drip,rain,368.9,vezir,fallow,0,29.3,505.9,41.7,12.8,1.0,0.0,0.0,0.0,4.06,0.512,1
1783,5.32,17.4,23.9,184.0,5.61,0.49,moderate,clay loam,460.1,7.8,drip,well,932.7,other,cereal,0,34.3,227.0,54.9,11.9,0.0,0.0,0.0,0.0,12.945,0.176,0
1784,7.92,22.8,8.1,229.7,4.5,3.73,good,loam,104.5,16.4,sprinkler,river,330.2,narli,cereal,1,11.6,501.2,35.8,11.4,0.0,0.0,1.972,0.0,4.389,0.25,0
1785,5.71,19.0,29.7,167.4,1.53,3.73,good,loam,460.2,13.5,none,well,707.1,vezir,hemp,1,15.6,518.3,61.0,15.7,-1.0,2.39,0.0,0.0,0.0,0.488,1
1786,7.26,73.4,30.1,159.9,4.19,1.52,excellent,sandy loam,545.0,0.6,sprinkler,well,713.3,narli,fallow,1,14.6,614.9,53.8,11.8,1.0,0.0,0.0,0.0,0.0,0.523,1
1787,6.26,46.8,42.5,231.8,3.36,2.39,good,silt loam,490.8,14.9,none,rain,954.2,narli,fallow,0,12.9,300.4,82.3,12.2,1.0,0.0,0.0,0.0,0.0,0.46,1
1788,5.48,49.5,16.3,174.8,5.33,0.87,good,loam,438.7,5.2,drip,rain,176.1,other,legume,0,31.3,295.6,84.3,21.9,3.0,0.0,0.0,0.0,12.674,0.348,1
1789,5.48,53.4,13.7,238.4,3.13,2.73,moderate,silty clay loam,429.6,20.0,flood,well,321.9,narli,other,0,26.7,248.3,82.7,13.9,0.0,0.0,0.0,0.0,21.557,0.318,0
1790,7.18,75.4,16.7,217.4,3.46,2.61,good,silty clay loam,66.2,20.0,drip,municipal,281.7,narli,fallow,0,15.2,430.7,53.1,14.8,1.0,0.0,0.0,0.0,8.33,0.408,1
1791,7.09,27.4,8.2,61.0,3.32,3.57,excellent,silty clay loam,491.8,11.3,flood,rain,755.8,vezir,hemp,0,28.3,234.1,66.0,13.8,-1.0,0.0,1.802,0.0,21.895,0.417,1
1792,5.12,56.5,22.1,90.0,5.61,1.89,poor,loam,213.1,3.3,flood,municipal,983.7,narli,legume,0,9.7,525.2,53.4,20.3,3.0,0.0,0.0,0.0,5.333,0.159,0
1793,6.93,16.7,32.0,185.3,2.46,0.29,good,silty clay loam,253.3,10.9,sprinkler,river,478.2,vezir,cereal,0,30.7,312.5,44.9,20.0,0.0,0.593,0.0,0.0,15.145,0.341,1
1794,5.42,41.5,10.5,277.5,2.64,0.33,moderate,clay loam,61.3,3.7,flood,river,878.5,narli,fallow,1,26.2,617.9,61.7,19.1,1.0,0.0,0.935,0.0,0.0,0.456,1
1795,7.96,25.6,21.4,222.3,5.24,1.17,excellent,silt loam,274.1,10.5,none,rain,722.6,other,hemp,1,12.4,356.8,81.8,13.3,-1.0,0.0,0.0,0.0,0.0,0.36,1
1796,7.2,62.6,35.1,84.0,2.62,3.37,good,silty clay loam,467.4,8.5,flood,river,133.2,other,fallow,0,27.3,476.5,36.3,13.6,1.0,0.0,0.0,0.0,8.159,0.459,1
1797,7.06,62.6,37.8,261.9,1.95,0.22,moderate,sandy loam,433.5,9.4,drip,municipal,112.4,narli,legume,0,26.1,287.2,83.4,11.1,3.0,0.0,0.0,0.0,13.592,0.508,1
1798,7.18,48.4,28.3,68.6,3.28,3.11,excellent,silt loam,395.5,6.2,flood,river,393.2,narli,sunflower,0,23.3,210.2,71.0,23.0,0.5,0.0,0.0,0.0,28.411,0.639,1
1799,7.89,22.9,10.9,216.1,1.96,2.93,poor,silt loam,140.5,8.5,sprinkler,municipal,140.8,vezir,legume,0,19.4,312.8,66.6,23.4,3.0,0.0,0.776,0.0,13.411,0.276,0
1800,7.55,17.3,15.4,257.3,2.03,0.13,moderate,silt loam,445.5,12.2,flood,municipal,898.8,other,cereal,1,8.5,408.8,71.0,10.5,0.0,1.083,0.0,0.0,14.639,0.212,0
1801,5.12,58.7,42.1,188.1,4.6,2.34,poor,silty clay loam,590.2,20.8,flood,well,47.8,other,fallow,0,11.1,567.3,78.1,16.3,1.0,0.0,0.0,0.0,1.949,0.098,0
1802,7.54,56.8,27.1,158.4,5.94,2.96,good,silty clay loam,520.9,6.0,sprinkler,municipal,305.9,narli,sunflower,0,30.2,224.3,56.3,19.0,0.5,0.0,0.0,0.0,15.612,0.485,1
1803,7.68,50.7,40.5,68.3,1.39,3.09,moderate,clay loam,106.1,6.3,drip,rain,552.1,vezir,fallow,0,25.9,377.8,60.4,10.2,1.0,0.0,0.0,0.0,10.818,0.509,1
1804,6.51,66.5,31.4,78.3,4.82,3.56,moderate,sandy loam,596.2,10.3,sprinkler,well,626.9,other,cereal,0,18.4,564.3,54.4,12.3,0.0,0.0,0.0,0.0,1.602,0.534,1
1805,7.04,39.8,39.2,148.3,5.85,2.29,excellent,silty clay loam,265.5,2.9,drip,well,619.1,narli,other,1,8.7,434.0,67.9,19.4,0.0,0.0,0.0,0.0,5.759,0.45,1
1806,5.06,49.4,16.5,236.9,2.2,2.37,good,sandy loam,246.9,15.6,none,rain,29.3,other,sunflower,1,22.2,163.3,36.8,21.6,0.5,0.0,0.0,0.0,0.0,0.273,0
1807,5.14,61.1,36.2,242.5,2.93,3.91,good,clay loam,558.3,7.2,drip,municipal,856.8,narli,sunflower,1,9.8,174.1,35.6,12.5,0.5,0.0,0.0,0.0,17.344,0.321,1
1808,6.2,52.8,36.2,171.0,5.08,3.61,moderate,clay loam,306.1,6.2,drip,river,164.6,narli,hemp,0,23.2,627.8,39.7,11.7,-1.0,0.0,0.0,0.0,0.0,0.662,1
1809,5.84,68.7,20.5,251.6,5.06,0.51,excellent,silt loam,393.9,14.8,sprinkler,river,690.5,narli,other,0,30.2,346.8,80.4,23.3,0.0,0.0,0.0,0.0,11.843,0.411,1
1810,7.55,72.4,25.5,140.8,2.12,3.2,poor,silt loam,164.0,14.7,none,municipal,238.1,narli,hemp,1,10.8,178.4,62.3,20.7,-1.0,0.0,0.0,0.0,0.0,0.183,0
1811,5.43,71.3,26.6,246.4,2.41,0.48,excellent,sandy loam,366.4,13.7,none,municipal,548.2,other,fallow,0,17.5,593.3,54.9,17.9,1.0,0.0,0.0,0.0,0.0,0.495,1
1812,5.14,29.5,29.8,223.9,4.88,3.56,poor,clay loam,576.0,3.5,sprinkler,rain,765.0,vezir,cereal,0,8.5,284.3,67.4,22.0,0.0,0.0,0.0,0.0,15.536,0.137,0
1813,7.39,38.1,20.3,91.3,1.5,2.17,good,clay loam,333.7,17.9,flood,river,937.8,other,fallow,0,15.4,245.1,65.3,10.9,1.0,0.0,0.0,0.0,23.485,0.37,1
1814,5.25,56.5,19.2,109.2,4.94,0.98,excellent,loam,239.1,14.3,drip,well,573.1,vezir,sunflower,1,27.9,451.4,57.1,20.6,0.5,0.0,0.0,0.0,5.871,0.343,1
1815,5.86,53.6,31.8,178.2,5.38,0.71,moderate,silt loam,251.7,20.9,drip,municipal,94.9,narli,legume,0,19.5,351.6,35.2,17.3,3.0,0.0,0.0,0.0,12.827,0.323,1
1816,6.28,35.6,40.8,158.1,4.73,2.85,moderate,silt loam,511.6,8.3,sprinkler,river,621.3,vezir,sunflower,0,32.7,464.0,50.0,14.1,0.5,0.0,0.0,0.0,5.977,0.304,0
1817,5.6,31.5,44.3,277.8,4.31,0.19,poor,silt loam,190.6,11.9,drip,river,673.4,vezir,sunflower,0,12.9,427.9,79.6,22.1,0.5,0.0,0.0,0.0,7.301,0.227,0
1818,7.68,66.9,11.9,69.3,2.6,2.15,excellent,silty clay loam,266.4,1.0,flood,well,576.9,other,cereal,0,14.4,648.1,75.5,11.0,0.0,0.0,0.349,0.0,0.0,0.44,1
1819,6.52,28.0,26.4,174.6,2.67,2.02,good,loam,532.5,1.0,flood,river,588.5,narli,legume,0,24.1,563.0,38.0,20.0,3.0,0.0,0.0,0.0,2.043,0.736,1
1820,6.0,17.2,19.9,273.8,2.75,3.2,excellent,sandy loam,398.3,8.9,none,river,254.7,vezir,legume,1,34.2,385.9,39.2,15.0,3.0,0.0,0.0,0.0,0.0,0.265,0
1821,5.19,32.9,40.6,234.8,4.8,3.85,good,loam,261.6,12.2,drip,rain,589.7,other,hemp,0,28.1,387.0,38.0,15.4,-1.0,0.0,0.0,0.0,9.891,0.344,1
1822,5.76,20.6,22.0,65.6,4.99,0.34,moderate,silt loam,259.1,11.5,sprinkler,municipal,1021.4,other,hemp,0,20.0,274.7,75.4,17.8,-1.0,0.0,0.0,0.0,16.477,0.342,1
1823,7.29,33.4,12.2,102.5,2.5,3.52,moderate,silty clay loam,395.5,4.0,flood,rain,1061.2,narli,fallow,1,26.0,389.3,54.4,16.4,1.0,0.0,0.243,0.0,14.475,0.49,1
1824,7.34,53.0,43.8,226.3,6.34,1.06,excellent,silt loam,379.7,7.6,none,municipal,698.7,narli,cereal,0,31.1,281.0,36.7,13.6,0.0,0.0,0.0,0.0,0.0,0.41,1
1825,7.94,61.0,43.8,75.0,4.09,2.65,excellent,silty clay loam,115.3,10.1,flood,river,572.4,vezir,other,1,31.5,375.4,77.6,14.9,0.0,0.0,0.0,0.0,14.028,0.247,0
1826,5.8,16.6,38.4,196.4,4.64,3.6,moderate,silty clay loam,204.4,6.3,sprinkler,municipal,85.5,other,sunflower,0,22.5,153.7,69.9,17.2,0.5,0.0,0.0,0.0,19.023,0.388,1
1827,6.62,44.3,15.4,257.4,2.4,2.66,excellent,loam,198.3,17.8,drip,well,399.0,other,hemp,1,29.1,418.5,52.1,15.7,-1.0,0.0,0.0,0.0,8.367,0.346,1
1828,6.13,45.8,11.2,223.3,4.97,0.87,good,sandy loam,425.2,21.6,drip,well,449.6,vezir,other,1,12.6,523.4,68.1,18.6,0.0,0.0,0.609,0.0,2.926,0.363,1
1829,7.81,19.9,13.1,128.6,4.13,2.55,moderate,loam,169.4,9.2,none,rain,65.8,other,hemp,1,30.7,196.0,48.4,19.3,-1.0,0.0,0.0,0.0,0.0,0.283,0
1830,7.08,27.5,19.7,93.3,3.77,3.93,poor,silty clay loam,129.7,16.8,sprinkler,rain,278.3,vezir,sunflower,1,15.7,566.2,75.9,11.3,0.5,0.0,0.0,0.0,1.613,0.23,0
1831,5.34,51.8,11.1,80.3,4.32,0.11,poor,clay loam,284.6,14.5,sprinkler,well,246.3,vezir,sunflower,1,22.9,246.6,79.5,12.3,0.5,0.0,0.668,0.0,17.263,0.226,0
1832,5.73,74.7,35.7,272.7,5.48,0.45,poor,loam,215.6,6.9,none,rain,373.7,other,legume,1,23.9,452.7,77.5,20.7,3.0,0.0,0.0,0.0,0.0,0.273,1
1833,6.6,62.2,21.7,103.2,1.23,3.61,moderate,silt loam,197.8,8.8,sprinkler,rain,964.8,other,fallow,0,29.7,636.4,56.8,16.1,1.0,0.0,0.0,0.0,0.0,0.438,1
1834,7.16,73.4,26.8,85.8,4.64,3.73,moderate,loam,474.7,19.0,sprinkler,river,704.5,vezir,other,0,15.4,583.8,64.0,12.1,0.0,0.0,0.0,0.0,0.828,0.315,0
1835,7.87,56.7,37.3,135.1,3.37,2.69,moderate,sandy loam,354.0,16.4,none,river,964.8,narli,cereal,0,13.8,225.5,64.6,17.1,0.0,0.0,0.0,0.0,0.0,0.217,0
1836,5.12,39.0,8.1,206.6,5.29,3.91,good,silt loam,304.2,9.7,none,well,801.0,vezir,fallow,1,14.4,305.2,83.3,10.4,1.0,0.0,1.742,0.0,0.0,0.396,1
1837,7.41,65.0,12.4,251.2,2.51,3.68,excellent,sandy loam,551.1,11.1,sprinkler,river,130.5,narli,legume,0,17.3,437.2,66.0,20.3,3.0,0.0,0.16,0.0,8.86,0.6,1
1838,6.79,78.0,30.1,245.3,6.46,2.52,poor,silty clay loam,521.3,5.6,flood,well,549.3,vezir,sunflower,0,23.4,159.0,77.0,15.2,0.5,0.0,0.0,0.0,32.971,0.463,1
1839,7.67,79.2,23.6,174.4,1.59,0.42,moderate,clay loam,30.5,8.8,sprinkler,municipal,413.0,narli,other,1,24.4,253.8,37.9,21.9,0.0,0.0,0.0,0.0,15.604,0.455,1
1840,7.41,79.0,37.3,138.9,1.98,3.11,excellent,loam,557.7,15.1,drip,municipal,1093.9,vezir,legume,1,15.5,591.7,51.5,15.0,3.0,0.0,0.0,0.0,0.336,0.426,1
1841,6.0,64.7,41.0,226.5,4.7,3.15,poor,sandy loam,548.8,12.7,flood,river,632.2,other,legume,1,25.4,439.6,69.7,21.4,3.0,0.0,0.0,0.0,13.104,0.287,0
1842,7.95,25.1,44.3,261.1,2.83,2.07,excellent,silty clay loam,527.7,1.4,sprinkler,municipal,176.0,narli,legume,0,21.9,480.2,64.3,12.0,3.0,0.0,0.0,0.0,5.31,0.471,1
1843,7.15,77.4,9.7,165.2,2.18,1.94,poor,loam,50.0,21.3,none,municipal,580.9,narli,other,1,14.8,379.4,62.6,21.3,0.0,0.0,1.216,0.0,0.0,0.191,0
1844,5.35,32.8,19.8,223.6,4.04,1.05,excellent,sandy loam,306.7,1.2,drip,municipal,575.9,vezir,sunflower,0,10.9,575.2,83.3,11.9,0.5,0.0,0.0,0.0,1.027,0.391,1
1845,5.98,35.7,40.7,213.9,3.12,1.36,good,clay loam,65.4,6.3,sprinkler,rain,86.1,narli,fallow,1,11.5,316.7,64.4,11.5,1.0,0.0,0.0,0.0,15.807,0.607,1
1846,6.55,30.2,17.3,214.8,4.29,3.02,moderate,clay loam,491.8,3.3,none,rain,1095.9,other,sunflower,0,32.8,572.7,38.0,11.1,0.5,0.0,0.0,0.0,0.0,0.228,0
1847,6.14,78.8,31.1,145.8,3.56,1.06,moderate,silty clay loam,441.6,17.7,sprinkler,rain,565.3,narli,sunflower,1,15.6,595.5,43.8,17.1,0.5,0.0,0.0,0.0,0.21,0.326,1
1848,7.94,48.3,44.8,220.7,5.28,0.15,good,sandy loam,376.6,19.9,flood,river,586.7,narli,hemp,0,18.7,315.7,57.3,12.5,-1.0,0.0,0.0,0.0,20.846,0.372,0
1849,7.5,39.2,10.9,270.6,2.92,1.9,poor,silt loam,217.0,2.5,flood,municipal,795.6,vezir,cereal,0,14.9,463.5,42.0,11.3,0.0,0.0,0.773,0.0,10.322,0.351,1
1850,6.44,56.8,14.3,177.6,4.65,0.19,moderate,silty clay loam,64.1,20.5,sprinkler,rain,359.5,narli,other,0,27.4,222.8,50.6,14.7,0.0,0.0,0.0,0.0,18.028,0.293,1
1851,7.59,23.9,21.8,73.3,1.33,0.64,poor,loam,29.1,3.0,sprinkler,well,324.2,vezir,sunflower,1,15.6,382.5,58.9,19.5,0.5,0.0,0.0,0.0,9.391,0.332,0
1852,6.85,63.0,41.0,272.5,1.13,2.68,excellent,sandy loam,449.5,12.6,none,rain,681.6,other,fallow,0,26.8,325.8,68.6,16.1,1.0,0.0,0.0,0.0,0.0,0.465,1
1853,5.87,55.5,24.7,214.1,4.89,0.84,excellent,silty clay loam,35.2,1.4,drip,well,685.2,vezir,hemp,1,25.8,540.5,66.7,11.8,-1.0,0.0,0.0,0.0,2.738,0.529,1
1854,7.44,78.2,35.1,91.3,6.26,1.54,moderate,loam,396.4,20.1,sprinkler,well,892.9,narli,cereal,1,32.2,625.0,56.6,15.7,0.0,0.0,0.0,0.0,0.0,0.184,0
1855,6.46,46.7,12.1,279.1,5.44,2.36,poor,sandy loam,88.3,11.1,none,river,279.1,narli,cereal,0,16.7,334.5,81.1,15.6,0.0,0.0,0.289,0.0,0.0,0.406,1
1856,7.17,34.7,37.5,178.3,6.39,2.87,moderate,clay loam,60.1,6.5,none,municipal,953.5,other,other,1,25.4,379.8,38.3,22.4,0.0,0.0,0.0,0.0,0.0,0.5,1
1857,6.46,31.9,26.8,116.2,2.52,3.76,excellent,silty clay loam,498.9,9.2,none,well,329.5,other,hemp,0,27.8,208.4,61.9,11.1,-1.0,0.0,0.0,0.0,0.0,0.583,1
1858,5.66,68.5,25.2,189.4,3.41,2.12,good,silt loam,426.2,10.5,sprinkler,river,713.6,other,legume,0,30.4,601.8,40.2,15.8,3.0,0.0,0.0,0.0,0.0,0.344,1
1859,6.9,37.3,24.2,160.5,5.44,2.92,poor,clay loam,538.2,14.3,flood,municipal,384.4,narli,legume,0,9.9,247.9,73.8,13.7,3.0,0.0,0.0,0.0,23.12,0.207,0
1860,6.91,52.4,28.5,144.0,4.8,1.11,good,silt loam,218.3,14.4,sprinkler,municipal,939.4,narli,hemp,0,25.1,327.6,51.0,22.9,-1.0,0.0,0.0,0.0,10.923,0.519,1
1861,6.52,23.8,13.7,100.7,1.28,0.38,excellent,silt loam,544.6,9.2,none,river,426.1,narli,other,1,30.4,493.3,71.2,17.2,0.0,0.169,0.0,0.0,0.0,0.51,1
1862,5.51,17.2,29.2,278.1,6.36,2.97,good,clay loam,438.0,21.8,sprinkler,river,83.9,other,legume,0,17.4,348.5,63.4,22.7,3.0,0.0,0.0,0.0,11.77,0.278,1
1863,6.05,29.1,17.3,259.5,1.4,3.63,poor,sandy loam,481.0,15.1,drip,rain,551.0,other,legume,1,33.6,356.0,47.2,12.6,3.0,0.0,0.0,0.0,11.276,0.111,0
1864,5.37,39.5,29.8,99.3,4.17,0.21,excellent,silt loam,155.9,20.9,sprinkler,municipal,990.7,narli,legume,0,9.3,293.4,38.9,19.6,3.0,0.0,0.0,0.0,16.375,0.219,0
1865,6.79,36.6,26.7,102.3,3.2,3.74,moderate,silty clay loam,442.0,1.2,none,rain,1083.2,other,other,0,31.4,375.1,45.7,17.0,0.0,0.0,0.0,0.0,0.0,0.362,1
1866,5.1,37.8,33.4,187.7,6.2,2.17,good,loam,105.8,10.5,flood,well,311.3,other,legume,1,14.5,243.6,48.9,19.5,3.0,0.0,0.0,0.0,25.312,0.432,1
1867,6.25,40.7,35.5,131.5,2.71,1.92,moderate,loam,402.0,12.8,drip,river,150.4,vezir,other,1,28.0,456.3,72.2,10.5,0.0,0.0,0.0,0.0,7.462,0.424,1
1868,7.57,58.0,32.0,277.3,2.45,0.42,poor,silt loam,135.1,10.5,drip,river,687.4,vezir,hemp,0,8.9,155.3,51.1,20.9,-1.0,0.0,0.0,0.0,18.89,0.169,0
1869,5.81,36.2,44.7,147.4,2.62,3.06,good,sandy loam,69.3,13.3,none,municipal,833.0,other,cereal,1,13.0,352.1,65.3,20.6,0.0,0.0,0.0,0.0,0.0,0.426,1
1870,6.81,26.1,24.8,235.2,4.2,1.68,good,loam,462.4,3.3,sprinkler,municipal,286.5,vezir,legume,0,16.9,580.5,83.3,15.5,3.0,0.0,0.0,0.0,0.943,0.641,1
1871,6.09,48.9,38.3,274.9,5.82,1.8,poor,clay loam,359.5,5.2,flood,well,574.9,other,cereal,0,13.9,575.1,40.6,21.7,0.0,0.0,0.0,0.0,1.549,0.337,1
1872,6.93,16.5,42.9,165.9,3.03,1.41,poor,sandy loam,48.7,17.9,none,municipal,34.6,narli,other,0,30.0,290.5,78.7,18.7,0.0,0.0,0.0,0.0,0.0,0.169,0
1873,5.65,45.7,24.6,98.8,5.55,0.99,moderate,loam,417.4,21.8,flood,municipal,300.8,vezir,hemp,0,11.4,273.2,71.4,13.5,-1.0,0.0,0.0,0.0,23.794,0.211,0
1874,7.26,16.9,25.4,235.6,3.83,3.15,good,silty clay loam,311.4,14.1,none,well,738.0,narli,fallow,0,30.1,165.4,61.7,20.1,1.0,0.0,0.0,0.0,0.0,0.228,1
1875,7.33,36.4,12.7,166.5,4.31,0.63,excellent,loam,482.4,15.3,none,river,220.2,narli,legume,0,34.9,269.1,51.0,20.9,3.0,0.0,0.041,0.0,0.0,0.206,0
1876,6.7,74.0,17.4,81.3,4.88,1.64,poor,clay loam,22.4,9.1,flood,municipal,969.0,narli,cereal,0,19.5,510.8,82.5,23.3,0.0,0.0,0.0,0.0,6.722,0.33,1
1877,7.88,19.3,33.2,172.6,2.17,3.6,poor,clay loam,109.9,16.3,drip,well,600.3,vezir,sunflower,0,31.2,537.6,81.9,16.1,0.5,0.0,0.0,0.0,2.297,0.142,0
1878,5.19,39.6,40.6,251.4,4.57,1.51,poor,silty clay loam,239.9,18.2,none,rain,86.4,narli,cereal,1,15.4,303.2,70.5,21.1,0.0,0.0,0.0,0.0,0.0,0.177,0
1879,7.66,31.4,13.7,193.6,5.68,0.71,moderate,sandy loam,308.5,10.6,flood,municipal,179.7,narli,legume,0,26.4,215.6,67.3,21.3,3.0,0.0,0.0,0.0,27.334,0.445,1
1880,7.0,71.8,33.3,66.2,2.28,1.83,poor,clay loam,209.5,1.2,sprinkler,municipal,603.7,other,fallow,1,21.7,252.9,43.4,11.4,1.0,0.0,0.0,0.0,16.492,0.352,1
1881,7.2,79.0,34.2,279.2,1.36,1.81,poor,silty clay loam,410.8,14.1,drip,rain,268.7,narli,sunflower,1,25.0,500.8,78.6,22.1,0.5,0.0,0.0,0.0,3.469,0.209,0
1882,5.5,34.7,25.9,150.2,4.14,0.65,moderate,sandy loam,250.9,12.1,flood,municipal,854.3,other,legume,1,21.8,301.8,58.0,19.4,3.0,0.0,0.0,0.0,19.906,0.315,1
1883,5.26,63.3,21.7,124.5,4.33,0.52,good,silt loam,164.3,9.5,drip,river,254.3,other,hemp,1,14.0,383.0,49.5,15.4,-1.0,0.0,0.0,0.0,9.762,0.407,1
1884,5.68,59.3,25.9,207.0,4.82,1.02,excellent,sandy loam,93.7,15.6,none,well,471.0,vezir,cereal,0,12.7,376.7,61.4,20.7,0.0,0.0,0.0,0.0,0.0,0.241,1
1885,6.28,79.1,39.6,120.0,4.05,0.76,moderate,sandy loam,377.2,21.5,none,rain,616.1,other,hemp,1,26.6,429.1,69.5,16.9,-1.0,0.0,0.0,0.0,0.0,0.264,0
1886,5.43,38.6,17.1,86.6,6.36,1.37,poor,silt loam,246.8,2.7,drip,municipal,782.5,other,other,0,15.3,263.3,78.7,11.8,0.0,0.0,0.0,0.0,15.233,0.262,0
1887,5.88,31.8,21.2,205.2,1.34,1.48,moderate,clay loam,412.8,1.7,flood,municipal,193.3,other,cereal,1,33.4,224.3,66.0,16.0,0.0,0.0,0.0,0.0,26.712,0.217,0
1888,6.08,60.5,32.8,195.9,1.59,2.47,excellent,clay loam,163.4,8.3,none,river,173.1,other,other,0,15.3,393.9,55.3,15.9,0.0,0.0,0.0,0.0,0.0,0.721,1
1889,7.58,77.7,20.7,226.6,2.91,0.86,good,silt loam,487.9,9.6,flood,river,675.5,other,hemp,1,29.7,453.4,71.6,19.9,-1.0,0.0,0.0,0.0,9.642,0.358,1
1890,6.74,60.6,36.4,125.8,2.21,1.32,poor,silt loam,112.2,2.0,flood,municipal,800.0,narli,fallow,0,30.8,223.5,80.5,17.7,1.0,0.0,0.0,0.0,25.783,0.264,0
1891,7.01,46.5,33.6,278.2,5.35,0.88,good,clay loam,270.0,20.6,sprinkler,well,1061.9,other,hemp,0,24.4,310.2,68.4,10.0,-1.0,0.0,0.0,0.0,12.376,0.434,1
1892,7.73,55.4,18.5,167.3,5.55,3.87,good,clay loam,79.5,16.1,flood,well,789.1,narli,hemp,1,12.1,225.8,37.6,12.0,-1.0,0.0,0.0,0.0,26.107,0.321,0
1893,5.13,65.9,11.5,157.1,5.97,3.33,excellent,loam,377.8,1.7,flood,municipal,367.8,narli,hemp,0,26.7,164.0,65.7,22.8,-1.0,0.0,0.479,0.0,28.956,0.554,1
1894,6.63,33.4,38.5,111.0,2.16,3.78,good,clay loam,218.7,12.8,drip,river,790.0,other,cereal,0,23.1,297.3,45.4,11.6,0.0,0.0,0.0,0.0,11.654,0.528,1
1895,6.74,28.1,31.6,184.5,5.81,1.23,poor,clay loam,416.1,16.4,sprinkler,river,327.5,other,other,1,28.3,465.2,82.9,19.8,0.0,0.0,0.0,0.0,5.337,0.189,0
1896,7.5,21.5,39.5,95.1,5.4,2.72,excellent,loam,350.0,21.2,drip,rain,518.2,other,other,0,26.2,480.7,76.2,17.6,0.0,0.0,0.0,0.0,4.806,0.302,1
1897,6.2,52.5,25.7,61.4,4.72,3.21,good,clay loam,372.7,7.3,flood,rain,354.4,other,legume,0,24.4,490.8,52.4,22.7,3.0,0.0,0.0,0.0,6.675,0.68,1
1898,6.7,40.5,19.3,63.7,1.86,2.06,good,silty clay loam,103.5,5.3,none,municipal,692.9,vezir,sunflower,1,9.2,471.4,67.7,18.7,0.5,0.0,0.0,0.0,0.0,0.426,1
1899,6.73,56.5,42.8,243.0,1.14,3.42,excellent,loam,147.7,20.3,sprinkler,rain,434.7,vezir,cereal,0,16.0,484.9,78.0,19.7,0.0,0.0,0.0,0.0,4.888,0.359,1
1900,5.71,51.2,28.3,219.4,5.06,0.21,poor,sandy loam,589.6,15.5,flood,municipal,347.0,vezir,fallow,0,21.3,220.6,57.3,10.8,1.0,0.0,0.0,0.0,21.122,0.154,0
1901,7.04,26.1,34.7,159.5,2.81,2.49,moderate,silt loam,470.9,16.6,sprinkler,well,48.1,narli,cereal,1,15.4,511.6,46.5,16.8,0.0,0.0,0.0,0.0,5.178,0.346,1
1902,7.64,44.5,30.0,239.9,3.46,3.97,poor,loam,270.2,10.5,drip,rain,843.6,vezir,other,0,13.6,161.5,44.0,14.9,0.0,0.0,0.0,0.0,16.08,0.267,0
1903,6.47,42.2,11.7,105.7,2.67,2.35,good,silty clay loam,122.7,13.9,flood,rain,1031.7,vezir,cereal,1,33.8,449.0,71.3,21.8,0.0,0.0,0.51,0.0,8.379,0.204,0
1904,5.23,34.4,21.5,105.8,3.41,3.4,excellent,silty clay loam,546.1,21.6,sprinkler,municipal,1058.2,vezir,fallow,1,19.6,305.9,59.9,15.8,1.0,0.0,0.0,0.0,12.677,0.317,0
1905,6.22,38.7,38.8,147.2,4.29,3.12,excellent,silt loam,521.3,1.9,flood,well,358.1,narli,sunflower,0,20.3,305.2,43.3,13.7,0.5,0.0,0.0,0.0,17.668,0.847,1
1906,6.64,66.0,19.1,147.4,5.62,2.8,excellent,loam,314.2,17.3,sprinkler,municipal,54.2,vezir,legume,0,28.6,315.1,77.9,18.8,3.0,0.0,0.0,0.0,14.732,0.433,1
1907,7.44,51.5,14.5,239.7,4.97,1.14,excellent,loam,540.9,8.6,flood,well,977.8,vezir,fallow,0,23.9,385.6,39.6,19.4,1.0,0.0,0.0,0.0,13.951,0.637,1
1908,7.42,53.9,35.0,180.2,2.23,2.57,moderate,silt loam,310.1,14.7,drip,rain,657.6,narli,sunflower,0,25.4,450.0,52.0,11.9,0.5,0.0,0.0,0.0,6.547,0.414,1
1909,5.2,20.8,32.7,225.9,3.52,3.09,poor,sandy loam,186.5,13.6,sprinkler,river,477.5,narli,fallow,0,27.4,614.7,37.7,19.4,1.0,0.0,0.0,0.0,0.0,0.24,0
1910,6.91,21.6,32.2,258.0,6.29,0.34,good,silty clay loam,304.6,17.2,sprinkler,municipal,1004.0,vezir,sunflower,0,15.4,194.5,70.8,12.3,0.5,0.0,0.0,0.0,15.823,0.438,1
1911,7.85,35.8,29.1,243.3,4.01,0.78,good,sandy loam,429.5,7.2,flood,well,674.7,other,cereal,0,30.5,529.6,84.1,23.8,0.0,0.0,0.0,0.0,4.388,0.313,1
1912,7.71,79.2,33.2,80.4,4.69,2.39,poor,loam,461.1,18.0,sprinkler,municipal,871.2,other,cereal,1,24.2,639.1,74.2,18.2,0.0,0.0,0.0,0.0,0.0,0.151,0
1913,7.54,72.6,23.4,244.5,1.61,1.56,good,silty clay loam,36.6,19.6,sprinkler,rain,478.7,narli,legume,1,14.1,557.1,67.9,10.4,3.0,0.0,0.0,0.0,1.881,0.363,1
1914,7.33,52.9,20.4,231.8,2.13,1.12,good,loam,346.2,20.4,none,river,240.9,vezir,fallow,0,26.8,284.3,69.6,13.4,1.0,0.0,0.0,0.0,0.0,0.406,1
1915,5.27,65.9,33.5,215.1,1.48,2.91,moderate,clay loam,373.9,19.4,sprinkler,river,238.2,vezir,cereal,1,10.2,602.6,35.6,16.5,0.0,0.0,0.0,0.0,0.0,0.167,0
1916,6.81,30.6,35.6,166.8,5.47,2.62,poor,loam,411.5,4.2,drip,river,215.5,narli,sunflower,1,15.9,557.1,47.0,14.5,0.5,0.0,0.0,0.0,1.627,0.346,1
1917,6.06,22.2,36.1,236.3,6.35,2.71,good,silty clay loam,362.9,0.8,sprinkler,municipal,197.2,vezir,legume,0,27.1,419.6,74.1,21.6,3.0,0.0,0.0,0.0,8.814,0.589,1
1918,6.48,32.9,17.5,109.3,5.89,0.33,good,clay loam,352.9,7.6,drip,rain,261.1,narli,sunflower,0,14.3,400.4,73.0,10.7,0.5,0.0,0.0,0.0,10.043,0.613,1
1919,6.66,80.0,22.9,77.9,3.12,1.86,poor,clay loam,115.2,11.6,drip,river,309.3,vezir,other,1,15.7,468.4,51.9,21.4,0.0,0.0,0.0,0.0,6.123,0.35,1
1920,5.74,62.0,9.6,247.8,1.58,1.16,excellent,silty clay loam,553.1,21.5,flood,well,657.1,other,legume,0,22.2,404.4,64.3,18.3,3.0,0.0,1.373,0.0,12.277,0.334,1
1921,5.88,69.8,32.4,228.0,2.59,1.08,good,loam,413.8,10.1,flood,rain,269.4,vezir,fallow,1,15.1,342.1,40.0,14.0,1.0,0.0,0.0,0.0,18.222,0.496,1
1922,6.55,66.9,35.4,95.2,1.74,3.56,excellent,silt loam,239.8,19.1,sprinkler,well,290.0,narli,hemp,0,15.9,188.2,82.0,11.4,-1.0,0.0,0.0,0.0,18.231,0.428,1
1923,5.64,46.5,41.1,89.2,5.27,1.82,poor,silt loam,165.8,3.8,flood,well,197.3,vezir,legume,0,31.0,488.7,48.8,11.4,3.0,0.0,0.0,0.0,7.783,0.263,0
1924,6.37,24.5,24.4,261.1,4.3,1.45,excellent,sandy loam,566.9,1.6,none,river,194.1,other,fallow,0,24.9,601.3,81.9,12.9,1.0,0.0,0.0,0.0,0.0,0.692,1
1925,6.92,38.8,33.2,180.1,5.32,0.8,excellent,loam,112.3,2.4,flood,municipal,969.3,other,legume,0,17.4,403.7,70.3,18.1,3.0,0.0,0.0,0.0,10.479,0.619,1
1926,7.4,54.1,18.0,183.5,3.73,3.57,moderate,silt loam,98.2,14.3,none,municipal,224.9,other,fallow,0,32.1,309.6,44.4,14.3,1.0,0.0,0.0,0.0,0.0,0.183,0
1927,5.04,18.3,42.2,184.3,6.19,0.82,moderate,silt loam,469.6,18.3,drip,well,681.9,narli,other,0,28.6,262.5,53.8,13.1,0.0,0.0,0.0,0.0,12.937,0.162,0
1928,6.99,64.7,14.3,116.0,3.76,3.37,poor,clay loam,88.9,3.4,sprinkler,municipal,555.4,other,fallow,0,24.2,189.1,42.3,21.9,1.0,0.0,0.0,0.0,18.616,0.353,1
1929,5.87,55.5,14.5,68.2,3.11,2.37,poor,silt loam,103.1,20.0,sprinkler,well,117.2,other,hemp,0,23.6,203.4,55.3,22.0,-1.0,0.0,0.0,0.0,18.455,0.193,0
1930,5.83,78.3,35.8,162.7,3.14,0.56,moderate,loam,76.4,3.5,none,municipal,119.5,narli,legume,1,31.2,525.2,52.4,22.1,3.0,0.0,0.0,0.0,0.0,0.344,1
1931,7.39,78.1,38.2,80.0,4.81,1.15,good,silty clay loam,63.2,8.9,drip,river,135.7,other,legume,0,13.2,246.8,77.7,23.6,3.0,0.0,0.0,0.0,16.109,0.533,1
1932,7.8,63.4,15.6,226.0,1.48,0.7,moderate,loam,275.6,8.3,none,rain,747.3,other,other,0,26.3,230.0,84.8,18.1,0.0,0.0,0.0,0.0,0.0,0.399,1
1933,5.84,39.4,38.0,155.1,1.51,1.55,poor,loam,243.2,5.3,flood,river,919.7,narli,hemp,1,34.4,368.5,57.6,15.4,-1.0,0.0,0.0,0.0,17.321,0.134,0
1934,5.22,34.8,24.3,62.6,5.43,3.98,good,loam,458.6,6.8,sprinkler,well,408.8,vezir,sunflower,0,12.0,294.5,57.5,10.7,0.5,0.0,0.0,0.0,12.326,0.361,1
1935,7.08,27.3,39.5,236.8,4.42,3.66,moderate,sandy loam,82.9,1.5,flood,rain,933.5,narli,fallow,0,13.0,196.0,73.6,18.9,1.0,0.0,0.0,0.0,28.345,0.429,1
1936,5.28,16.5,35.4,107.0,4.52,2.48,poor,silty clay loam,261.2,12.3,sprinkler,municipal,589.5,other,sunflower,0,34.6,472.4,82.5,16.0,0.5,0.0,0.0,0.0,6.468,0.07,0
1937,7.28,46.4,12.9,221.4,6.07,2.56,poor,silt loam,143.5,11.9,none,municipal,455.9,vezir,fallow,0,31.9,414.0,38.1,19.7,1.0,0.0,0.0,0.0,0.0,0.151,0
1938,7.41,75.2,36.2,111.2,5.18,0.52,poor,silty clay loam,517.9,21.2,flood,municipal,137.0,other,cereal,0,31.1,551.7,55.6,11.0,0.0,0.0,0.0,0.0,3.089,0.127,0
1939,5.32,72.0,34.8,220.2,4.42,3.19,excellent,loam,204.5,17.7,none,municipal,508.6,vezir,cereal,0,9.1,509.2,53.8,13.1,0.0,0.0,0.0,0.0,0.0,0.229,0
1940,7.37,22.0,43.4,94.7,4.1,3.88,good,sandy loam,401.5,5.0,none,municipal,593.0,narli,hemp,0,27.4,226.8,71.5,20.8,-1.0,0.0,0.0,0.0,0.0,0.459,1
1941,7.65,63.8,43.1,166.6,4.41,0.5,good,clay loam,503.4,13.2,none,rain,883.7,narli,hemp,1,25.2,637.4,75.1,21.1,-1.0,0.0,0.0,0.0,0.0,0.438,1
1942,5.14,17.8,43.9,200.2,6.02,3.28,excellent,silt loam,49.9,13.3,none,well,88.0,narli,cereal,1,26.2,541.2,54.1,22.1,0.0,0.0,0.0,0.0,0.0,0.414,1
1943,5.12,47.5,38.7,82.1,6.06,3.03,moderate,sandy loam,118.2,9.0,sprinkler,well,364.1,other,legume,1,34.1,188.3,80.7,17.6,3.0,0.0,0.0,0.0,20.315,0.154,0
1944,6.76,15.3,22.1,161.9,4.39,3.61,poor,sandy loam,506.5,2.9,flood,well,108.1,vezir,cereal,0,23.1,521.8,53.1,17.9,0.0,0.0,0.0,0.0,5.198,0.329,1
1945,5.36,44.0,12.0,257.6,3.67,3.48,moderate,silt loam,166.8,7.0,none,municipal,373.0,narli,other,1,27.9,600.5,39.2,17.3,0.0,0.0,0.334,0.0,0.0,0.468,1
1946,6.91,18.3,33.7,268.5,4.4,3.89,poor,loam,190.8,21.3,sprinkler,rain,252.5,vezir,cereal,1,25.8,464.7,49.4,16.2,0.0,0.0,0.0,0.0,6.415,0.229,0
1947,7.07,55.0,31.6,63.2,1.58,2.14,excellent,clay loam,502.4,17.4,none,municipal,351.8,narli,cereal,0,21.2,155.4,80.6,18.6,0.0,0.0,0.0,0.0,0.0,0.491,1
1948,5.09,52.6,22.3,146.1,3.47,3.36,moderate,silty clay loam,239.4,14.1,none,municipal,931.9,other,legume,0,25.2,278.5,70.7,11.7,3.0,0.0,0.0,0.0,0.0,0.335,0
1949,6.91,70.2,35.1,260.0,2.89,1.9,poor,loam,419.0,19.9,none,well,392.1,vezir,cereal,0,28.2,255.9,77.1,17.3,0.0,0.0,0.0,0.0,0.0,0.226,0
1950,5.52,45.4,22.0,271.4,2.41,2.96,good,loam,309.8,7.1,flood,rain,763.7,vezir,other,1,9.6,596.1,36.5,10.4,0.0,0.0,0.0,0.0,0.293,0.37,1
1951,6.69,38.3,41.9,181.9,4.04,3.93,moderate,loam,588.5,7.1,flood,river,255.8,vezir,hemp,0,12.4,216.3,73.1,18.4,-1.0,0.0,0.0,0.0,24.173,0.484,1
1952,6.11,54.3,31.5,206.2,6.35,3.91,poor,sandy loam,137.1,17.9,none,rain,99.1,other,legume,0,26.1,390.9,35.4,22.8,3.0,0.0,0.0,0.0,0.0,0.171,0
1953,7.51,28.8,21.1,194.1,1.88,0.39,good,silty clay loam,288.3,16.0,none,municipal,62.2,narli,hemp,1,24.2,590.2,53.2,15.2,-1.0,0.0,0.0,0.0,0.0,0.313,1
1954,5.36,67.2,10.4,204.2,4.32,3.33,poor,sandy loam,393.8,18.9,flood,river,36.3,narli,hemp,0,11.7,157.1,53.8,15.6,-1.0,0.0,1.024,0.0,31.212,0.164,0
1955,5.52,71.1,42.6,251.7,5.45,1.73,moderate,sandy loam,70.9,5.8,drip,rain,386.9,other,fallow,0,31.8,387.9,38.9,11.5,1.0,0.0,0.0,0.0,7.13,0.28,0
1956,5.4,29.3,37.4,207.5,5.4,2.95,poor,silt loam,565.5,11.4,sprinkler,well,466.1,vezir,other,0,26.6,513.1,76.7,22.7,0.0,0.0,0.0,0.0,4.641,0.245,0
1957,5.88,72.0,12.9,171.8,4.24,3.22,moderate,silt loam,213.6,13.6,sprinkler,river,1019.8,vezir,sunflower,1,16.0,514.0,81.9,12.1,0.5,0.0,0.0,0.0,3.762,0.338,1
1958,5.36,64.5,39.0,158.0,2.77,1.19,moderate,silty clay loam,448.6,14.5,flood,rain,779.7,other,hemp,1,11.5,522.0,64.7,21.9,-1.0,0.0,0.0,0.0,4.166,0.224,0
1959,7.24,55.9,12.7,136.2,2.93,0.86,good,loam,522.5,8.4,sprinkler,rain,930.1,vezir,other,0,10.8,558.6,42.9,15.1,0.0,0.0,0.046,0.0,2.128,0.451,1
1960,5.28,67.9,10.3,137.2,3.7,2.7,good,silty clay loam,133.7,3.6,flood,river,154.3,narli,sunflower,0,16.3,260.1,59.8,17.7,0.5,0.0,1.061,0.0,28.825,0.542,1
1961,7.69,58.5,33.2,78.4,1.31,1.46,good,silty clay loam,540.0,17.2,sprinkler,municipal,487.9,other,hemp,1,19.5,290.3,68.7,12.8,-1.0,0.0,0.0,0.0,16.101,0.353,1
1962,6.85,75.7,23.6,177.4,4.97,1.96,good,loam,406.7,10.7,flood,well,359.7,vezir,other,0,11.7,496.5,57.0,23.2,0.0,0.0,0.0,0.0,7.708,0.568,1
1963,5.39,62.6,19.6,248.2,3.18,1.39,good,silt loam,65.7,6.6,sprinkler,river,127.3,narli,legume,1,28.4,503.8,50.9,23.5,3.0,0.0,0.0,0.0,5.02,0.526,1
1964,6.18,60.1,37.0,217.5,5.13,1.69,moderate,loam,417.1,16.4,flood,river,176.2,other,legume,0,17.6,196.6,69.8,10.9,3.0,0.0,0.0,0.0,24.352,0.275,1
1965,5.87,33.8,19.9,119.6,6.08,0.88,poor,clay loam,394.5,17.3,none,rain,526.4,vezir,legume,0,15.9,360.1,77.0,21.6,3.0,0.0,0.0,0.0,0.0,0.24,0
1966,5.6,26.4,21.6,249.1,6.23,1.04,excellent,loam,43.1,10.3,flood,rain,762.5,vezir,hemp,0,20.2,179.2,76.4,22.1,-1.0,0.0,0.0,0.0,30.738,0.61,1
1967,7.02,16.3,42.7,216.6,3.35,3.8,excellent,silty clay loam,377.4,8.5,sprinkler,river,436.3,vezir,hemp,1,10.9,504.6,38.2,19.4,-1.0,0.0,0.0,0.0,4.549,0.579,1
1968,6.56,48.5,15.8,188.3,5.25,0.3,poor,sandy loam,340.3,15.3,drip,rain,134.1,other,cereal,0,22.9,446.2,70.5,18.1,0.0,0.0,0.0,0.0,6.1,0.222,0
1969,7.52,21.9,30.6,165.1,4.32,0.48,good,sandy loam,76.4,11.8,drip,rain,816.0,vezir,hemp,0,10.8,166.0,61.0,20.0,-1.0,0.0,0.0,0.0,19.399,0.378,1
1970,5.92,65.9,20.4,210.9,4.38,0.76,poor,clay loam,525.9,7.7,drip,rain,1044.0,narli,legume,1,30.8,533.9,58.0,14.1,3.0,0.0,0.0,0.0,3.313,0.252,0
1971,6.28,26.9,37.7,135.4,2.36,2.02,good,sandy loam,73.8,11.7,sprinkler,municipal,492.3,vezir,other,0,11.0,257.2,40.5,12.4,0.0,0.0,0.0,0.0,15.423,0.414,1
1972,5.52,21.0,35.3,267.9,2.58,1.01,good,sandy loam,128.9,6.6,drip,rain,356.1,other,hemp,0,34.0,370.5,57.3,19.0,-1.0,0.0,0.0,0.0,10.25,0.246,0
1973,7.67,79.6,16.1,275.7,4.63,0.51,moderate,silt loam,545.2,11.5,none,rain,321.9,narli,sunflower,1,28.8,320.2,45.4,20.7,0.5,0.0,0.0,0.0,0.0,0.283,1
1974,7.08,55.3,42.0,211.7,2.21,2.01,good,silt loam,298.0,11.1,sprinkler,municipal,113.7,vezir,other,1,29.6,567.9,81.1,20.9,0.0,0.0,0.0,0.0,1.628,0.457,1
1975,5.41,62.5,44.2,196.6,3.45,3.37,good,clay loam,463.4,20.9,drip,rain,903.4,other,legume,0,32.1,266.5,83.9,16.2,3.0,0.0,0.0,0.0,13.662,0.183,0
1976,7.59,73.2,33.3,115.4,4.22,3.62,poor,silty clay loam,127.9,15.6,drip,river,745.0,vezir,legume,0,14.6,518.5,60.6,16.7,3.0,0.0,0.0,0.0,3.443,0.239,0
1977,7.75,28.7,32.6,156.2,3.17,3.61,good,sandy loam,508.7,11.3,flood,rain,569.5,other,hemp,0,25.3,383.5,62.5,23.8,-1.0,0.0,0.0,0.0,14.278,0.36,1
1978,7.2,38.1,33.9,165.0,1.54,3.51,poor,clay loam,552.1,13.4,flood,rain,92.4,other,legume,0,23.9,603.9,43.8,13.2,3.0,0.0,0.0,0.0,0.0,0.215,0
1979,7.34,74.3,43.1,227.6,4.69,3.85,excellent,silty clay loam,516.9,12.2,flood,river,39.2,narli,cereal,0,33.4,315.5,67.1,23.9,0.0,0.0,0.0,0.0,19.334,0.275,0
1980,7.26,17.6,24.4,149.5,5.64,3.99,moderate,loam,215.6,18.5,flood,municipal,534.5,narli,cereal,0,25.0,434.9,78.1,11.0,0.0,0.0,0.0,0.0,11.004,0.247,1
1981,6.77,18.5,36.6,105.3,6.26,2.22,excellent,sandy loam,103.2,16.6,none,rain,550.2,narli,legume,0,33.4,248.1,50.0,14.5,3.0,0.0,0.0,0.0,0.0,0.149,0
1982,5.36,63.2,42.6,261.5,4.45,2.77,good,silty clay loam,497.4,14.3,flood,river,1078.2,narli,cereal,0,32.6,165.9,73.3,18.1,0.0,0.0,0.0,0.0,23.742,0.205,0
1983,6.35,29.0,34.5,100.3,2.34,2.01,moderate,loam,65.0,6.9,sprinkler,municipal,87.6,other,hemp,1,21.8,599.3,78.6,15.5,-1.0,0.0,0.0,0.0,0.034,0.429,1
1984,7.56,57.9,35.1,268.5,5.0,3.85,moderate,sandy loam,40.3,2.7,sprinkler,rain,983.7,other,cereal,1,17.2,193.4,59.0,14.7,0.0,0.0,0.0,0.0,17.676,0.435,1
1985,7.06,58.1,34.9,120.4,3.14,0.41,excellent,silt loam,73.4,9.0,sprinkler,rain,119.3,vezir,hemp,1,19.5,613.0,61.6,19.6,-1.0,0.0,0.0,0.0,0.0,0.493,1
1986,5.64,48.2,33.8,158.7,1.53,3.55,excellent,sandy loam,123.2,12.9,sprinkler,well,552.1,other,other,0,26.0,526.1,59.5,10.2,0.0,0.0,0.0,0.0,3.378,0.479,1
1987,6.01,43.8,44.6,123.8,2.08,2.83,poor,loam,371.7,11.2,drip,rain,1086.6,vezir,hemp,0,17.2,432.0,71.9,11.2,-1.0,0.0,0.0,0.0,5.904,0.296,1
1988,7.5,54.1,26.9,213.3,4.31,0.85,moderate,sandy loam,141.5,13.0,sprinkler,rain,617.1,vezir,fallow,0,25.5,253.5,53.4,23.6,1.0,0.0,0.0,0.0,19.088,0.323,1
1989,7.69,72.6,15.9,187.6,2.43,3.82,good,loam,30.5,11.4,sprinkler,river,182.1,vezir,hemp,1,15.0,219.1,56.1,14.3,-1.0,0.0,0.0,0.0,18.295,0.441,1
1990,5.84,73.9,21.7,222.6,4.54,1.01,good,silty clay loam,107.4,21.1,none,river,177.1,other,sunflower,0,19.6,250.7,62.8,21.3,0.5,0.0,0.0,0.0,0.0,0.372,1
1991,7.32,61.5,33.0,154.3,1.62,1.89,moderate,silty clay loam,369.7,8.9,none,river,730.7,other,cereal,0,24.5,251.5,60.3,20.1,0.0,0.0,0.0,0.0,0.0,0.419,1
1992,7.16,40.9,29.5,176.5,2.9,0.58,excellent,loam,343.2,16.0,drip,rain,396.5,other,cereal,1,9.0,554.1,66.7,21.7,0.0,0.0,0.0,0.0,1.853,0.265,0
1993,5.34,54.2,8.9,267.2,2.41,3.67,excellent,sandy loam,406.8,20.5,flood,river,661.8,other,other,1,22.6,381.8,84.9,12.2,0.0,0.0,1.461,0.0,11.772,0.283,0
1994,6.35,43.6,35.4,157.7,5.26,3.43,excellent,loam,426.7,10.9,drip,well,407.6,other,hemp,1,19.6,624.8,63.7,18.0,-1.0,0.0,0.0,0.0,0.0,0.553,1
1995,5.77,40.2,10.0,111.8,1.83,3.94,excellent,clay loam,128.9,8.0,flood,well,683.2,vezir,hemp,1,11.8,300.6,55.0,23.2,-1.0,0.0,1.155,0.0,16.532,0.531,1
1996,6.8,37.6,36.3,237.8,4.63,2.14,poor,sandy loam,289.7,12.4,flood,river,568.8,other,other,1,28.9,546.0,36.4,18.7,0.0,0.0,0.0,0.0,3.909,0.232,0
1997,7.09,32.4,37.5,277.6,4.8,3.73,poor,silt loam,377.5,7.2,none,river,392.3,other,hemp,1,14.1,293.5,74.7,13.3,-1.0,0.0,0.0,0.0,0.0,0.306,1
1998,5.18,47.5,42.0,193.1,3.45,0.66,moderate,loam,424.6,7.1,none,well,836.7,vezir,cereal,1,8.9,223.9,35.6,16.4,0.0,0.0,0.0,0.0,0.0,0.262,0
1999,6.83,64.7,33.6,212.6,2.34,2.2,poor,silt loam,82.8,8.2,none,well,146.4,vezir,fallow,0,9.9,530.8,79.3,17.0,1.0,0.0,0.0,0.0,0.0,0.28,0
